id_cliente,cliente,genero,idade,contato,fonte,produto_interesse,forma_pagamento,entrada_pct,fez_test_drive,data_interesse,etapa,motivo_insucesso,temperatura,data_ultimo_contato
CLI000001,Luana Dias Araújo,Feminino,58,9988-7766,Site,Polo,Financiamento,30,Sim,31/01/2024,Negociação,,Quente,26/02/2024
CLI000002,Fernando Castro Alves,Masculino,52,(31) 94906-4118,Google Ads,Tiguan Allspace,Financiamento,50,Não,20/01/2024,Interesse Futuro,,Morno,19/02/2024
CLI000003,Sofia Rezende Dias,Feminino,56,(31) 92658-3167,Site,Polo,Financiamento,25,Sim,03/01/2024,Negociação,Financeiro,Morno,31/01/2024
CLI000004,Carlos Carvalho,Masculino,47,(48) 96374-9945, Site  ,T-Cross,Financiamento,35,Não,03/01/2024,Primeiro Contato,,Morno,05/01/2024
CLI000005,Gabriel Teixeira Martins,Masculino,63,(21) 95468-2037,Google Ads,Polo,Financiamento,25,Sim,04/01/2024,Negociação,,Frio,17/01/2024
CLI000006,Helena Gonçalves Soares,Feminino,43,(71) 95267-2114,Google Ads,Tiguan Allspace,Financiamento,10,Não,31/01/2024,Negociação,,Quente,05/02/2024
CLI000007,Pedro Moraes,Masculino,54,(24) 96312-5785,Loja Física,Taos,Financiamento,25,Não,02/01/2024,Negociação,,Quente,06/01/2024
CLI000008,Guilherme Santana,Masculino,34,(11) 97786-4298,WhatsApp,Taos,À Vista,,Sim,02/01/2024,Interesse Futuro,,Frio,17/02/2024
CLI000009,Murilo Silva Pereira,Masculino,32,(11) 96554-7870,Instagram,T-Cross,Financiamento,20,Sim,23/01/2024,Negociação,,Quente,14/02/2024
CLI000010,Vitor Rocha,Masculino,45,(71) 91345-6950,Loja Física,Nivus,Financiamento,30,Sim,02/01/2024,PRIMEIRO CONTATO ,,Frio,03/01/2024
CLI000011,Isabela Batista Cardoso,Feminino,30,(11) 92672-7531,OLX,Amarok,Financiamento,40,Não,26/01/2024,Primeiro Contato,,Morno,26/01/2024
CLI000012,Paulo Barros Ferreira,Masculino,39,(24) 92823-5624,Instagram,T-Cross,À Vista,,Sim,20/01/2024,Agendamento,,Frio,03/02/2024
CLI000013,Marcos Freitas,Masculino,33,1198877-66,Site,Virtus,Financiamento,20,Não,03/01/2024,Primeiro Contato,,Morno,07/01/2024
CLI000014,Gabriela Santana,Feminino,48,(32) 98575-1105,Site,Saveiro,Financiamento,40,Não,2024-01-24,Sucesso,,Quente,2024-02-24
CLI000015,Daniel Oliveira,,45,(51) 94590-2513,Loja Física,Saveiro,Financiamento,20,Não,18/01/2024,Primeiro Contato,,Frio,21/01/2024
CLI000016,Marcos Nascimento,Masculino,46,(12) 93381-5835,Instagram,Saveiro,Financiamento,25,Não,05/01/2024,Primeiro Contato,,Frio,07/01/2024
CLI000017,João Moreira Nunes,Masculino,61,(62) 95141-8270,Google Ads,Tiguan Allspace,Financiamento,35,Não,2024-01-07,Primeiro Contato,,Frio,2024-01-07
CLI000237,Diego Gonçalves,Masculino,55,(51) 97180-9053,Facebook Ads,Saveiro,À Vista,,Sim,10/01/2024,Agendamento,,Frio,23/01/2024
CLI000019,Mariana Ramos Almeida,Feminino,33,(81) 95321-7039,Google Ads,T-Cross,Financiamento,30,Sim,21/01/2024,Sucesso,,Morno,09/02/2024
CLI000020,Paulo Souza,Masculino,51,(17) 98925-6818,Instagram,Nivus,Financiamento,20,Sim,11/01/2024,Primeiro Contato,,Frio,12/01/2024
CLI000021,Mateus Moreira,Masculino,50,(16) 91561-8590,Instagram,Polo,À Vista,,Sim,22/01/2024,Negociação,,Quente,06/02/2024
CLI000022,Laura Nascimento,Feminino,37,(51) 94593-6090,Instagram,T-Cross,Financiamento,25,Sim,20/01/2024,Insucesso,Comprou em Outra Concessionária,Morno,16/02/2024
CLI000023,Eduardo Lima,Masculino,54,(12) 99420-1690,Site,Virtus,Financiamento,20,Não,01/01/2024,Primeiro Contato,,Frio,03/01/2024
CLI000024,Larissa Ferreira Silva,Feminino,58,(85) 96151-8125,WhatsApp,Nivus,À Vista,,Sim,04/01/2024,Sucesso,,Quente,15/01/2024
CLI000025,Rafaela Rocha,Feminino,32,(19) 95743-9606,Site,Polo,Financiamento,10,Não,29/01/2024,interesse futuro,,Morno,06/03/2024
CLI000026,Júlia Araújo,Feminino,47,(11) 98A77-6655,Facebook Ads,Virtus,Financiamento,25,Sim,15/01/2024,Sucesso,,Quente,02/02/2024
CLI002196,Larissa Lima,Feminino,39,(71) 96918-1812,Loja Física,T-Cross,Financiamento,20,Não,15/01/2024,Primeiro Contato,,Morno,20/01/2024
CLI000028,Sofia Rezende,Feminino,,(51) 96836-1967,Facebook Ads,Polo,Financiamento,20,Sim,03/01/2024,Sucesso,,Quente,28/01/2024
CLI000029,Henrique Andrade,Masculino,15,(71) 99092-7633,WhatsApp,T-Cross,Financiamento,25,Não,08/01/2024,Insucesso,Crédito Negado,Morno,18/02/2024
CLI000030,Lucas Almeida Ramos,Masculino,51,(27) 99437-9071,Instagram,Nivus,Financiamento,30,Não,09/01/2024,Primeiro Contato,,Morno,16/01/2024
CLI000031,Luana Nunes,Feminino,68,(13) 92768-6361,Google Ads,Saveiro,Financiamento,25,Não,19/01/2024,Primeiro Contato,,Morno,24/01/2024
CLI000032,Rafaela Castro,Feminino,47,(17) 95199-2420,WhatsApp,Saveiro,Financiamento,10,Sim,25/01/2024,Agendamento,,Morno,27/01/2024
CLI000033,Rafael Nunes Andrade,Masculino,44,(11) 96468-4656,Indicação,T-Cross,À Vista,,Não,26/01/2024,Primeiro Contato,,Frio,30/01/2024
CLI000034,Thiago Carvalho,Masculino,52,(13) 93464-1265,Loja Física,Amarok,Financiamento,30,Não,01/01/2024,Primeiro Contato,,Frio,01/01/2024
CLI000035,Beatriz Freitas Barros,Feminino,27,(15) 92330-9941,Instagram,T-Cross,Financiamento,20,Não,01/01/2024,Agendamento,,Frio,15/01/2024
CLI000036,Felipe Araújo Barbosa,Masculino,42,(21) 96850-1644,Google Ads,T-Cross,À Vista,,Não,22/01/2024,Primeiro Contato,,Frio,27/01/2024
CLI000037,Bianca Andrade Nascimento,Feminino,62,(13) 96720-1648,Instagram,T-Cross,À Vista,,Sim,26/01/2024,Negociação,,Quente,05/02/2024
CLI000038,Caio Mendes Andrade,Masculino,64,(21) 95594-8918,WhatsApp,T-Cross,À Vista,,Sim,31/01/2024,Agendamento,,Quente,08/02/2024
CLI001304,Vinícius Costa,Masculino,37,(21) 95817-0253,Instagram,Nivus,Financiamento,20,Sim,17/03/2025,Sucesso,,Quente,10/04/2025
CLI000039,Camila Santos,Feminino,27,(51) 95506-8272,Instagram,Polo,À Vista,,Não,15/01/2024,Interesse Futuro,,Morno,10/02/2024
CLI000040,Ana Moreira,Feminino,40,(11) 92550-8773,WhatsApp,Polo,Financiamento,30,Sim,06/01/2024,Negociação,,Quente,15/01/2024
CLI000041,Lucas Rodrigues,Masculino,50,(31) 93778-4929,Loja Física,Virtus,Financiamento,20,Sim,04/01/2024,Sucesso,,Quente,01/02/2024
CLI000042,Rodrigo Teixeira,Masculino,64,(11) 98965-0450,Google Ads,Polo,À Vista,,Sim,10/01/2024,Sucesso,,Quente,22/12/2023
CLI000043,Caio Gonçalves Rezende,Masculino,38,(32) 98380-1680,Facebook Ads,Nivus,Financiamento,25,Sim,07/01/2024,Negociação,,Morno,27/01/2024
CLI000044,Fernanda Ramos Gonçalves,Feminino,26,(85) 99130-3124,Site,T-Cross,Financiamento,40,Não,16/01/2024,Agendamento,,Morno,20/01/2024
CLI000045,Eduardo Ferreira Teixeira,Masculino,33,(19) 93254-8075,WhatsApp,Nivus,Financiamento,30,Não,10/01/2024,Agendamento,,Morno,22/01/2024
CLI000046,Júlia Souza,Feminino,25,(16) 93102-1236,Google Ads,Taos,Financiamento,25,Sim,01/01/2024,Negociação,,Quente,07/01/2024
CLI000047,Bruna Santana,Feminino,31,(21) 91571-0950,Indicação,Amarok,Financiamento,20,Não,11/01/2024,Insucesso,Crédito Negado,Frio,26/01/2024
CLI000048,Carlos Lopes,Masculino,64,(24) 96417-7119,OLX,T-Cross,À Vista,,Não,07/01/2024,Primeiro Contato,,Morno,13/01/2024
CLI000049,Leonardo Freitas Ramos,Masculino,73,(19) 94339-6075,Facebook Ads,Saveiro,À Vista,,Sim,11/01/2024,Insucesso,Comprou no Particular,Frio,25/01/2024
CLI000050,Mateus Dias,Masculino,50,(24) 91385-9225,Instagram,Polo,Financiamento,10,Não,12/01/2024,Negociação,,Morno,22/01/2024
CLI000051,Gabriel Duarte Martins,Masculino,36,(16) 95685-9732,Instagram,T-Cross,Financiamento,35,Sim,30/01/2024,Sucesso,,Quente,14/02/2024
CLI000052,Caio Oliveira,Masculino,49,(32) 91930-4498,WhatsApp,Saveiro,Financiamento,25,Não,29/01/2024,Primeiro Contato,,Frio,03/02/2024
CLI000053,Diego Araújo,Masculino,49,(11) 98206-4490,Instagram,Virtus,Financiamento,50,Sim,19/01/2024,Agendamento,,Quente,20/01/2024
CLI000054,Henrique Rocha,Masculino,54,(41) 96841-2968,Instagram,Nivus,Financiamento,20,Não,31/01/2024,Primeiro Contato,,Morno,05/02/2024
CLI000055,Bruna Almeida,Feminino,63,(71) 99625-5347,Google Ads,Amarok,Financiamento,25,Sim,19/01/2024,Sucesso,,Quente,04/02/2024
CLI000056,Tatiane Lima,Feminino,37,(51) 92238-6000,WhatsApp,Polo,À Vista,,Sim,15/01/2024,Sucesso,,Morno,08/02/2024
CLI000057,Luana Silva Rodrigues,Feminino,71,(11) 93671-5168,Instagram,Virtus,Financiamento,25,Sim,17/01/2024,Agendamento,,Frio,19/01/2024
CLI000058,Gabriel Freitas,Masculino,39,(11) 97422-0499,Google Ads,Saveiro,À Vista,,Não,11/01/2024,Interesse Futuro,,Morno,14/04/2024
CLI000059,Vitória Batista,Feminino,35,(21) 99650-2846,WhatsApp,T-Cross,Financiamento,25,Sim,20/01/2024,Primeiro Contato,,Frio,21/01/2024
CLI000060,Vitória Ferreira Duarte,Feminino,36,(41) 99871-6523,Facebook Ads,Saveiro,Financiamento,40,Sim,05/01/2024,Insucesso,Financeiro,Frio,24/02/2024
CLI000061,Rafaela Oliveira Lopes,Feminino,48,(32) 98705-5510,Google Ads,Taos,Financiamento,25,Não,13/01/2024,Agendamento,,Frio,15/01/2024
CLI000062,Júlia Moreira,Feminino,22,(81) 95628-3414,Loja Física,Polo,Financiamento,40,Sim,21/01/2024,Sucesso,,Quente,19/02/2024
CLI000063,Henrique Silva,Masculino,41,(85) 96567-6989,Instagram,Saveiro,À Vista,,Sim,20/02/2024,Agendamento,,Morno,27/02/2024
CLI000064,André Barros Oliveira,Masculino,33,(81) 98373-0593,Loja Física,Amarok,Financiamento,25,Sim,13/02/2024,Agendamento,,Morno,25/02/2024
CLI000065,Sabrina Santana Pereira,Feminino,44,(31) 94551-9063,Site,Tiguan Allspace,Financiamento,20,Não,2024-02-24,Primeiro Contato,,Frio,2024-02-27
CLI000066,Rodrigo Castro Nascimento,Masculino,38,(31) 92260-8754,whatsapp,Polo,Financiamento,25,Não,09/02/2024,Primeiro Contato,,Quente,16/02/2024
CLI000067,Marcos Monteiro,Masculino,40,(71) 93333-6238,Loja Física,Polo,Financiamento,20,Não,12/02/2024,Agendamento,,Quente,15/02/2024
CLI000068,Rafael Monteiro,Masculino,46,(51) 99053-9437,WhatsApp,Saveiro,Financiamento,25,Não,10/02/2024,Interesse Futuro,,Morno,06/04/2024
CLI000069,Samuel Nunes,Masculino,58,(61) 92275-3669,WhatsApp,Virtus,Financiamento,25,Não,19/02/2024,Agendamento,,Quente,05/03/2024
CLI000070,Laura Castro Alves,Feminino,38,(85) 91699-3731,Site,Virtus,Financiamento,20,Não,13/02/2024,Insucesso,Financeiro,Frio,08/04/2024
CLI000071,Laura Santana,Feminino,32,(11) 97756-8126, Loja Física  ,Polo,Financiamento,40,Não,03/02/2024,Insucesso,Financeiro,Frio,22/02/2024
CLI000072,Tatiane Souza,Feminino,51,(11) 94102-4682,OLX,Taos,Financiamento,15,Não,18/02/2024,Interesse Futuro,,Morno,17/06/2024
CLI000073,Vitória Rocha,Feminino,30,(16) 93556-0798,Indicação,T-Cross,Financiamento,20,Sim,25/02/2024,Sucesso,,Quente,16/03/2024
CLI000074,Diego Rodrigues,Masculino,28,(62) 94501-2988,WhatsApp,Polo,À Vista,,Não,16/02/2024,Primeiro Contato,,Frio,16/02/2024
CLI000075,Júlia Silva Andrade,Feminino,58,(31) 91209-3582,Facebook Ads,Polo,À Vista,,Não,09/02/2024,Insucesso,Produto Indisponível,Frio,23/03/2024
CLI000076,Vanessa Gomes,Feminino,49,(71) 99239-2972,WhatsApp,Virtus,Financiamento,35,sim,19/02/2024,Sucesso,,Quente,25/02/2024
CLI000077,Luana Oliveira,Feminino,27,(71) 95114-4804,Site,Polo,Financiamento,25,Não,16/02/2024,Primeiro Contato,,Quente,08/02/2024
CLI000078,João Ferreira,Masculino,46,(85) 96051-9813,Google Ads,Virtus,À Vista,,Não,19/02/2024,Primeiro Contato,,Morno,20/02/2024
CLI000079,Isabela Silva Teixeira,Feminino,30,(15) 97449-8592,Instagram,T-Cross,Financiamento,25,Não,13/02/2024,Interesse Futuro,,Morno,03/03/2024
CLI000080,Caio Gomes Rezende,Masculino,27,(27) 99616-1373,Facebook Ads,T-Cross,Financiamento,10,Não,14/02/2024,Primeiro Contato,,Frio,17/02/2024
CLI000081,Clara Lima,Feminino,67,(11) 91610-5221,Site,T-Cross,Financiamento,40,Não,18/02/2024,Insucesso,Financeiro,Frio,09/04/2024
CLI000082,Eduardo Mendes Alves,Masculino,49,(41) 93827-5772,Indicação,Taos,Financiamento,40,Sim,11/02/2024,Sucesso,,Quente,19/03/2024
CLI000083,Mariana Teixeira,Feminino,47,(21) 93620-2693,Site,Saveiro,Financiamento,20,Sim,01/02/2024,Negociação,,Morno,26/02/2024
CLI000084,Rodrigo Lopes,Masculino,63,(17) 94841-5500,Instagram,Nivus,Financiamento,20,Sim,16/02/2024,Sucesso,,Quente,19/02/2024
CLI000085,Samuel Andrade,Masculino,22,(21) 91888-8705,Site,Polo,Financiamento,25,Não,09/02/2024,Negociação,,Morno,17/02/2024
CLI000086,Eduardo Lopes,Masculino,40,(11) 94545-9258,Instagram,Polo,Financiamento,30,Sim,22/02/2024,Insucesso,Comprou em Outra Concessionária,Morno,09/03/2024
CLI000087,Renan Andrade Batista,Masculino,35,(15) 95937-4431,Facebook Ads,Polo,À Vista,,Sim,09/02/2024,Negociação,,Quente,09/03/2024
CLI000088,Caio Rezende,Masculino,68,(16) 97964-7520,Indicação,Virtus,Financiamento,40,Não,18/02/2024,Primeiro Contato,,Quente,23/02/2024
CLI000089,Marcelo Almeida Araújo,Masculino,34,1198877-66,Google Ads,T-Cross,Financiamento,20,Sim,11/02/2024,Negociação,,Quente,27/02/2024
CLI000090,Marcelo Andrade Moraes,Masculino,28,(11) 98486-1961,Site,Taos,Financiamento,35,Não,17/02/2024,Sucesso,,Quente,12/03/2024
CLI000091,Larissa Carvalho Martins,Feminino,47,(11) 93610-5444,Site,Nivus,Financiamento,25,Sim,24/02/2024,Negociação,,Quente,01/03/2024
CLI000092,Murilo Ramos,Masculino,29,(16) 99736-3024,Indicação,Virtus,Financiamento,30,Não,01/02/2024,Agendamento,,Morno,15/02/2024
CLI000093,Eduarda Moreira,Feminino,49,(41) 93573-5139,Loja Física,Virtus,Financiamento,20,Sim,06/02/2024,Negociação,,Morno,27/02/2024
CLI000094,André Rezende Cardoso,Masculino,48,(41) 97830-2865,Facebook Ads,Nivus,Financiamento,50,Sim,08/02/2024,Negociação,,Quente,15/02/2024
CLI000095,Bruno Andrade,Masculino,32,(62) 94274-0982,Instagram,Amarok,À Vista,,Não,06/02/2024,Agendamento,,Morno,19/02/2024
CLI000096,Paulo Duarte Castro,Masculino,48,(17) 91845-0066,facebook ads,Polo,Financiamento,20,Não,28/02/2024,Insucesso,Comprou no Particular,Morno,27/03/2024
CLI000097,Júlia Rezende,Feminino,45,(17) 91661-4025,Site,T-Cross,À Vista,,Não,20/02/2024,Interesse Futuro,,Frio,16/04/2024
CLI000098,Sabrina Ferreira,Feminino,36,(31) 92983-5471,Google Ads,Nivus,Financiamento,25,Não,05/02/2024,Primeiro Contato,,Frio,08/02/2024
CLI000099,Marcos Alves,Masculino,21,(21) 93664-2259,WhatsApp,Nivus,À Vista,,Não,08/02/2024,Insucesso,Comprou no Particular,Frio,01/03/2024
CLI000100,Daniela Nunes,Feminino,59,(62) 93690-5542,Instagram,Polo,Financiamento,10,Não,16/02/2024,Negociação,,Quente,11/03/2024
CLI000101,Carolina Almeida,Feminino,54,(31) 96208-1280,Google Ads,Polo,À Vista,,Não,18/02/2024,Sucesso,,Morno,29/03/2024
CLI000102,Renan Mendes,Masculino,45,(27) 97324-1590,Google Ads,Saveiro,À Vista,,Sim,2024-02-11,Sucesso,,Quente,17/03/2024
CLI000103,Bruno Moreira,Masculino,32,(61) 94153-3292,Facebook Ads,Polo,À Vista,,Não,02/22/2024,Sucesso,,Quente,03/05/2024
CLI000104,Vanessa Nunes Andrade,Feminino,56,(48) 92889-2634,Site,T-Cross,À Vista,,Sim,22/02/2024,Agendamento,,Quente,28/02/2024
CLI000105,Marcelo Nascimento,Masculino,63,(48) 99514-4091,Instagram,Nivus,Financiamento,20,Sim,24/02/2024,Interesse Futuro,,Frio,08/05/2024
CLI000106,Vitória Oliveira Barros,Feminino,39,(21) 93481-4616,WHATSAPP,Polo,À Vista,,Sim,15/02/2024,Agendamento,,Morno,01/03/2024
CLI000107,Rodrigo Gomes,Masculino,40,(47) 98931-6535,Indicação,Amarok,Financiamento,15,Não,13/02/2024,Primeiro Contato,,Morno,13/02/2024
CLI000108,Mariana Oliveira,Feminino,32,(12) 91985-9150,WhatsApp,Polo,Financiamento,10,Sim,15/02/2024,Sucesso,,Quente,26/03/2024
CLI000109,Gustavo Monteiro,Masculino,17,(31) 96455-8473,Instagram,Polo,Financiamento,35,Não,09/02/2024,Primeiro Contato,,Frio,15/02/2024
CLI000110,Natália Nunes,Feminino,32,(61) 95754-0897,Site,Amarok,Financiamento,35,Não,06/02/2024,Primeiro Contato,,Frio,07/02/2024
CLI000111,Vitor Batista Gonçalves,Masculino,32,(11) 97347-3170,Instagram,T-Cross,Financiamento,25,Não,08/02/2024,Interesse Futuro,,Morno,11/05/2024
CLI000112,Helena Nascimento,Feminino,46,(12) 97391-5718,WhatsApp,Nivus,À Vista,,Não,13/02/2024,Primeiro Contato,,Quente,16/02/2024
CLI000113,Lucas Lima,Masculino,30,(51) 99156-2546,Instagram,Polo,Financiamento,25,Não,03/02/2024,Agendamento,,Quente,30/01/2024
CLI000114,Sofia Ferreira Cardoso,Feminino,53,(41) 99658-3321,Instagram,Saveiro,À Vista,,Sim,20/02/2024,Agendamento,,Morno,21/02/2024
CLI000115,Guilherme Oliveira Silva,,39,(71) 93724-7085,Facebook Ads,Taos,À Vista,,Não,20/02/2024,Primeiro Contato,,Quente,22/02/2024
CLI000116,Tatiane Dias,Feminino,37,(31) 99957-5124,Loja Física,Taos,Financiamento,15,Não,14/02/2024,Negociação,,Quente,11/03/2024
CLI000117,Henrique Martins,Masculino,38,(61) 95797-4895,WhatsApp,Virtus,Financiamento,20,Sim,01/02/2024,Negociação,,Quente,26/02/2024
CLI000118,Samuel Teixeira,Masculino,33,1198877-66,Google Ads,Polo,Financiamento,25,Não,25/02/2024,Primeiro Contato,,Quente,29/02/2024
CLI000119,Tatiane Andrade,Feminino,42,(85) 98510-0034,Instagram,Polo,Financiamento,35,Não,27/02/2024,Primeiro Contato,,Quente,05/03/2024
CLI000120,André Rezende,Masculino,38,(61) 95473-5288,Instagram,Nivus,Financiamento,,Não,21/02/2024,Agendamento,,Frio,27/02/2024
CLI000121,Bruna Costa,Feminino,29,(12) 94681-8475,WhatsApp,Amarok,Financiamento,25,Sim,28/02/2024,Sucesso,,Quente,29/03/2024
CLI000122,Guilherme Alves,Masculino,63,(47) 94899-9759,Site,T-Cross,Financiamento,20,Não,10/02/2024,Primeiro Contato,,Morno,12/02/2024
CLI000123,Bruna Barbosa Soares,Feminino,54,(31) 95901-2684, Site  ,Saveiro,Financiamento,50,Sim,23/02/2024,Agendamento,,Morno,09/03/2024
CLI000124,Gabriela Andrade,Feminino,26,(32) 94421-4532,Site,Tiguan Allspace,Financiamento,20,Sim,25/02/2024,Insucesso,Comprou no Particular,Quente,03/03/2024
CLI000125,Renan Santana,Masculino,46,(27) 91778-5904,Instagram,T-Cross,Financiamento,20,Sim,13/02/2024,Negociação,,Quente,12/03/2024
CLI000126,Rafael Rodrigues Melo,Masculino,46,(11) 99991-8730,Google Ads,Nivus,Financiamento,25,Não,23/02/2024,Primeiro Contato,,Morno,01/03/2024
CLI000127,Rafael Ribeiro,Masculino,53,(51) 91624-7390,Facebook Ads,Saveiro,À Vista,,Sim,07/02/2024,Sucesso,,Quente,04/03/2024
CLI000128,Rafaela Barbosa,Feminino,20,(11) 96500-8134,Indicação,Virtus,Financiamento,30,Sim,2024-02-01,Sucesso,,Morno,15/03/2024
CLI000129,Gabriel Nascimento,Masculino,25,(19) 99426-5770,Loja Física,Nivus,Financiamento,35,Sim,09/02/2024,Primeiro Contato,,Frio,16/02/2024
CLI000130,Caio Melo Ramos,masculino,31,(15) 93383-6707,Google Ads,Polo,Financiamento,15,Não,09/02/2024,Interesse Futuro,,Quente,26/03/2024
CLI000131,Beatriz Pereira,Feminino,103,(62) 95133-8380,Instagram,Polo,Financiamento,25,Não,11/02/2024,Negociação,,Quente,06/03/2024
CLI000132,Marcelo Castro Andrade,Masculino,30,(11) 98A77-6655,Instagram,Saveiro,Financiamento,30,Sim,07/02/2024,Sucesso,,Morno,19/02/2024
CLI000133,Vitor Melo,Masculino,46,(51) 98530-4480,Instagram,T-Cross,Financiamento,10,Não,12/02/2024,Negociação,,Morno,16/02/2024
CLI000134,Beatriz Ribeiro,Feminino,43,(13) 99691-6243,OLX,Virtus,Financiamento,25,Não,21/02/2024,Insucesso,Comprou no Particular,Morno,10/04/2024
CLI000135,Rodrigo Soares,Masculino,59,(51) 92262-7296,Site,Amarok,Financiamento,30,Sim,12/02/2024,Sucesso,,Quente,08/03/2024
CLI000136,Henrique Almeida,Masculino,45,(32) 92487-3578,WhatsApp,Virtus,Financiamento,25,Não,25/02/2024,Primeiro Contato,,Frio,01/03/2024
CLI000137,Vitória Nascimento,Feminino,37,(12) 94904-4479,Instagram,T-Cross,Financiamento,25,Sim,02/09/2024,Primeiro Contato,,Frio,09/02/2024
CLI000138,Leonardo Martins,Masculino,31,(12) 92167-0894,Google Ads,T-Cross,Financiamento,20,Não,17/02/2024,Negociação,,Quente,06/03/2024
CLI000139,Renata Barbosa Soares,Feminino,31,(32) 96186-9954,WhatsApp,Nivus,Financiamento,10,Sim,12/02/2024,Insucesso,Comprou no Particular,Frio,08/03/2024
CLI000140,Sabrina Alves Batista,Feminino,37,(47) 94064-7696,Google Ads,Nivus,Financiamento,25,Sim,29/02/2024,Insucesso,Produto Indisponível,Morno,17/04/2024
CLI000141,Júlia Santana,Feminino,44,(61) 91054-1786,Site,Nivus,Financiamento,10,Não,27/02/2024,Agendamento,,Morno,04/03/2024
CLI000142,Lucas Alves Castro,Masculino,28,(15) 94976-3904,Loja Física,Nivus,Financiamento,15,Não,19/03/2024,Sucesso,,Quente,30/04/2024
CLI000143,Ricardo Almeida,Masculino,60,(21) 91440-1949,WhatsApp,Amarok,Financiamento,30,Não,17/03/2024,Negociação,,Quente,02/04/2024
CLI000144,Natália Gomes,Feminino,30,(17) 92385-1381,Instagram,Amarok,À Vista,,Não,04/03/2024,Insucesso,Produto Indisponível,Frio,11/03/2024
CLI000145,Eduardo Rezende,Masculino,63,(47) 97535-7373,WhatsApp,Tiguan Allspace,Financiamento,30,Não,27/03/2024,Agendamento,,Frio,29/03/2024
CLI000146,Laura Barros Santos,Feminino,38,(11) 97191-4587,olx,Polo,Financiamento,35,Não,22/03/2024,Agendamento,,Quente,04/04/2024
CLI000147,Sofia Costa,Feminino,64,(11) 95873-5788,Instagram,Saveiro,Financiamento,20,Não,08/03/2024,NEGOCIAÇÃO ,,Morno,20/03/2024
CLI000148,Caio Mendes Oliveira,Masculino,54,(24) 96676-2293,Google Ads,Virtus,À Vista,,Não,13/03/2024,Primeiro Contato,,Frio,14/03/2024
CLI000149,Murilo Rezende,Masculino,62,(15) 91812-2333,Instagram,T-Cross,Financiamento,35,Não,10/03/2024,Primeiro Contato,,Frio,14/03/2024
CLI000150,  Clara Ramos Melo ,Feminino,27,(21) 99919-2089,Google Ads,T-Cross,Financiamento,15,Sim,19/03/2024,Interesse Futuro,,Frio,11/06/2024
CLI000151,Felipe Teixeira,Masculino,70,(71) 97043-9870,Instagram,Virtus,À Vista,,Não,26/03/2024,Agendamento,,Quente,04/04/2024
CLI000152,Eduardo Dias,Masculino,45,(27) 95698-7438,Google Ads,Nivus,Financiamento,10,Não,28/03/2024,Insucesso,Contato Sem Sucesso,Morno,05/05/2024
CLI000153,Eduardo Batista,Masculino,19,(21) 98663-8175,Google Ads,T-Cross,Financiamento,20,Sim,06/03/2024,Negociação,,Quente,30/03/2024
CLI000154,Helena Costa,Feminino,37,(24) 93188-5339,GOOGLE ADS,Nivus,Financiamento,30,Sim,09/03/2024,Sucesso,,Morno,03/04/2024
CLI000155,João Lopes,Fem,38,(19) 91045-5879,Loja Física,Virtus,Financiamento,25,Não,04/03/2024,Insucesso,Comprou no Particular,Morno,10/03/2024
CLI000156,Júlia Rezende,Feminino,15,(81) 92659-6102,WhatsApp,T-Cross,Financiamento,20,Não,21/03/2024,Interesse Futuro,,Morno,10/07/2024
CLI000157,Felipe Nascimento,Masculino,68,(17) 94821-1418,WhatsApp,Polo,Financiamento,35,Não,29/03/2024,Primeiro Contato,,Frio,03/04/2024
CLI000158,Daniela Araújo,Feminino,37,(21) 94287-9145,OLX,Polo,À Vista,,Não,05/03/2024,Primeiro Contato,,Frio,10/03/2024
CLI000159,Lucas Nunes,Masculino,61,(27) 94999-5241,Site,T-Cross,À Vista,,Não,25/03/2024,Insucesso,Comprou em Outra Concessionária,Frio,30/03/2024
CLI000160,Renan Moreira,Masculino,16,(51) 99919-8071,Instagram,Amarok,Financiamento,20,Não,15/03/2024,Negociação,,Morno,01/04/2024
CLI000161,Samuel Gonçalves Moraes,Masculino,53,(12) 96530-0531,WhatsApp,Polo,Financiamento,20,Não,04/03/2024,Primeiro Contato,,Frio,10/03/2024
CLI000162,Natália Moreira Ramos,Feminino,47,(47) 97014-0549,WhatsApp,Nivus,Financiamento,20,Não,14/03/2024,Primeiro Contato,,Frio,16/03/2024
CLI000163,Bianca Nascimento,Feminino,39,(13) 99159-1259,Indicação,Tiguan Allspace,Financiamento,25,Sim,24/03/2024,Sucesso,,Quente,28/03/2024
CLI000164,Felipe Dias Carvalho,Masculino,61,(81) 99407-0694,WhatsApp,T-Cross,Financiamento,15,Não,23/03/2024,Primeiro Contato,,Morno,25/03/2024
CLI000165,Carlos Souza,Masculino,35,9988-7766,Google Ads,Saveiro,À Vista,,Sim,09/03/2024,Sucesso,,Quente,13/04/2024
CLI000166,Bruna Cardoso,Feminino,49,(19) 91136-6717,Google Ads,Virtus,Financiamento,40,Sim,23/03/2024,Agendamento,Comprou em Outra Concessionária,Morno,30/03/2024
CLI000167,Sofia Ramos Duarte,Feminino,58,(62) 95751-7040,Google Ads,Nivus,Financiamento,,Sim,03/03/2024,Agendamento,,Frio,04/03/2024
CLI000168,Gabriela Moreira Dias,Feminino,52,(21) 99336-2712,Google Ads,T-Cross,Financiamento,25,Sim,03/22/2024,Negociação,,Morno,04/04/2024
CLI000169,Fernanda Santos,Feminino,54,(47) 97142-3002,Instagram,Polo,À Vista,,Não,30/03/2024,Agendamento,,Morno,12/04/2024
CLI000170,Vitória Cardoso,Feminino,44,(11) 93756-1696,Instagram,Polo,Financiamento,20,Não,09/03/2024,Insucesso,Crédito Negado,Frio,21/04/2024
CLI000171,Ricardo Carvalho Mendes,Masculino,59,(61) 99926-9660,Instagram,Polo,Financiamento,15,Não,21/03/2024,Insucesso,Financeiro,Frio,11/05/2024
CLI000172,Camila Santos,Feminino,67,(85) 99242-5061, WhatsApp  ,Virtus,Financiamento,30,Sim,23/03/2024,Negociação,,Quente,21/04/2024
CLI000173,Henrique Barros,Masculino,58,(12) 96232-7676,Loja Física,Saveiro,Financiamento,30,Não,31/03/2024,Primeiro Contato,,Frio,06/04/2024
CLI000174,MARINA REZENDE,Feminino,29,(32) 97246-3267,Indicação,Taos,Financiamento,20,Não,29/03/2024,Agendamento,,Frio,11/04/2024
CLI000175,Beatriz Moreira Monteiro,Feminino,37,(31) 97002-9026,OLX,T-Cross,Financiamento,15,Sim,18/03/2024,Sucesso,,Quente,19/04/2024
CLI000176,Fernanda Pereira,Feminino,43,(27) 99910-7978,Instagram,T-Cross,Financiamento,30,Não,16/03/2024,Insucesso,Financeiro,Frio,29/02/2024
CLI000177,leonardo barbosa,Masculino,36,(85) 98186-6987,Instagram,Polo,Financiamento,30,Não,13/03/2024,Insucesso,Comprou em Outra Concessionária,Frio,20/04/2024
CLI000178,Sabrina Almeida Cardoso,Feminino,46,(16) 95603-7452,Instagram,Saveiro,Financiamento,25,Não,30/03/2024,Primeiro Contato,,Frio,04/04/2024
CLI000179,Helena Pereira,Feminino,34,(71) 92016-4210,Loja Física,Saveiro,À Vista,20,Não,02/03/2024,Interesse Futuro,,Morno,05/06/2024
CLI000180,Gustavo Gonçalves,Masculino,29,(17) 99965-4442,WhatsApp,Polo,Financiamento,40,Não,11/03/2024,Insucesso,Contato Sem Sucesso,Frio,10/04/2024
CLI000181,Felipe Ferreira Araújo,Masculino,54,(11) 96448-7243,Site,Taos,Financiamento,30,Sim,24/03/2024,Negociação,,Quente,10/04/2024
CLI000182,Renan Barros,Masculino,24,(12) 98110-2562,Site,T-Cross,Financiamento,25,Não,17/03/2024,Primeiro Contato,,Morno,24/03/2024
CLI000183,Luana Soares,Feminino,53,(51) 96552-2691,Google Ads,Polo,Financiamento,30,Não,17/03/2024,Agendamento,,Morno,22/03/2024
CLI000184,Tatiane Souza,Feminino,70,(62) 94226-8518,Google Ads,Tiguan Allspace,Financiamento,20,Não,02/03/2024,Primeiro Contato,,Frio,05/03/2024
CLI000185,Valentina Oliveira,Fem,34,(24) 91797-9648,Google Ads,Polo,À Vista,,Sim,26/03/2024,Sucesso,,Quente,21/04/2024
CLI000186,Rodrigo Ramos,Masculino,47,(15) 94436-1254,Instagram,Saveiro,Financiamento,50,Não,15/03/2024,Interesse Futuro,,Morno,13/03/2024
CLI000187,Marcelo Rezende,Masculino,43,(19) 96330-1602,Instagram,T-Cross,Financiamento,15,Sim,25/03/2024,Negociação,,Frio,17/03/2024
CLI000188,Henrique Santana Freitas,Masculino,57,(15) 98337-7844,WhatsApp,Nivus,Financiamento,40,Sim,11/03/2024,Insucesso,Contato Sem Sucesso,Morno,21/03/2024
CLI000189,Natália Rodrigues Almeida,Feminino,33,(21) 96210-0760,WhatsApp,Virtus,À Vista,,Sim,03/03/2024,Negociação,,Quente,18/03/2024
CLI000190,Tatiane Alves,Feminino,47,(62) 96594-9525,Facebook Ads,Saveiro,Financiamento,15,Sim,17/03/2024,Sucesso,,Quente,14/04/2024
CLI000191,Marcos Teixeira,Masculino,37,(24) 92713-7622,WhatsApp,Polo,Financiamento,40,Sim,18/03/2024,Sucesso,,Quente,04/07/2024
CLI000192,Lucas Carvalho Costa,Masculino,65,(51) 91447-5055,OLX,Polo,Financiamento,40,Sim,26/03/2024,Sucesso,,Quente,25/04/2024
CLI000193,Gabriel Barbosa Ferreira,Masculino,38,(13) 94098-7881,Instagram,Saveiro,Financiamento,25,Sim,01/03/2024,Sucesso,,Quente,03/04/2024
CLI000194,Gabriela Lopes,Feminino,28,(21) 95699-8050,Site,Polo,Financiamento,10,Sim,25/03/2024,Sucesso,,Quente,08/04/2024
CLI000195,Pedro Silva Lima,Masculino,42,(48) 93395-3679,Indicação,Saveiro,Financiamento,40,Sim,08/03/2024,Primeiro Contato,,Morno,10/03/2024
CLI000196,Helena Carvalho,Feminino,68,(12) 96771-2733,Loja Física,T-Cross,Financiamento,35,Não,13/03/2024,Insucesso,Financeiro,Frio,12/04/2024
CLI000197,Patrícia Castro,Feminino,65,(61) 97734-6945,Site,Nivus,À Vista,,Não,05/03/2024,Primeiro Contato,,Morno,09/03/2024
CLI000198,Laura Almeida Santos,Feminino,44,(24) 99879-7742,Site,T-Cross,Financiamento,25,Sim,2024-03-27,Negociação,,Quente,10/04/2024
CLI000199,Felipe Teixeira,Masculino,50,(17) 92142-0036,Indicação,T-Cross,Financiamento,25,Não,28/03/2024,Interesse Futuro,,Frio,08/05/2024
CLI000200,Marcelo Melo Santos,Masculino,39,(27) 95547-9420,WhatsApp,Tiguan Allspace,À Vista,,Não,18/03/2024,Primeiro Contato,,Morno,23/03/2024
CLI000201,Marcelo Martins,Masculino,36,(16) 97253-2626,Site,T-Cross,À Vista,,Não,27/03/2024,Insucesso,Comprou no Particular,Frio,22/04/2024
CLI000202,Renata Nascimento,Feminino,43,(47) 92955-6727,Google Ads,Nivus,À Vista,,Sim,06/03/2024,Sucesso,,Quente,16/04/2024
CLI000203,Laura Castro Duarte,Feminino,46,(13) 96304-5844,Site,Nivus,Financiamento,20,Sim,19/03/2024,Agendamento,,Frio,27/03/2024
CLI000204,Marcelo Moreira,Masculino,35,(51) 99122-9987,Instagram,T-Cross,Financiamento,35,Sim,22/03/2024,Negociação,,Quente,10/04/2024
CLI000205,Vinícius Duarte Melo,Masculino,27,(47) 95034-2489,WhatsApp,Saveiro,Financiamento,25,Não,25/03/2024,Interesse Futuro,,Morno,02/05/2024
CLI000206,Sabrina Nunes,Feminino,56,(19) 95441-6417,Indicação,Polo,À Vista,,Sim,13/03/2024,Sucesso,,Quente,04/08/2024
CLI000207,Ana Ramos,Feminino,40,(11) 96188-8893,WhatsApp,Virtus,Financiamento,,Não,21/03/2024,Primeiro Contato,,Frio,27/03/2024
CLI000208,Fernando Monteiro Mendes,Masculino,53,(51) 99750-3068,Instagram,Saveiro,À Vista,,Não,23/03/2024,Primeiro Contato,,Frio,29/03/2024
CLI000209,Felipe Ribeiro Moraes,Masculino,46,(16) 98832-2145,Google Ads,T-Cross,À Vista,,Sim,21/03/2024,Sucesso,,Morno,01/05/2024
CLI000210,Mariana Gonçalves,Feminino,19,(27) 98143-6784,Instagram,Amarok,Financiamento,50,Não,15/03/2024,Primeiro Contato,,Morno,18/03/2024
CLI000211,Eduardo Moreira Nunes,Masculino,54,(32) 93496-9035,Instagram,Saveiro,Financiamento,15,Não,01/03/2024,Primeiro Contato,,Frio,08/03/2024
CLI000212,Leonardo Santos Andrade,Masculino,24,(85) 91622-3884,Instagram,T-Cross,Financiamento,20,Não,08/03/2024,Negociação,,Quente,16/03/2024
CLI000213,Renan Nunes,Masculino,42,(51) 95760-1925,OLX,Virtus,Financiamento,30,Não,22/03/2024,Interesse Futuro,,Frio,06/07/2024
CLI000214,Luana Teixeira,Feminino,29,(15) 97469-4133,Site,Saveiro,Financiamento,25,Não,14/03/2024,SUCESSO ,,Quente,22/03/2024
CLI000215,Laura Ribeiro Ramos,Feminino,35,(19) 94123-2842,Google Ads,Amarok,À Vista,,Sim,26/03/2024,Agendamento,,Frio,09/04/2024
CLI000216,Letícia Rocha Barbosa,M,36,(41) 95640-2819,Site,Polo,Financiamento,50,Sim,18/03/2024,Interesse Futuro,,Morno,12/04/2024
CLI000217,Natália Gonçalves Lopes,Feminino,40,(12) 96352-1972,Facebook Ads,Nivus,À Vista,,Sim,28/03/2024,Sucesso,,Quente,09/05/2024
CLI000218,Henrique Gonçalves,Masculino,35,1198877-66,Instagram,Saveiro,Financiamento,30,Sim,30/03/2024,Negociação,,Quente,10/04/2024
CLI000219,Bianca Batista,Feminino,43,(51) 95941-5545,Site,Polo,À Vista,,Não,19/03/2024,Interesse Futuro,,Morno,15/04/2024
CLI000220,Eduarda Martins,Feminino,57,(16) 94728-8039,Loja Física,Polo,Financiamento,25,Não,12/03/2024,Primeiro Contato,,Morno,18/03/2024
CLI000221,Ricardo Ferreira,Masculino,44,(16) 93168-9690,Indicação,Nivus,Financiamento,30,Sim,13/03/2024,Sucesso,,Quente,25/04/2024
CLI000222,Vanessa Pereira,Feminino,29,(21) 91314-5491,WhatsApp,Nivus,À Vista,,Sim,17/03/2024,Interesse Futuro,,Frio,26/06/2024
CLI000223,Marcelo Ramos Rocha,Masculino,67,(31) 97130-6530,Indicação,Polo,Financiamento,25,Não,03/16/2024,Primeiro Contato,,Morno,17/03/2024
CLI000224,Rafael Rezende Moraes,Masculino,15,(12) 93409-8068,WhatsApp,Polo,Financiamento,30,Sim,12/03/2024,Sucesso,,Quente,25/04/2024
CLI001463,Patrícia Santana,Feminino,44,(51) 93213-3434,Site,Saveiro,À Vista,,Não,21/05/2025,Negociação,,Morno,16/06/2025
CLI000225,Eduardo Silva,Masculino,39,(12) 95728-6903,Google Ads,Tiguan Allspace,Financiamento,20,Sim,03/03/2024,Sucesso,,Quente,15/04/2024
CLI000226,Caio Monteiro,Masculino,34,(15) 93028-0490,Facebook Ads,Taos,Financiamento,30,Não,02/03/2024,Negociação,,Quente,12/03/2024
CLI000227,Gabriel Alves,Masculino,65,(12) 96258-9047,Loja Física,Polo,Financiamento,25,Não,11/03/2024,Insucesso,Financeiro,Frio,19/04/2024
CLI000228,Sabrina Soares,Feminino,45,(47) 93591-3052,WhatsApp,T-Cross,Financiamento,40,Sim,04/03/2024,SUCESSO ,,Quente,20/03/2024
CLI000229,Vanessa Gonçalves Moraes,Feminino,40,(17) 95015-4580,Site,Tiguan Allspace,Financiamento,20,Não,13/03/2024,Primeiro Contato,,Frio,17/03/2024
CLI000230,Leonardo Nunes Duarte,Masculino,30,(19) 91443-9974,Facebook Ads,Nivus,Financiamento,25,Sim,25/03/2024,Agendamento,Crédito Negado,Morno,08/04/2024
CLI000231,Camila Teixeira Ferreira,Feminino,37,(11) 99034-9231,Facebook Ads,Polo,Financiamento,25,Não,27/03/2024,Insucesso,Comprou em Outra Concessionária,Frio,13/04/2024
CLI000232,Gustavo Silva,Masculino,59,(11) 92536-2088,Google Ads,Virtus,Financiamento,25,Não,13/03/2024,Primeiro Contato,,Frio,17/03/2024
CLI000233,Bruna Santana Moraes,Feminino,25,(47) 93902-9765,Google Ads,T-Cross,Financiamento,50,Não,24/03/2024,Agendamento,,Quente,07/04/2024
CLI000234,Isabela Costa,Feminino,22,(85) 96776-1948,Indicação,Saveiro,À Vista,,Sim,03/03/2024,Interesse Futuro,,Quente,26/05/2024
CLI000235,Rafael Soares,Masculino,27,(61) 91299-1396,WhatsApp,T-Cross,À Vista,,,25/03/2024,Primeiro Contato,,Frio,27/03/2024
CLI000236,Laura Ramos,Feminino,35,(41) 92525-6436,Indicação,Nivus,Financiamento,40,Sim,03/29/2024,Agendamento,,Morno,07/04/2024
CLI000237,Caio Moreira Santos,Masculino,27,(41) 95652-8762,Indicação,Polo,Financiamento,25,Sim,22/03/2024,Negociação,,Quente,12/04/2024
CLI000238,Sabrina Moreira Rodrigues,Feminino,28,(27) 94241-2523,Google Ads,Tiguan Allspace,À Vista,,Não,29/03/2024,Primeiro Contato,,Frio,31/03/2024
CLI000239,Isabela Moreira,Feminino,49,(51) 93599-6343,Instagram,Tiguan Allspace,Financiamento,30,Não,10/03/2024,Agendamento,Comprou no Particular,Morno,12/03/2024
CLI000240,Thiago Barbosa,Masculino,42,(27) 98522-0211,Google Ads,Polo,À Vista,,Sim,14/03/2024,Insucesso,Comprou em Outra Concessionária,Frio,28/03/2024
CLI000241,Tatiane Soares,M,29,(11) 91882-4325,Indicação,Amarok,À Vista,,Não,24/03/2024,Interesse Futuro,,Frio,29/06/2024
CLI000242,Eduardo Almeida Pereira,Masculino,63,(31) 94510-7196,Instagram,Saveiro,Financiamento,35,Sim,16/03/2024,Negociação,,Morno,12/04/2024
CLI000243,Beatriz Alves Melo,Feminino,46,(27) 96547-6279,Facebook Ads,Polo,Financiamento,,Sim,05/03/2024,Insucesso,Comprou em Outra Concessionária,Morno,27/04/2024
CLI000244,André Gonçalves,Masculino,41,(48) 94459-8347,Site,Saveiro,Financiamento,10,Não,23/03/2024,Interesse Futuro,,Frio,09/05/2024
CLI000245,Henrique Oliveira Souza,Masculino,24,(21) 92395-6060,Google Ads,T-Cross,Financiamento,50,Sim,17/04/2024,Agendamento,,Morno,26/04/2024
CLI000246,Camila Nascimento,Feminino,28,(47) 93238-4132,Loja Física,Polo,Financiamento,,Sim,15/04/2024,Sucesso,,Morno,29/05/2024
CLI000247,Marcos Ferreira Costa,Masculino,39,(27) 98312-8098,Instagram,T-Cross,Financiamento,20,Sim,01/04/2024,Primeiro Contato,,Morno,07/04/2024
CLI000248,Bruno Batista,Masculino,38,(15) 98776-4925,Loja Física,T-Cross,Financiamento,40,Não,20/04/2024,Insucesso,Comprou em Outra Concessionária,Morno,16/06/2024
CLI000249,Gabriel Lopes Araújo,Masculino,37,(11) 99801-9691,WhatsApp,Virtus,Financiamento,35,Não,06/04/2024,Primeiro Contato,,Quente,08/04/2024
CLI000250,Isabela Ribeiro,Feminino,32,(47) 98105-7664,Site,T-Cross,Financiamento,25,Não,28/04/2024,Insucesso,Comprou no Particular,Frio,11/06/2024
CLI000251,Carlos Gomes,Masculino,74,(61) 93918-9228,Instagram,Polo,À Vista,,Sim,15/04/2024,Sucesso,,Morno,21/05/2024
CLI000252,Murilo Souza,Masculino,37,(19) 95364-4043,Google Ads,Saveiro,Financiamento,30,Sim,16/04/2024,Agendamento,,Frio,20/04/2024
CLI000253,Laura Teixeira Duarte,Feminino,65,(15) 96888-5687,Site,Polo,Financiamento,35,Não,15/04/2024,Primeiro Contato,,Quente,21/04/2024
CLI000254,Isabela Gomes Soares,Feminino,53,(47) 91770-5719,Loja Física,Polo,Financiamento,15,Não,28/04/2024,Agendamento,,Morno,29/04/2024
CLI000255,Marina Barros,Feminino,45,(21) 98750-1118,Loja Física,Polo,À Vista,,Sim,09/04/2024,Sucesso,,Morno,23/05/2024
CLI000256,Vinícius Gomes Soares,Masculino,43,(24) 91309-1866,Facebook Ads,Nivus,Financiamento,30,Não,15/04/2024,Primeiro Contato,,Quente,18/04/2024
CLI000257,Guilherme Melo,Masculino,40,(12) 93618-0442,Loja Física,Virtus,Financiamento,25,Sim,28/04/2024,Negociação,,Morno,01/05/2024
CLI000258,Leonardo Silva,Masculino,44,(17) 96405-7048,WhatsApp,Amarok,Financiamento,15,Não,12/04/2024,Primeiro Contato,,Frio,15/04/2024
CLI000259,Letícia Teixeira,Feminino,65,(13) 96930-9929,Instagram,Nivus,Financiamento,25,Não,22/04/2024,Insucesso,Crédito Negado,Morno,25/05/2024
CLI000260,Fernando Costa Ribeiro,Masculino,46,(24) 96082-2391,WhatsApp,T-Cross,À Vista,,Sim,09/04/2024,Negociação,,Morno,28/04/2024
CLI000261,Diego Carvalho,Masculino,45,(61) 94833-1195,WhatsApp,Polo,Financiamento,30,Não,05/04/2024,primeiro contato,,Morno,09/04/2024
CLI000262,Valentina Araújo,Feminino,39,(41) 92368-6100,Google Ads,T-Cross,Financiamento,20,Não,18/04/2024,Agendamento,,Morno,27/04/2024
CLI000263,Mateus Teixeira,Masculino,23,(85) 91384-4964,WhatsApp,Polo,Financiamento,10,Sim,03/04/2024,Sucesso,,Quente,27/04/2024
CLI000264,Bianca Ramos,Feminino,33,(47) 91224-2224,Instagram,Saveiro,À Vista,,Não,04/18/2024,Interesse Futuro,,Morno,07/24/2024
CLI000265,Júlia Castro Freitas,Feminino,37,(24) 93065-2123,Google Ads,Nivus,Financiamento,35,Não,01/04/2024,Insucesso,Produto Indisponível,Frio,17/04/2024
CLI000266,Leonardo Santos,Masculino,34,(12) 94296-8141,Loja Física,Virtus,Financiamento,30,Sim,14/04/2024,Sucesso,,Quente,18/05/2024
CLI000267,Samuel Silva,Masculino,38,9988-7766,Indicação,T-Cross,Financiamento,40,Sim,21/04/2024,Primeiro Contato,,Frio,26/04/2024
CLI000268,Felipe Rodrigues,Masculino,60,(11) 93564-5205,Google Ads,T-Cross,Financiamento,25,Não,24/04/2024,Insucesso,Crédito Negado,Frio,26/04/2024
CLI000269,Natália Nunes,Feminino,35,(27) 95725-0015,Facebook Ads,T-Cross,Financiamento,35,Sim,07/04/2024,Agendamento,,Quente,08/04/2024
CLI000270,Carolina Oliveira Almeida,Feminino,59,(21) 9999,Facebook Ads,Virtus,À Vista,,Não,11/04/2024,Primeiro Contato,,Morno,12/04/2024
CLI000271,Ricardo Monteiro Batista,Masculino,34,(17) 99064-3430,Indicação,Polo,Financiamento,20,Não,16/04/2024,Interesse Futuro,,Morno,11/08/2024
CLI000272,Ana Alves Lima,Feminino,62,(12) 92313-9675,Instagram,Nivus,Financiamento,25,Não,22/04/2024,Negociação,,Quente,15/05/2024
CLI001969,Mateus Silva,Masculino,48,(51) 92820-8131,WhatsApp,T-Cross,À Vista,,Não,29/10/2025,Negociação,,Quente,08/11/2025
CLI000273,Gabriela Nascimento,Feminino,34,(47) 99456-0292,WhatsApp,Polo,Financiamento,30,Não,02/04/2024,Insucesso,Produto Indisponível,Frio,26/05/2024
CLI000274,Fernando Costa,Masculino,35,(21) 91390-2557,Google Ads,Polo,Financiamento,20,Sim,04/04/2024,Agendamento,,Quente,13/04/2024
CLI000275,Fernanda Moraes,Feminino,42,(61) 99005-4310,Google Ads,Virtus,Financiamento,15,Não,26/04/2024,Primeiro Contato,,Frio,07/04/2024
CLI000276,Laura Alves,Feminino,30,(15) 91881-4287,Indicação,Virtus,Financiamento,35,Sim,29/04/2024,SUCESSO ,,Quente,13/06/2024
CLI000277,FELIPE DIAS,Masculino,41,(61) 99281-4149,Google Ads,Tiguan Allspace,Financiamento,35,Não,30/04/2024,Insucesso,Financeiro,Frio,26/05/2024
CLI000278,Vitor Batista Nunes,Masculino,54,(51) 93845-9432,Google Ads,Saveiro,Financiamento,20,Não,25/04/2024,Primeiro Contato,,Quente,19/04/2024
CLI000279,Bruno Santana,Masculino,62,(21) 9999,OLX,Amarok,Financiamento,10,Sim,04/04/2024,Sucesso,,Morno,23/04/2024
CLI000280,Beatriz Nunes,Feminino,41,(21) 95689-4243,Instagram,T-Cross,Financiamento,15,Sim,08/04/2024,Negociação,,Quente,12/04/2024
CLI000281,Beatriz Barbosa,Feminino,34,(11) 91397-3594,WhatsApp,Nivus,Financiamento,25,Sim,23/04/2024,Negociação,,Quente,22/05/2024
CLI000282,Mateus Batista,Masculino,55,(32) 96501-3755,WhatsApp,Polo,Financiamento,20,Sim,10/04/2024,Insucesso,Contato Sem Sucesso,Morno,15/05/2024
CLI000283,Ricardo Santana,Masculino,45,(11) 94688-4728,Google Ads,T-Cross,Financiamento,15,Sim,12/04/2024,Sucesso,,Quente,05/25/2024
CLI000284,Sofia Lopes Santos,M,34,(21) 93930-3850,WhatsApp,T-Cross,Financiamento,20,Não,23/04/2024,Interesse Futuro,,Frio,27/07/2024
CLI000285,Bruna Freitas Barbosa,Feminino,24,(62) 94240-1995,WhatsApp,T-Cross,Financiamento,10,,25/04/2024,Negociação,,Quente,30/04/2024
CLI000286,Bruno Cardoso Costa,Masculino,35,(62) 96686-2794,Instagram,Virtus,Financiamento,25,Não,24/04/2024,Insucesso,Produto Indisponível,Morno,06/05/2024
CLI000287,Carolina Dias,Feminino,38,(81) 97846-8256,Loja Física,Virtus,À Vista,,Sim,09/04/2024,Insucesso,Crédito Negado,Frio,17/05/2024
CLI000288,João Rocha Rezende,Masculino,50,(11) 94648-4514,Instagram,T-Cross,À Vista,,Sim,24/04/2024,agendamento,,Morno,28/04/2024
CLI000289,Bruna Lima Souza,Feminino,56,(27) 98100-4879,Instagram,Nivus,Financiamento,35,Sim,24/04/2024,Agendamento,,Frio,26/04/2024
CLI000290,Daniel Silva,Masculino,63,(85) 92527-9899,WhatsApp,Nivus,Financiamento,35,Não,14/04/2024,Insucesso,Contato Sem Sucesso,Frio,20/04/2024
CLI001821,Renan Rocha,Masculino,18,(62) 92807-3566,Site,Saveiro,À Vista,,Sim,06/04/2024,Agendamento,,Quente,14/04/2024
CLI000292,Felipe Nunes,Masculino,50,(16) 97753-8580,Instagram,Saveiro,Financiamento,10,Não,13/04/2024,Insucesso,Contato Sem Sucesso,Frio,22/05/2024
CLI000293,Vitor Barros,Masculino,47,(11) 95170-9317,OLX,T-Cross,Financiamento,20,Não,20/04/2024,Insucesso,Crédito Negado,Morno,02/05/2024
CLI000294,Daniel Teixeira Rodrigues,Masculino,24,(85) 94728-4913,Site,T-Cross,Financiamento,40,Não,02/04/2024,Primeiro Contato,,Frio,04/04/2024
CLI000295,Lucas Batista Ramos,Masculino,36,(11) 99011-0801,Site,T-Cross,À Vista,,Não,08/04/2024,Interesse Futuro,,Morno,29/04/2024
CLI000296,Eduardo Mendes,Masculino,61,(16) 98923-2356,OLX,Virtus,À Vista,,Não,25/04/2024,Primeiro Contato,,Frio,30/04/2024
CLI000297,Rafael Cardoso,Masculino,48,(13) 94451-6539,Google Ads,T-Cross,Financiamento,30,Sim,04/04/2024,Negociação,,Quente,07/04/2024
CLI000298,Gabriel Duarte Martins,Masculino,42,(71) 96353-9566,Instagram,Nivus,Financiamento,20,Sim,02/04/2024,Agendamento,,Quente,16/04/2024
CLI000299,Rafaela Ferreira Rocha,Feminino,44,(62) 92755-2856,Google Ads,Taos,Financiamento,15,Sim,04/04/2024,Primeiro Contato,,Frio,11/04/2024
CLI000300,Mariana Carvalho Santos,Feminino,56,(48) 97567-9333,Google Ads,Saveiro,Financiamento,20,Sim,06/04/2024,Negociação,,Quente,27/04/2024
CLI000301,Gabriel Almeida Nascimento,Masculino,46,(81) 94453-6413,Loja Física,T-Cross,Financiamento,20,Sim,10/04/2024,Agendamento,,Quente,11/04/2024
CLI000302,Patrícia Gonçalves Moreira,Feminino,35,(11) 93225-3110,Facebook Ads,Polo,Financiamento,20,Não,11/04/2024,Insucesso,,Morno,21/04/2024
CLI000303,Lucas Nascimento,Masculino,36,(19) 92372-5788,WhatsApp,Nivus,Financiamento,50,Sim,13/04/2024,Interesse Futuro,,Frio,23/04/2024
CLI000304,Guilherme Santos Moraes,Masculino,43,(11) 91674-8219,Google Ads,Nivus,Financiamento,30,Sim,28/04/2024,Sucesso,,Quente,20/05/2024
CLI000305,Vanessa Castro,Feminino,37,(62) 97135-4177,Google Ads,Saveiro,Financiamento,35,Sim,11/04/2024,Insucesso,Comprou em Outra Concessionária,Frio,05/06/2024
CLI000306,André Lima Dias,Masculino,38,(11) 94508-5279,Site,Polo,À Vista,,Não,23/04/2024,Insucesso,Produto Indisponível,Frio,06/05/2024
CLI000307,Sabrina Gonçalves,Feminino,68,(11) 96461-9488,Indicação,Polo,À Vista,,Sim,07/04/2024,Sucesso,,Quente,11/04/2024
CLI000308,Helena Ramos Castro,Feminino,30,(51) 97505-5412,Indicação,Nivus,Financiamento,30,Não,21/04/2024,Insucesso,Financeiro,Frio,24/05/2024
CLI000309,Felipe Gomes,Masculino,37,(16) 95481-7329,Google Ads,Polo,À Vista,,Sim,26/04/2024,Sucesso,,Quente,09/05/2024
CLI000310,Isabela Batista,Feminino,34,(31) 99128-0345,Facebook Ads,Polo,Financiamento,30,Sim,2024-04-07,Agendamento,,Morno,2024-04-17
CLI000311,Mariana Monteiro,Feminino,28,(15) 96350-7231,WhatsApp,Nivus,À Vista,,Sim,29/04/2024,Agendamento,,Morno,14/05/2024
CLI000312,Camila Ramos,Feminino,29,(32) 91540-2369,OLX,Nivus,Financiamento,30,Não,14/04/2024,Insucesso,Contato Sem Sucesso,Frio,26/04/2024
CLI000313,Renata Cardoso,Feminino,33,(12) 93071-5205,Instagram,T-Cross,Financiamento,25,Sim,05/04/2024,Negociação,,Quente,16/04/2024
CLI000314,Ricardo Costa Oliveira,Masculino,43,(11) 92435-8408,Google Ads,T-Cross,Financiamento,25,Não,19/04/2024,Primeiro Contato,,Frio,23/04/2024
CLI000315,André Nunes Castro,Masculino,65,(19) 97330-6652,WhatsApp,T-Cross,Financiamento,35,Sim,16/04/2024,Sucesso,,Quente,07/05/2024
CLI000316,Valentina Castro Almeida,Feminino,41,(51) 94941-3172,Site,Polo,À Vista,,Não,09/04/2024,Agendamento,,Morno,16/04/2024
CLI000317,Murilo Gonçalves Monteiro,Masculino,34,(71) 94770-4755,Instagram,Amarok,À Vista,,Não,13/04/2024,Insucesso,Produto Indisponível,Frio,28/05/2024
CLI000318,Daniel Alves,Masculino,61,(19) 92502-7759,Google Ads,Saveiro,À Vista,,Sim,24/04/2024,Insucesso,Financeiro,Frio,12/06/2024
CLI000319,Vanessa Moraes,Feminino,27,(41) 99391-0722,Loja Física,Nivus,Financiamento,25,Não,13/04/2024,Primeiro Contato,,Morno,13/04/2024
CLI000320,Carolina Souza,Feminino,49,(85) 96215-8891,Instagram,Amarok,À Vista,,Sim,04/26/2024,Insucesso,Comprou no Particular,Morno,06/22/2024
CLI000321,Ana Rodrigues Araújo,Feminino,50,(41) 95346-8109,Facebook Ads,Virtus,Financiamento,35,Não,01/04/2024,Primeiro Contato,,Frio,06/04/2024
CLI000322,Bianca Andrade,,68,(17) 94916-1306,Site,Polo,À Vista,,Não,22/04/2024,Primeiro Contato,,Frio,29/04/2024
CLI000323,Carolina Barbosa,Feminino,29,(21) 91749-6895,Instagram,Polo,Financiamento,20,Sim,21/04/2024,Primeiro Contato,Produto Indisponível,Frio,22/04/2024
CLI000324,André Cardoso,Masculino,32,(24) 91381-8292,Site,T-Cross,Financiamento,25,Não,23/04/2024,Insucesso,Financeiro,Frio,13/05/2024
CLI000325,Carolina Ramos,Feminino,68,(62) 99205-1630,Site,Polo,Financiamento,40,Não,25/04/2024,Primeiro Contato,,Frio,27/04/2024
CLI000326,Vinícius Costa,Masculino,55,(13) 91901-2418,Indicação,Polo,Financiamento,35,Não,04/04/2024,Primeiro Contato,,Frio,11/04/2024
CLI000327,Marcos Almeida,Masculino,63,(41) 92571-5923,Instagram,T-Cross,À Vista,,Sim,15/04/2024,Primeiro Contato,,Frio,20/04/2024
CLI000328,Rafael Moraes Pereira,M,36,(17) 95359-1028,Instagram,Polo,À Vista,,Sim,19/04/2024,Sucesso,,Quente,21/05/2024
CLI000329,Carolina Nascimento Santos,masculino,49,(17) 93015-0187,Google Ads,Polo,Financiamento,35,Sim,21/04/2024,Sucesso,,Quente,23/05/2024
CLI000330,Laura Lopes,Feminino,61,(13) 98157-9463,Instagram,Polo,Financiamento,25,Não,29/05/2024,Insucesso,Financeiro,Frio,14/07/2024
CLI000331,Eduardo Barbosa Ferreira,Masculino,51,(15) 97171-4177,Google Ads,Nivus,Financiamento,20,Não,20/05/2024,Interesse Futuro,,Morno,16/09/2024
CLI000332,Vanessa Santos,Feminino,49,(61) 96673-5665,Loja Física,T-Cross,À Vista,,Sim,19/05/2024,Negociação,,Quente,12/06/2024
CLI000333,Tatiane Gonçalves,Feminino,37,(61) 91534-8945,Instagram,Polo,À Vista,,Não,06/05/2024,Insucesso,Comprou no Particular,Morno,10/05/2024
CLI000334,Gabriela Mendes Oliveira,Feminino,45,(47) 94290-1838,Indicação,Polo,À Vista,,,14/05/2024,Insucesso,Comprou no Particular,Frio,11/07/2024
CLI000335,Renan Costa,Masculino,36,(47) 96126-9039,Indicação,Nivus,Financiamento,20,Sim,11/05/2024,Negociação,,Morno,13/05/2024
CLI000336,Mateus Monteiro Moreira,Masculino,32,(13) 96743-4987,Instagram,Nivus,Financiamento,30,Não,03/05/2024,Sucesso,,Quente,24/05/2024
CLI000337,Gabriela Lopes,Feminino,44,(12) 98109-5279,Site,T-Cross,À Vista,,Sim,29/05/2024,Primeiro Contato,,Frio,04/06/2024
CLI000338,Rodrigo Nascimento,Masculino,43,(24) 92912-5931,Loja Física,Virtus,Financiamento,20,1,02/05/2024,Primeiro Contato,,Frio,02/05/2024
CLI000339,Beatriz Rezende,Feminino,46,(41) 95582-9523,WhatsApp,Polo,À Vista,,Não,10/05/2024,Primeiro Contato,,Frio,12/05/2024
CLI000340,Thiago Ribeiro,Masculino,52,(16) 98238-2414,Loja Física,Amarok,Financiamento,30,Não,2024-05-22,Agendamento,,Quente,2024-06-05
CLI000341,Laura Monteiro,Feminino,53,(19) 91644-7623,Google Ads,Saveiro,Financiamento,40,Não,12/05/2024,Primeiro Contato,,Morno,19/05/2024
CLI000342,Henrique Moreira Melo,Masculino,68,(12) 91161-3601,Site,Saveiro,Financiamento,30,Sim,23/05/2024,interesse futuro,,Morno,10/09/2024
CLI000343,Beatriz Soares,Feminino,34,(13) 97022-2761,Google Ads,Tiguan Allspace,Financiamento,20,Sim,13/05/2024,Sucesso,,Quente,07/06/2024
CLI000344,Renan Barbosa,Masculino,38,(16) 91289-9977,WhatsApp,Saveiro,Financiamento,25,Sim,28/05/2024,Primeiro Contato,Produto Indisponível,Quente,02/06/2024
CLI000345,Luana Pereira Souza,Feminino,28,(11) 98111-4546,Loja Física,T-Cross,Financiamento,20,Sim,28/05/2024,Sucesso,,Quente,01/06/2024
CLI000346,João Ribeiro,Masculino,66,(81) 93767-1062,Instagram,T-Cross,À Vista,,Não,29/05/2024,Agendamento,,Quente,03/06/2024
CLI000347,Thiago Costa,Masculino,36,(48) 93646-5700,WhatsApp,T-Cross,Financiamento,20,Não,13/05/2024,Interesse Futuro,,Frio,04/08/2024
CLI000348,Letícia Moraes,Feminino,52,(24) 96279-8544,Loja Física,Amarok,À Vista,,Não,27/05/2024,Negociação,,Quente,02/06/2024
CLI000349,Sofia Santana,Feminino,64,(48) 92930-9811,Site,Virtus,Financiamento,40,S,25/05/2024,Negociação,,Quente,18/06/2024
CLI000350,Patrícia Nascimento Lima,Feminino,43,(27) 95732-5051,Instagram,T-Cross,Financiamento,30,Não,16/05/2024,Agendamento,,Morno,17/05/2024
CLI000351,  Beatriz Gomes Moreira ,Feminino,37,(61) 96204-7813,Site,T-Cross,Financiamento,20,Sim,18/05/2024,Sucesso,,Morno,16/06/2024
CLI000352,Vinícius Ramos Monteiro,Masculino,42,(32) 95734-4502,Site,Saveiro,Financiamento,15,Não,28/05/2024,Interesse Futuro,,Frio,04/09/2024
CLI000353,Marcelo Costa,Masculino,38,(17) 97683-9136,Site,Polo,Financiamento,20,Não,06/05/2024,Primeiro Contato,,Morno,07/05/2024
CLI000354,Bianca Ramos,Feminino,53,(81) 93737-3303,Instagram,Polo,Financiamento,25,Não,01/05/2024,Interesse Futuro,,Morno,25/07/2024
CLI000355,Eduarda Barros Lima,Feminino,52,(32) 94076-7909,Instagram,Taos,Financiamento,35,Não,03/05/2024,Primeiro Contato,,Morno,28/04/2024
CLI000356,André Santana Duarte,Masculino,68,(12) 97438-8740,Instagram,Polo,Financiamento,30,Sim,28/05/2024,Sucesso,,Frio,10/06/2024
CLI000357,Eduardo Mendes,Masculino,53,1198877-66,Instagram,Saveiro,À Vista,,Não,09/05/2024,Primeiro Contato,,Frio,12/05/2024
CLI000358,André Santos Nascimento,M,35,(31) 99641-4923,Instagram,Nivus,À Vista,,Sim,01/05/2024,Negociação,,Quente,17/05/2024
CLI000359,Rafaela Almeida Dias,Feminino,27,(51) 91777-3367,Site,Polo,Financiamento,20,Sim,02/05/2024,Sucesso,Financeiro,Quente,26/05/2024
CLI000360,Clara Rocha,Feminino,35,(11) 98525-3507,Google Ads,T-Cross,Financiamento,50,Não,30/05/2024,Insucesso,Comprou em Outra Concessionária,Morno,01/07/2024
CLI000361,Pedro Cardoso,Masculino,36,(17) 97148-7407,OLX,Taos,Financiamento,20,Sim,24/05/2024,Interesse Futuro,,Morno,22/08/2024
CLI000362,Mariana Lopes Rezende,Feminino,29,(71) 97446-2074,Instagram,Saveiro,Financiamento,25,Não,26/05/2024,Interesse Futuro,,Frio,24/06/2024
CLI000363,Rafaela Almeida Costa,Feminino,30,(32) 99725-2998,Instagram,Taos,Financiamento,20,Não,19/05/2024,Primeiro Contato,,Morno,25/05/2024
CLI000364,Larissa Moraes Nunes,Feminino,35,(11) 97665-0717,WhatsApp,T-Cross,Financiamento,10,Não,01/05/2024,Primeiro Contato,,Quente,06/05/2024
CLI000365,Júlia Silva Santana,Feminino,30,(62) 96629-0101,Instagram,Polo,Financiamento,25,Sim,29/05/2024,Sucesso,,Quente,02/06/2024
CLI000366,Marina Carvalho,Feminino,60,(51) 94859-3500,Loja Física,T-Cross,À Vista,,Sim,27/05/2024,Negociação,,Quente,31/05/2024
CLI000367,Marcos Castro,Masculino,16,(12) 92054-9310,Indicação,Taos,Financiamento,15,Não,23/05/2024,Primeiro Contato,,Morno,26/05/2024
CLI000368,Gabriel Araújo,Masculino,29,(11) 97541-2051,Facebook Ads,Polo,À Vista,,Não,28/05/2024,Interesse Futuro,,Frio,01/07/2024
CLI000369,Marcelo Santos Nunes,Masculino,41,(81) 94192-5958,Instagram,Polo,Financiamento,20,Sim,22/05/2024,Agendamento,,Quente,30/05/2024
CLI000370,Patrícia Barbosa,Feminino,35,(85) 96764-0647,Loja Física,Amarok,Financiamento,40,Não,25/05/2024,Primeiro Contato,,Frio,26/05/2024
CLI000371,Vitor Ribeiro,Masculino,50,(12) 96005-5895,WhatsApp,Polo,À Vista,,Sim,09/05/2024,Sucesso,,Morno,04/06/2024
CLI000372,Mariana Nascimento,Feminino,37,9988-7766,Google Ads,Polo,À Vista,,Sim,26/05/2024,Insucesso,Comprou em Outra Concessionária,Frio,10/06/2024
CLI000373,Gabriel Alves Teixeira,Masculino,59,(71) 96686-2033,WhatsApp,T-Cross,À Vista,,Não,2024-05-23,Primeiro Contato,,Morno,29/05/2024
CLI000374,Ana Martins,Feminino,45,(27) 99888-4265,Indicação,Nivus,Financiamento,25,Não,07/05/2024,Primeiro Contato,,Frio,05/13/2024
CLI000375,Eduarda Ferreira,Feminino,46,(21) 99543-3669,WhatsApp,Polo,Financiamento,50,Sim,31/05/2024,Insucesso,Comprou no Particular,Frio,11/07/2024
CLI000376,Marcos Gonçalves Barros,Masculino,34,(21) 98805-6379,Google Ads,Polo,Financiamento,15,Sim,12/05/2024,Primeiro Contato,,Morno,16/05/2024
CLI000377,Lucas Batista,Masculino,42,(81) 92769-0662,WhatsApp,Saveiro,À Vista,,Não,03/05/2024,Interesse Futuro,,Morno,12/08/2024
CLI000378,Renan Santana,Masculino,42,9988-7766,Instagram,Polo,Financiamento,20,Não,06/05/2024,Primeiro Contato,,Frio,08/05/2024
CLI000379,Camila Silva Nunes,Feminino,25,(41) 91382-1379,Indicação,Tiguan Allspace,Financiamento,30,Não,25/05/2024,Primeiro Contato,,Morno,29/05/2024
CLI000380,paulo moraes,Masculino,38,(21) 98683-8770,Google Ads,Nivus,À Vista,,Não,21/05/2024,Insucesso,Financeiro,Frio,28/06/2024
CLI000381,Murilo Rocha,Masculino,29,(11) 98A77-6655,Instagram,T-Cross,Financiamento,40,Não,30/05/2024,Insucesso,Produto Indisponível,Frio,01/06/2024
CLI000382,Thiago Silva,Masculino,64,(61) 98362-4172,Site,Polo,À Vista,,Não,05/05/2024,Insucesso,Comprou no Particular,Frio,2024-06-12
CLI000383,Vanessa Gomes Lopes,Feminino,70,(17) 94880-6519,Instagram,T-Cross,Financiamento,20,Não,28/05/2024,Primeiro Contato,,Frio,03/06/2024
CLI000384,Valentina Teixeira,Feminino,44,(81) 94260-7169,Facebook Ads,Polo,À Vista,,Sim,02/05/2024,Negociação,,Morno,06/05/2024
CLI000385,Renan Freitas,Masculino,24,(21) 95927-0704,Site,Taos,Financiamento,10,Sim,20/05/2024,Sucesso,,Quente,15/06/2024
CLI000386,Carlos Barros Nunes,Masculino,44,(17) 97609-6450,Google Ads,Tiguan Allspace,Financiamento,15,Sim,21/05/2024,Negociação,,Morno,04/06/2024
CLI000387,Renan Araújo Silva,Masculino,36,(12) 98130-8276,WhatsApp,Amarok,Financiamento,30,Sim,28/05/2024,Sucesso,,Quente,20/06/2024
CLI000388,Vitor Lopes,Masculino,50,(21) 94026-2982,Loja Física,Polo,Financiamento,30,Sim,20/05/2024,Sucesso,,Quente,23/06/2024
CLI000389,Rodrigo Rodrigues,Masculino,53,(62) 99264-5924,Site,Polo,Financiamento,25,Sim,27/05/2024,Sucesso,,Morno,04/07/2024
CLI000390,Mariana Duarte,Feminino,43,(27) 99080-9402,Instagram,Polo,Financiamento,20,Sim,29/05/2024,Sucesso,,Quente,02/07/2024
CLI000391,Daniela Freitas,Feminino,22,(16) 95473-4407,Facebook Ads,T-Cross,À Vista,,Sim,13/05/2024,Interesse Futuro,,Frio,02/07/2024
CLI000392,Camila Martins Melo,Feminino,47,(48) 99669-5667,Instagram,Polo,Financiamento,30,Sim,03/05/2024,Negociação,,Quente,07/05/2024
CLI000393,Pedro Soares Rezende,Masculino,51,(27) 92018-8792,Facebook Ads,Nivus,Financiamento,30,Não,08/05/2024,Negociação,,Quente,26/05/2024
CLI000394,Júlia Pereira,Feminino,52,(71) 96767-8052,Indicação,Saveiro,Financiamento,25,Sim,10/05/2024,Sucesso,Comprou no Particular,Quente,20/05/2024
CLI000395,Luana Rezende,Feminino,57,(15) 93170-6595,Instagram,Amarok,Financiamento,25,Não,15/05/2024,Primeiro Contato,,Frio,21/05/2024
CLI000396,Fernando Martins Castro,Masculino,45,(11) 96338-8899,Instagram,Polo,Financiamento,20,Não,14/05/2024,Negociação,,Quente,27/05/2024
CLI000397,Carolina Pereira,Feminino,50,(47) 99878-8450,Google Ads,Nivus,Financiamento,50,Sim,05/01/2024,Sucesso,,Frio,18/05/2024
CLI000398,Bianca Gonçalves Barros,Feminino,52,(51) 93091-2924,Site,Polo,Financiamento,25,Não,10/05/2024,Primeiro Contato,,Quente,16/05/2024
CLI000399,Mariana Mendes Santana,Feminino,40,(11) 96394-6610,Indicação,Tiguan Allspace,Financiamento,25,Sim,24/05/2024,Sucesso,,Quente,04/07/2024
CLI000400,Fernando Ramos,Masculino,46,(32) 98114-0545,Instagram,Nivus,Financiamento,40,Não,19/05/2024,Agendamento,,Quente,23/05/2024
CLI000401,Carlos Souza,Masculino,50,(16) 96823-8719,Instagram,Virtus,À Vista,,Sim,27/05/2024,Negociação,,Quente,01/06/2024
CLI000402,Sabrina Gomes Lima,Feminino,44,(16) 97049-2611,Site,Taos,À Vista,,Não,14/05/2024,Primeiro Contato,,Morno,18/05/2024
CLI000403,Daniela Lopes,Feminino,45,(15) 97324-5556,WhatsApp,Saveiro,Financiamento,15,Não,05/05/2024,insucesso,Produto Indisponível,Frio,10/06/2024
CLI000404,Marina Santana,Feminino,37,(62) 98731-0823,WhatsApp,Polo,Financiamento,30,Não,09/05/2024,Primeiro Contato,,Frio,14/05/2024
CLI000405,Carlos Barros Gomes,Masculino,65,(24) 95952-6079, WhatsApp  ,Polo,À Vista,,Não,23/05/2024,Primeiro Contato,,Morno,23/05/2024
CLI000406,Murilo Nascimento,Masculino,51,(17) 93341-8556,Google Ads,Taos,Financiamento,15,Não,16/05/2024,Insucesso,Contato Sem Sucesso,Morno,01/07/2024
CLI000407,Rodrigo Pereira Santos,Masculino,51,(48) 93140-9873,Instagram,Saveiro,Financiamento,20,Sim,05/05/2024,PRIMEIRO CONTATO ,,Morno,07/05/2024
CLI000408,Fernanda Castro,Feminno,60,(21) 91840-1264,Site,Taos,Financiamento,15,Sim,31/05/2024,Insucesso,Comprou em Outra Concessionária,Frio,22/06/2024
CLI000409,Beatriz Andrade,Feminino,32,(24) 97774-3833,Site,Saveiro,Financiamento,40,Não,09/05/2024,Primeiro Contato,,Frio,13/05/2024
CLI000410,Patrícia Lima,Feminino,51,(61) 93229-6552,Instagram,Polo,Financiamento,20,Não,11/05/2024,Interesse Futuro,,Morno,14/07/2024
CLI000411,Clara Batista Melo,Feminino,40,(21) 94011-2872,Indicação,Polo,Financiamento,20,Não,22/05/2024,Sucesso,,Quente,06/06/2024
CLI000412,Letícia Ramos Barbosa,Feminino,37,(15) 96321-9536,Instagram,Taos,Financiamento,20,Não,05/29/2024,Primeiro Contato,,Frio,06/01/2024
CLI000413,Fernando Oliveira,Masculino,63,(81) 94020-4063,Site,Polo,Financiamento,25,Sim,28/05/2024,Sucesso,Comprou em Outra Concessionária,Quente,21/06/2024
CLI000414,Sofia Alves,Feminino,25,(48) 93565-4076,Google Ads,Saveiro,Financiamento,40,Sim,10/05/2024,Agendamento,,Frio,15/05/2024
CLI000415,Natália Soares,Feminino,66,(16) 99959-1685,WhatsApp,Taos,À Vista,,Sim,18/05/2024,Agendamento,,Frio,26/05/2024
CLI000416,Leonardo Barbosa,Masculino,48,(16) 96637-9884,Instagram,Polo,Financiamento,10,Não,15/05/2024,Primeiro Contato,,Quente,16/05/2024
CLI000417,Patrícia Almeida,Feminino,30,(31) 91689-8573,Instagram,Saveiro,Financiamento,,Sim,03/05/2024,Sucesso,,Quente,07/05/2024
CLI000418,Bruno Souza,Masculino,48,(32) 99205-8940,Google Ads,Polo,Financiamento,30,Não,16/05/2024,Primeiro Contato,,Morno,16/05/2024
CLI000419,Bruna Silva,Feminino,47,(32) 98821-9771,Instagram,T-Cross,Financiamento,25,Não,09/05/2024,Agendamento,,Morno,13/05/2024
CLI000420,Diego Moraes,Masculino,22,(12) 92067-9738,Site,Virtus,Financiamento,20,Não,03/05/2024,INSUCESSO ,Comprou em Outra Concessionária,Morno,18/05/2024
CLI000421,Valentina Monteiro,Feminino,39,(41) 93178-3478,Loja Física,T-Cross,À Vista,,Não,12/05/2024,Interesse Futuro,,Morno,02/06/2024
CLI000422,Mariana Batista,Feminino,33,(24) 97243-8823,Loja Física,T-Cross,Financiamento,25,Não,27/06/2024,Insucesso,Financeiro,Frio,11/08/2024
CLI000423,Beatriz Nascimento,Feminino,37,(21) 95881-4742,Site,Polo,À Vista,,Não,13/06/2024,Primeiro Contato,,Morno,17/06/2024
CLI000424,Patrícia Dias,Feminino,,(51) 91229-3129,Loja Física,Polo,À Vista,,Sim,18/06/2024,Negociação,,Morno,03/07/2024
CLI001958,Thiago Soares,Masculino,56,(24) 92478-1593,Site,Amarok,Financiamento,30,Não,07/06/2024,Agendamento,,Frio,14/06/2024
CLI000426,Fernando Costa,Masculino,32,(31) 93451-3509,Instagram,Taos,Financiamento,30,Sim,23/06/2024,Primeiro Contato,,Frio,25/06/2024
CLI000427,Luana Rodrigues,Feminino,39,(85) 91832-4095,Site,Tiguan Allspace,Financiamento,35,Não,29/06/2024,Negociação,Produto Indisponível,Quente,06/07/2024
CLI000428,Rodrigo Silva Gomes,Masculino,54,(13) 94836-5725,Instagram,Taos,Financiamento,25,Sim,26/06/2024,Sucesso,,Morno,19/07/2024
CLI000429,Sabrina Teixeira,Feminino,58,(13) 97276-7647,Google Ads,Taos,Financiamento,15,Sim,14/06/2024,Interesse Futuro,,Morno,20/09/2024
CLI000430,Larissa Andrade Rocha,Feminino,51,(32) 91965-5525,Google Ads,Polo,À Vista,,Sim,06/06/2024,Interesse Futuro,,Morno,19/09/2024
CLI000431,Ricardo Carvalho,Masculino,42,(12) 91114-6690,Google Ads,Virtus,Financiamento,25,Não,15/06/2024,Primeiro Contato,,Morno,17/06/2024
CLI000432,Vitor Freitas,Masculino,45,(32) 96356-3293,Instagram,T-Cross,Financiamento,10,Não,13/06/2024,Primeiro Contato,Comprou em Outra Concessionária,Morno,15/06/2024
CLI000433,Vitória Gonçalves,Feminino,30,(12) 93180-0670,Site,Nivus,Financiamento,30,Sim,24/06/2024,Sucesso,,Frio,08/06/2024
CLI000434,Pedro Carvalho,Masculino,23,(61) 99388-4620,Site,Polo,À Vista,,Sim,30/06/2024,Sucesso,,Quente,02/08/2024
CLI000435,Marcos Cardoso,Masculino,53,(17) 99265-7684,Loja Física,Amarok,Financiamento,40,Sim,08/06/2024,Agendamento,,Quente,10/06/2024
CLI000436,Clara Teixeira Rodrigues,Feminino,58,(13) 97416-0205,WhatsApp,Tiguan Allspace,Financiamento,20,Não,03/06/2024,Agendamento,,Frio,08/06/2024
CLI000437,Rafaela Andrade,Feminino,47,(51) 92117-4347,WhatsApp,Polo,Financiamento,15,Sim,22/06/2024,Sucesso,,Quente,31/07/2024
CLI000438,Luana Gonçalves,Feminino,46,(41) 94517-8654,Google Ads,Polo,Financiamento,15,Sim,28/06/2024,Agendamento,,Frio,02/07/2024
CLI000439,Thiago Moreira Santos,Masculino,55,(11) 98A77-6655,Google Ads,Nivus,Financiamento,25,Sim,13/06/2024,Sucesso,,Quente,22/06/2024
CLI000440,Murilo Mendes,masculino,49,(61) 98554-5782,WhatsApp,Polo,À Vista,,Não,24/06/2024,Primeiro Contato,,Frio,30/06/2024
CLI000441,Lucas Rezende,Masculino,40,(15) 96807-9688,Site,T-Cross,Financiamento,35,Sim,13/06/2024,Negociação,Contato Sem Sucesso,Quente,05/07/2024
CLI000442,Murilo Andrade,Masculino,71,(85) 94421-0873,Instagram,Nivus,Financiamento,15,Não,29/06/2024,Agendamento,,Quente,12/06/2024
CLI000443,Ana Barbosa,Feminino,21,(21) 92625-4569,WhatsApp,Taos,Financiamento,25,Não,2024-06-08,Primeiro Contato,,Frio,11/06/2024
CLI000444,Eduardo Mendes Castro,Masculino,48,(12) 95678-4295,Facebook Ads,T-Cross,Financiamento,30,Sim,11/06/2024,Sucesso,,Quente,19/06/2024
CLI000445,Marcos Rodrigues Santana,Masculino,57,(12) 92570-4456,Facebook Ads,T-Cross,À Vista,,Sim,23/06/2024,Sucesso,,Quente,09/07/2024
CLI000446,Renan Pereira Mendes,Masculino,41,(11) 98349-8485,Site,Polo,À Vista,,Não,05/06/2024,Interesse Futuro,,Morno,14/08/2024
CLI000447,Daniela Melo Andrade,Feminino,49,(81) 98663-5903,Loja Física,Taos,Financiamento,30,Não,08/06/2024,Primeiro Contato,,Frio,12/06/2024
CLI000448,Daniela Rezende,Feminino,53,(85) 95493-3269,Site,T-Cross,Financiamento,25,Sim,11/06/2024,Negociação,,Morno,02/07/2024
CLI002022,Marina Oliveira,Feminino,67,(51) 92839-6284,WhatsApp,Polo,Financiamento,35,Não,20/06/2024,Primeiro Contato,,Morno,27/06/2024
CLI000450,Carolina Lopes,Feminino,29,(24) 95583-9692,Google Ads,Nivus,Financiamento,25,Não,18/06/2024,Primeiro Contato,,Frio,25/06/2024
CLI000451,Eduardo Ribeiro Santos,Masculino,39,(11) 92532-1660,OLX,Taos,Financiamento,30,Sim,26/06/2024,Insucesso,Crédito Negado,Frio,19/06/2024
CLI000452,Vitória Castro Freitas,Feminino,50,(11) 91142-1823,OLX,Amarok,À Vista,,Não,18/06/2024,Interesse Futuro,,Morno,09/06/2024
CLI000453,Ricardo Barros,Masculino,49,(16) 99834-3411,Instagram,T-Cross,À Vista,,Não,17/06/2024,Insucesso,Produto Indisponível,Frio,24/06/2024
CLI000454,Fernando Rodrigues Santana,Masculino,20,(31) 96855-2663,WhatsApp,T-Cross,Financiamento,10,Não,26/06/2024,Agendamento,,Frio,04/07/2024
CLI000455,Eduardo Rodrigues Santana,Masculino,46,(48) 95893-4460,Site,Polo,Financiamento,35,Não,24/06/2024,Insucesso,Produto Indisponível,Frio,21/07/2024
CLI000456,Daniel Costa Silva,,57,(71) 92670-6438,Instagram,Polo,Financiamento,30,Sim,21/06/2024,Agendamento,,Morno,26/06/2024
CLI000457,Marcos Nascimento Batista,Masculino,54,(24) 92195-7811,Facebook Ads,Saveiro,Financiamento,15,Não,24/06/2024,Insucesso,Financeiro,Frio,25/07/2024
CLI000458,Caio Oliveira,Masculino,48,(27) 91487-0334,WhatsApp,Nivus,À Vista,,Não,03/06/2024,Insucesso,Produto Indisponível,Frio,23/07/2024
CLI000459,Bianca Barros Carvalho,Feminino,30,(13) 93826-1712,Google Ads,Virtus,Financiamento,20,Não,21/06/2024,Primeiro Contato,Crédito Negado,Frio,26/06/2024
CLI000460,Fernando Barbosa,Masculino,46,(24) 94681-1605,Instagram,Virtus,Financiamento,25,Não,17/06/2024,Primeiro Contato,,Morno,21/06/2024
CLI000461,Gabriela Rezende Ferreira,Feminino,52,(21) 9999,Facebook Ads,Amarok,Financiamento,40,Sim,04/06/2024,Sucesso,,Quente,05/07/2024
CLI000462,Ricardo Alves,Masculino,55,(17) 99799-9219,Instagram,Virtus,À Vista,,Não,21/06/2024,Agendamento,,Frio,06/07/2024
CLI000463,Lucas Nascimento,Masculino,58,(41) 99300-6188,Site,Polo,À Vista,,Não,05/06/2024,Interesse Futuro,,Morno,29/07/2024
CLI000464,Samuel Araújo,Masculino,66,(81) 93037-2254,Loja Física,Polo,À Vista,10,Sim,13/06/2024,Agendamento,,Quente,27/06/2024
CLI000465,André Almeida,Masculino,30,(11) 98445-5372,Google Ads,Polo,Financiamento,10,Não,30/06/2024,Insucesso,Financeiro,Morno,17/07/2024
CLI000466,Júlia Oliveira,Feminino,64,(27) 95521-2423,Google Ads,Saveiro,Financiamento,35,Sim,05/06/2024,Sucesso,,Quente,12/07/2024
CLI000467,Thiago Santos,Masculino,32,(11) 98957-6547, Instagram  ,T-Cross,Financiamento,25,Não,20/06/2024,Primeiro Contato,,Frio,27/06/2024
CLI000468,Leonardo Costa,Masculino,41,(15) 92558-5969,Google Ads,Polo,À Vista,,Não,12/06/2024,Sucesso,,Quente,09/07/2024
CLI000469,Gabriela Teixeira,Feminino,44,(47) 91128-1052,Site,Polo,À Vista,,Sim,20/06/2024,Sucesso,,Quente,29/06/2024
CLI000470,Mateus Nascimento Gonçalves,Masculino,51,(85) 91045-2057,Site,Amarok,À Vista,,Não,02/06/2024,Primeiro Contato,,Morno,05/06/2024
CLI000471,Guilherme Cardoso Melo,Masculino,33,(16) 99608-5893,WhatsApp,Polo,Financiamento,10,Sim,05/06/2024,Sucesso,,Quente,08/06/2024
CLI000472,Ana Castro Ramos,Feminino,30,(27) 95798-6188,Instagram,Polo,À Vista,,Sim,2024-06-02,Negociação,,Morno,23/06/2024
CLI000473,Eduardo Santos,Masculino,16,(17) 93669-8007,Loja Física,Nivus,Financiamento,30,Não,11/06/2024,Insucesso,Contato Sem Sucesso,Frio,01/07/2024
CLI000474,Eduarda Ferreira Santos,Feminino,36,(85) 96533-0140,Site,Polo,Financiamento,30,Sim,17/06/2024,Sucesso,,Quente,02/07/2024
CLI000475,Helena Rodrigues Freitas,Feminino,54,(11) 91807-2081,Instagram,Polo,Financiamento,30,Sim,16/06/2024,Sucesso,,Quente,14/07/2024
CLI000476,Pedro Rezende,Masculino,61,(61) 95713-9511,WhatsApp,Polo,Financiamento,50,Não,20/06/2024,Insucesso,Contato Sem Sucesso,Frio,16/08/2024
CLI000477,Natália Moreira Rocha,Feminino,40,(16) 97231-8047,WhatsApp,Amarok,Financiamento,10,Não,02/06/2024,Primeiro Contato,,Morno,05/06/2024
CLI000478,Isabela Batista Araújo,Feminino,45,(71) 97724-4247,Site,Virtus,Financiamento,25,Não,25/06/2024,Insucesso,Comprou no Particular,Frio,17/08/2024
CLI000479,Eduarda Moreira,Feminino,43,(19) 92659-8493,Indicação,Polo,Financiamento,25,Sim,28/06/2024,Sucesso,,Quente,23/07/2024
CLI000480,Clara Lima,Feminino,43,(51) 93524-1568,Google Ads,Virtus,Financiamento,15,Sim,24/06/2024,Primeiro Contato,,Frio,29/06/2024
CLI000481,Rafael Mendes Lopes,Masculino,70,(31) 94402-0286,OLX,Nivus,Financiamento,25,Sim,10/06/2024,Negociação,,Quente,22/06/2024
CLI000482,Mariana Soares Gonçalves,Feminino,51,(17) 91875-1802,Google Ads,Polo,Financiamento,25,Não,24/06/2024,Agendamento,,Quente,04/07/2024
CLI000483,Lucas Barros,Masculino,24,(85) 97224-6917,Loja Física,Amarok,Financiamento,15,Não,26/06/2024,Agendamento,,Quente,18/06/2024
CLI000484,Guilherme Silva,Masculino,49,(31) 95110-4597,Site,Polo,Financiamento,20,Sim,20/06/2024,Negociação,,Morno,28/06/2024
CLI000485,Murilo Cardoso Almeida,Masculino,51,(12) 96259-4311,Facebook Ads,Nivus,Financiamento,,Não,18/06/2024,Primeiro Contato,,Morno,21/06/2024
CLI000486,Valentina Santos Barros,Feminino,39,(12) 96244-2967,Loja Física,Saveiro,Financiamento,10,Sim,16/06/2024,Negociação,,Quente,2024-07-12
CLI000487,Henrique Freitas,Masculino,54,(11) 91967-2715,Indicação,Saveiro,Financiamento,20,Não,02/06/2024,Sucesso,,Quente,14/07/2024
CLI000488,Rafaela Pereira,Feminino,38,(31) 95230-5457,Instagram,Virtus,Financiamento,20,1,23/06/2024,Insucesso,Crédito Negado,Frio,07/07/2024
CLI000489,Patrícia Castro,Feminino,49,(41) 97665-4819,Indicação,T-Cross,Financiamento,30,Sim,01/06/2024,Negociação,,Morno,19/06/2024
CLI000490,Leonardo Lopes,Masculino,42,(16) 94199-0695,Instagram,T-Cross,Financiamento,25,Sim,25/06/2024,Sucesso,,Quente,21/07/2024
CLI000491,Eduarda Lopes,Feminino,69,(61) 99479-3924,Instagram,Saveiro,Financiamento,30,Sim,15/06/2024,Sucesso,,Quente,04/07/2024
CLI000492,Rodrigo Nunes,Masculino,54,(11) 91620-4490,Facebook Ads,Polo,À Vista,,Sim,29/06/2024,Insucesso,Produto Indisponível,Morno,09/08/2024
CLI000493,Eduardo Almeida,Masculino,24,(16) 93891-7345,Instagram,Amarok,À Vista,,Não,09/06/2024,PRIMEIRO CONTATO ,,Frio,16/06/2024
CLI000494,Lucas Araújo,Masculino,33,(31) 96628-4187,Indicação,Polo,Financiamento,15,Sim,01/06/2024,Primeiro Contato,,Frio,05/06/2024
CLI000495,Marcos Santana,Masculino,22,(13) 92709-3057,GOOGLE ADS,Polo,Financiamento,35,Não,07/06/2024,Insucesso,Comprou no Particular,Frio,25/07/2024
CLI000496,Rodrigo Nunes Almeida,Masculino,45,(21) 99416-3656,Instagram,Nivus,Financiamento,35,Sim,21/06/2024,Negociação,,Quente,07/07/2024
CLI000497,Caio Gomes,Masculino,46,(71) 98382-0298,WhatsApp,Polo,Financiamento,25,Sim,02/06/2024,Primeiro Contato,,Frio,03/06/2024
CLI000498,Thiago Pereira,Masculino,30,(32) 93039-9913,Google Ads,Virtus,Financiamento,10,Não,13/06/2024,Primeiro Contato,,Morno,19/06/2024
CLI000499,Diego Ferreira,Masculino,71,(12) 97412-1074,Google Ads,Tiguan Allspace,Financiamento,30,Sim,13/06/2024,Agendamento,,Morno,24/06/2024
CLI000500,Clara Freitas,Feminino,35,(47) 96873-1453,Instagram,T-Cross,Financiamento,30,Não,17/06/2024,Insucesso,Comprou no Particular,Frio,31/07/2024
CLI000501,Bruna Souza,Feminino,58,(12) 98507-0376,Site,Polo,Financiamento,10,Não,30/06/2024,Agendamento,,Quente,04/07/2024
CLI000502,Lucas Ramos Barbosa,Masculino,55,(85) 97144-2942,Site,Saveiro,Financiamento,30,Sim,19/06/2024,Negociação,,Morno,15/07/2024
CLI000503,Bruno Cardoso,Masculino,38,(32) 97746-6824,Facebook Ads,T-Cross,Financiamento,35,Não,27/07/2024,Primeiro Contato,,Morno,29/07/2024
CLI000504,Guilherme Araújo Rezende,Masculino,56,(47) 92726-6207,Instagram,T-Cross,À Vista,,Não,23/07/2024,Insucesso,Contato Sem Sucesso,Frio,17/08/2024
CLI000505,Laura Araújo Lima,Feminino,53,(19) 94048-0494,Instagram,Tiguan Allspace,Financiamento,35,Não,16/07/2024,Negociação,,Quente,26/06/2024
CLI000506,Mateus Monteiro,Masculino,32,(19) 97762-7254,Loja Física,Polo,Financiamento,25,Sim,03/07/2024,Sucesso,,Quente,20/07/2024
CLI000507,  Marina Rodrigues ,Feminino,41,(15) 94084-2906,Instagram,Polo,À Vista,,Sim,13/07/2024,Insucesso,Produto Indisponível,Frio,20/07/2024
CLI000508,Leonardo Santana,Masculino,54,(21) 97528-3638,Indicação,Amarok,À Vista,,Sim,13/07/2024,NEGOCIAÇÃO ,,Quente,11/08/2024
CLI000509,Henrique Oliveira,Masculino,15,(11) 93114-7857,Indicação,Nivus,Financiamento,30,Não,19/07/2024,Agendamento,,Morno,31/07/2024
CLI000510,Larissa Lima Ribeiro,Feminino,54,(11) 99054-9723,Site,T-Cross,À Vista,,Não,06/07/2024,Primeiro Contato,,Frio,08/07/2024
CLI000511,Patrícia Moreira Rezende,Feminino,57,(41) 96383-1815,Site,T-Cross,À Vista,,Não,15/07/2024,Insucesso,Financeiro,Morno,06/08/2024
CLI000512,Patrícia Teixeira,Feminino,69,(48) 92601-4717,Instagram,Polo,Financiamento,30,Sim,01/07/2024,Negociação,,Morno,19/07/2024
CLI000513,Renan Moreira Santana,Masculino,57,(11) 96648-6378,WhatsApp,Nivus,Financiamento,15,Não,07/07/2024,Primeiro Contato,,Morno,12/07/2024
CLI000514,Rodrigo Pereira Santos,Masculino,44,(51) 96396-3967,Instagram,Virtus,Financiamento,30,Não,23/07/2024,Agendamento,,Quente,06/08/2024
CLI000515,Paulo Araújo,Masculino,38,(13) 93868-8740,Site,T-Cross,Financiamento,25,Sim,13/07/2024,Agendamento,,Morno,20/07/2024
CLI000516,Natália Freitas,Feminino,26,(48) 91638-3595,Facebook Ads,Polo,Financiamento,25,Sim,02/07/2024,Insucesso,Crédito Negado,Frio,18/07/2024
CLI000517,Vanessa Dias,Feminino,25,(16) 96005-3396,Site,Polo,Financiamento,20,Não,16/07/2024,Primeiro Contato,,Frio,23/07/2024
CLI000518,Eduardo Castro,Masculino,46,(48) 98562-2312,Facebook Ads,Nivus,Financiamento,40,Não,30/07/2024,Interesse Futuro,,Morno,03/09/2024
CLI000519,Tatiane Santana,Feminino,65,(15) 96991-9777,OLX,Tiguan Allspace,À Vista,,Sim,03/07/2024,Interesse Futuro,,Morno,21/10/2024
CLI000520,Mateus Rodrigues,Masculino,56,(19) 98727-4976,Site,T-Cross,Financiamento,20,Sim,26/07/2024,Negociação,,Morno,17/08/2024
CLI000521,Caio Freitas,Masculino,40,(51) 97191-6982,Site,Nivus,Financiamento,50,Não,11/07/2024,Agendamento,,Quente,14/07/2024
CLI000522,Camila Moreira,Feminino,103,(12) 93495-7944,WhatsApp,Polo,Financiamento,25,Sim,24/07/2024,Sucesso,,Quente,18/08/2024
CLI000523,Eduardo Soares,Masculino,37,(27) 98674-2240,Site,Nivus,Financiamento,20,Sim,22/07/2024,Sucesso,,Quente,26/08/2024
CLI000524,Marcos Lopes Andrade,Masculino,40,(17) 94629-7773,Indicação,Polo,Financiamento,20,Sim,20/07/2024,Sucesso,,Quente,01/08/2024
CLI000525,Eduardo Castro,Masculino,47,(12) 91226-0949,Facebook Ads,Saveiro,Financiamento,20,Não,26/07/2024,Insucesso,Financeiro,Morno,07/08/2024
CLI000526,Letícia Ramos,Feminino,44,(31) 96128-2238,Instagram,T-Cross,Financiamento,40,Não,11/07/2024,Primeiro Contato,,Frio,13/07/2024
CLI000527,Tatiane Rodrigues,Feminino,43,(21) 98674-7789,Site,Nivus,Financiamento,50,Sim,14/07/2024,Primeiro Contato,,Quente,2024-07-20
CLI000528,Isabela Ribeiro,Feminino,32,(85) 95160-9573,OLX,Nivus,À Vista,,Sim,30/07/2024,Primeiro Contato,,Quente,04/08/2024
CLI000529,Caio Ferreira Cardoso,Masculino,28,(16) 92056-0102,Loja Física,Polo,Financiamento,25,Não,06/07/2024,Interesse Futuro,,Quente,19/09/2024
CLI001275,Luana Araújo,Feminino,34,(71) 94342-1688,Instagram,Polo,Financiamento,40,Sim,16/03/2025,Negociação,,Quente,10/04/2025
CLI000530,Valentina Almeida Silva,Feminino,34,(85) 96431-4364,OLX,Polo,À Vista,,Sim,30/07/2024,Negociação,,Quente,19/08/2024
CLI000531,André Lopes,Masculino,34,(85) 93349-4329,Indicação,T-Cross,Financiamento,40,Não,15/07/2024,Insucesso,Contato Sem Sucesso,Morno,29/08/2024
CLI000532,Samuel Almeida Cardoso,Masculino,50,(31) 95393-5970,WhatsApp,Nivus,Financiamento,35,Sim,20/07/2024,Insucesso,Financeiro,Frio,05/08/2024
CLI000533,Samuel Castro,Masculino,38,(19) 98856-8818,Instagram,Virtus,À Vista,,Não,21/07/2024,Insucesso,Comprou no Particular,Morno,07/23/2024
CLI000534,Natália Silva Moraes,Feminino,33,(21) 99398-7810,Instagram,Saveiro,Financiamento,40,Não,09/07/2024,Primeiro Contato,,Morno,09/07/2024
CLI000535,Helena Lima,Feminino,33,(24) 92357-8073,WhatsApp,T-Cross,Financiamento,25,Não,24/07/2024,Primeiro Contato,,Morno,26/07/2024
CLI000536,Vitória Rodrigues,Feminino,40,(41) 94587-2742,Site,Taos,Financiamento,30,Não,27/07/2024,Primeiro Contato,,Frio,27/07/2024
CLI000537,Daniela Rodrigues Moraes,Feminino,50,(11) 93754-6492,WhatsApp,T-Cross,Financiamento,20,Sim,16/07/2024,Negociação,,Quente,12/07/2024
CLI000538,Clara Moraes Rodrigues,Feminino,59,(21) 99516-5761,Facebook Ads,Saveiro,Financiamento,35,Não,06/07/2024,Primeiro Contato,Financeiro,Frio,08/07/2024
CLI000539,Vitor Moraes,Masculino,31,(24) 95546-9335,Instagram,Virtus,Financiamento,25,Sim,2024-07-06,Agendamento,,Frio,2024-07-11
CLI000540,Rafael Ferreira,Masculino,39,(32) 95944-6475,Google Ads,Polo,Financiamento,35,Sim,02/07/2024,Negociação,,Quente,05/07/2024
CLI000541,Caio Castro Mendes,Masculino,64,(31) 94848-9130,Site,Virtus,Financiamento,25,Sim,06/07/2024,Sucesso,,Quente,10/08/2024
CLI000542,Natália Alves,Feminino,67,(48) 92051-1798,Instagram,Nivus,Financiamento,,Sim,15/07/2024,Primeiro Contato,,Frio,22/07/2024
CLI000543,Bruna Castro,Feminino,31,(48) 91797-8740,Instagram,T-Cross,À Vista,,Sim,28/07/2024,Sucesso,Comprou no Particular,Quente,29/08/2024
CLI000544,Fernanda Pereira,Feminino,46,(51) 98657-7923,Loja Física,Taos,À Vista,,Não,17/07/2024,Primeiro Contato,,Frio,18/07/2024
CLI000545,Bianca Moreira,Feminino,41,(81) 95930-8656,WhatsApp,Saveiro,Financiamento,15,Não,05/07/2024,Primeiro Contato,,Morno,06/07/2024
CLI000546,Camila Moraes Costa,Feminino,41,(62) 95360-0179,Loja Física,Polo,Financiamento,50,Não,30/07/2024,Primeiro Contato,,Frio,03/08/2024
CLI000547,Eduardo Barbosa,Masculino,42,(24) 92219-4511,Google Ads,Nivus,Financiamento,,Não,27/07/2024,Agendamento,,Frio,29/07/2024
CLI000548,Felipe Araújo,Masculino,41,(48) 96359-9837,Instagram,Polo,Financiamento,25,Sim,01/07/2024,Agendamento,,Quente,03/07/2024
CLI000549,Carlos Nascimento,Masculino,40,(11) 94869-9022,Loja Física,Polo,À Vista,,Não,14/07/2024,Primeiro Contato,,Frio,14/07/2024
CLI000550,Mateus Gomes,Masculino,39,(48) 98049-9506,site,Taos,À Vista,,Sim,21/07/2024,Sucesso,,Quente,16/08/2024
CLI000551,Renata Oliveira,Feminino,64,(71) 98775-3632,Indicação,Nivus,À Vista,,Não,21/07/2024,Interesse Futuro,,Morno,21/10/2024
CLI000552,Laura Andrade,Feminino,37,(11) 91333-0280,Instagram,Polo,À Vista,,Não,18/07/2024,Insucesso,Produto Indisponível,Frio,08/08/2024
CLI000553,Luana Dias,Feminino,32,(12) 91794-9824,Site,T-Cross,À Vista,,Não,01/07/2024,Interesse Futuro,Contato Sem Sucesso,Quente,26/07/2024
CLI000554,Vinícius Araújo,Masculino,22,(61) 91488-1728,Facebook Ads,T-Cross,Financiamento,10,Sim,24/07/2024,Sucesso,,Quente,05/09/2024
CLI000555,Valentina Monteiro Santana,Feminino,37,(48) 97623-1468,Facebook Ads,Polo,Financiamento,15,Sim,09/07/2024,Negociação,,Morno,24/07/2024
CLI000556,Vitor Barbosa,Masculino,45,(24) 97099-2971,Loja Física,Polo,À Vista,,Não,17/07/2024,Interesse Futuro,,Frio,31/08/2024
CLI000557,Natália Melo,Feminino,50,(21) 9999,Site,Saveiro,Financiamento,25,Não,20/07/2024,Agendamento,,Quente,30/07/2024
CLI000558,Tatiane Oliveira,Feminino,53,(85) 91160-3127,Site,Polo,À Vista,,Sim,20/07/2024,Sucesso,,Quente,17/08/2024
CLI000559,Clara Gonçalves,Feminino,45,(51) 91307-0548,Google Ads,Taos,Financiamento,,Sim,14/07/2024,Agendamento,,Morno,17/07/2024
CLI000560,Carlos Martins Teixeira,Masculino,34,(31) 96097-1222,OLX,Nivus,À Vista,,Sim,09/07/2024,Primeiro Contato,,Quente,09/07/2024
CLI000561,Gabriel Almeida Rezende,Masculino,68,(13) 91375-8007,OLX,T-Cross,Financiamento,15,Sim,10/07/2024,Insucesso,Crédito Negado,Frio,16/08/2024
CLI000562,Rodrigo Santana,Masculino,54,(51) 96564-5590,WhatsApp,T-Cross,Financiamento,40,Não,12/07/2024,Insucesso,Financeiro,Frio,30/08/2024
CLI000563,Marcelo Lopes Soares,Masculino,39,(21) 94328-6891,Google Ads,T-Cross,Financiamento,10,Não,27/07/2024,Insucesso,Financeiro,Frio,29/07/2024
CLI000564,Rafaela Melo,Feminino,21,(11) 97633-3986,Loja Física,Polo,À Vista,,Sim,01/07/2024,Agendamento,,Morno,07/07/2024
CLI000565,Eduardo Duarte Rocha,Masculino,29,(16) 97090-7098,Loja Física,Polo,Financiamento,35,Não,14/07/2024,Primeiro Contato,,Frio,18/07/2024
CLI000566,Daniela Teixeira,Feminino,45,1198877-66,WhatsApp,Polo,À Vista,,Sim,15/07/2024,Negociação,,Quente,06/08/2024
CLI000567,Henrique Moraes Oliveira,Masculino,63,(71) 96284-1914,OLX,Polo,Financiamento,25,Não,27/07/2024,Primeiro Contato,,Frio,28/07/2024
CLI000568,Júlia Martins Monteiro,Feminino,36,(27) 95022-3366,OLX,Saveiro,À Vista,,Não,24/07/2024,Agendamento,,Quente,08/07/2024
CLI000569,Samuel Santos,Masculino,48,(27) 99809-3242,Facebook Ads,Saveiro,À Vista,,Sim,10/07/2024,Negociação,,Quente,09/08/2024
CLI000570,Valentina Gonçalves,Feminino,69,(27) 91674-6578,Loja Física,Saveiro,Financiamento,35,Não,28/07/2024,Insucesso,Contato Sem Sucesso,Frio,05/08/2024
CLI000571,André Rocha,Masculino,35,(47) 98181-7819,Site,Polo,Financiamento,25,Sim,13/07/2024,AGENDAMENTO ,,Morno,18/07/2024
CLI000572,Rafaela Araújo,Feminino,52,(31) 97524-1130,Site,T-Cross,À Vista,,Não,22/07/2024,agendamento,,Quente,26/07/2024
CLI000573,Carolina Castro,Feminino,63,(27) 94131-0142,Loja Física,Saveiro,Financiamento,30,Não,09/07/2024,Insucesso,Crédito Negado,Frio,28/08/2024
CLI000574,Guilherme Ramos,Masculino,56,(48) 93014-6012,Site,Polo,Financiamento,30,Sim,17/07/2024,Negociação,,Quente,25/07/2024
CLI000575,André Duarte,Masculino,35,(27) 92832-5901,Site,T-Cross,Financiamento,20,Sim,31/07/2024,Sucesso,,Quente,14/08/2024
CLI000576,Marcos Martins Freitas,Masculino,39,(15) 95688-5190,Google Ads,T-Cross,Financiamento,20,Não,27/07/2024,Agendamento,,Morno,11/08/2024
CLI000577,Marina Martins Silva,Feminino,37,(61) 91619-2099,Instagram,Saveiro,Financiamento,30,Sim,25/07/2024,Negociação,,Quente,16/08/2024
CLI000578,Daniel Silva Teixeira,Masculino,29,(47) 93811-5115,WhatsApp,T-Cross,À Vista,,Sim,16/07/2024,Agendamento,,Morno,26/07/2024
CLI000579,Rafaela Dias,Feminino,,(51) 96164-8159,Google Ads,Virtus,Financiamento,30,Sim,30/07/2024,Negociação,,Quente,26/08/2024
CLI000580,Felipe Santana,Masculino,43,(17) 95937-1436,Google Ads,T-Cross,Financiamento,20,Não,07/07/2024,Interesse Futuro,,Morno,19/10/2024
CLI000581,André Melo Gonçalves,Masculino,49,(32) 92156-6754,Instagram,Polo,Financiamento,20,Sim,11/07/2024,Sucesso,,Quente,05/07/2024
CLI000582,Sofia Dias,Feminino,38,(51) 98191-2342,Instagram,Nivus,Financiamento,20,Sim,25/07/2024,Interesse Futuro,,Morno,22/10/2024
CLI000583,Rodrigo Nunes Almeida,Masculino,31,(17) 99070-9758,Facebook Ads,T-Cross,Financiamento,25,Não,28/07/2024,Agendamento,,Quente,09/08/2024
CLI000584,Sofia Nunes Soares,Feminino,38,(41) 97497-1409,WhatsApp,Amarok,Financiamento,25,Sim,15/07/2024,Sucesso,,Quente,08/08/2024
CLI000585,André Martins Castro,Masculino,46,(85) 97017-9562,Google Ads,Virtus,Financiamento,15,Não,03/07/2024,Primeiro Contato,,Frio,07/07/2024
CLI000586,Valentina Freitas,Feminino,52,(47) 91789-4040,WhatsApp,Nivus,À Vista,,Não,05/07/2024,Agendamento,,Morno,15/07/2024
CLI000587,Ricardo Dias,Masculino,26,(71) 99090-0379,Google Ads,Polo,Financiamento,25,Sim,04/07/2024,Primeiro Contato,,Morno,10/07/2024
CLI000588,Daniela Moreira,Feminino,51,(16) 94893-6651,WhatsApp,T-Cross,Financiamento,25,Não,22/07/2024,Primeiro Contato,,Frio,23/07/2024
CLI000589,Mateus Lima Nascimento,Masculino,96,(62) 97833-0218,Instagram,Saveiro,Financiamento,35,Não,14/07/2024,Primeiro Contato,,Quente,16/07/2024
CLI000590,Patrícia Freitas Nunes,Feminino,23,(16) 99103-6097,Google Ads,T-Cross,Financiamento,20,Sim,24/07/2024,Agendamento,,Morno,08/08/2024
CLI000591,Marcos Rocha,Masculino,60,(17) 92462-2982,Instagram,T-Cross,À Vista,,Não,07/07/2024,Primeiro Contato,,Morno,10/07/2024
CLI000592,Renan Freitas,Masculino,35,(11) 97001-7656,Indicação,Nivus,Financiamento,20,Sim,24/07/2024,Interesse Futuro,,Frio,03/11/2024
CLI000593,Eduardo Gonçalves Almeida,Masculino,33,(13) 99827-2824,Loja Física,Nivus,Financiamento,10,Sim,03/07/2024,Primeiro Contato,,Quente,07/07/2024
CLI000594,Camila Moreira Teixeira,Feminino,46,(19) 98758-8482,WhatsApp,Taos,Financiamento,15,Não,17/07/2024,Interesse Futuro,,Morno,27/10/2024
CLI000595,VITÓRIA ALMEIDA,Feminino,31,(81) 94209-3303,Facebook Ads,Virtus,À Vista,,Não,10/07/2024,Insucesso,Comprou no Particular,Morno,23/08/2024
CLI000596,Bruno Santana Martins,Masculino,35,(71) 91124-7733,Loja Física,Polo,Financiamento,20,Sim,24/08/2024,Negociação,,Quente,17/09/2024
CLI000597,Gustavo Pereira Barbosa,Masculino,34,(15) 91626-2140,WhatsApp,Nivus,Financiamento,50,Sim,10/08/2024,Negociação,,Quente,24/08/2024
CLI000598,Lucas Ramos Cardoso,Masculino,47,(15) 96778-4120,WhatsApp,Nivus,Financiamento,15,Sim,20/08/2024,Insucesso,Crédito Negado,Frio,25/08/2024
CLI000599,Júlia Castro,Feminino,60,(31) 95949-6242,Site,Virtus,Financiamento,20,Não,12/08/2024,Interesse Futuro,,Frio,06/12/2024
CLI000600,Mariana Moreira Mendes,Feminino,59,(32) 98780-7675,Instagram,Nivus,Financiamento,15,Sim,26/08/2024,Primeiro Contato,,Morno,26/08/2024
CLI000601,Rafaela Carvalho Araújo,M,54,(47) 93287-9345,WhatsApp,T-Cross,Financiamento,25,Não,25/08/2024,Agendamento,,Frio,09/09/2024
CLI000602,Renan Lima,Masculino,34,(17) 91325-7800,Google Ads,Polo,À Vista,,Não,19/08/2024,Insucesso,Comprou em Outra Concessionária,Frio,16/10/2024
CLI000603,Tatiane Melo,Feminino,36,(16) 96772-8293,Indicação,Nivus,Financiamento,35,Não,12/08/2024,Agendamento,,Quente,16/08/2024
CLI000604,Marina Almeida,Feminino,38,(51) 93114-3766,WhatsApp,Virtus,Financiamento,20,Sim,22/08/2024,Insucesso,Crédito Negado,Morno,28/09/2024
CLI000605,Marcos Gomes,Masculino,41,(11) 98063-3168,OLX,T-Cross,À Vista,,Não,02/08/2024,Insucesso,Crédito Negado,Morno,22/09/2024
CLI000606,João Melo,Masculino,59,(81) 94228-9282,Facebook Ads,Polo,Financiamento,35,Não,30/08/2024,Sucesso,,Morno,09/09/2024
CLI000607,Mariana Nunes Batista,Feminino,58,(24) 96332-9689,WhatsApp,Virtus,À Vista,,Não,08/08/2024,Primeiro Contato,Produto Indisponível,Frio,14/08/2024
CLI000608,Felipe Castro,Masculino,42,(51) 97156-1030,WhatsApp,Nivus,Financiamento,40,Sim,22/08/2024,Interesse Futuro,,Morno,14/10/2024
CLI000609,Lucas Nascimento,Masculino,38,(27) 98262-6573,Site,Saveiro,Financiamento,30,Sim,18/08/2024,Sucesso,,Quente,28/08/2024
CLI000610,Rafael Castro,Masculino,23,(31) 94860-1465,Site,Polo,Financiamento,25,Sim,29/08/2024,Negociação,,Quente,13/09/2024
CLI000611,Leonardo Monteiro,Masculino,46,(62) 99503-7068,Instagram,Saveiro,Financiamento,35,Sim,10/08/2024,Sucesso,,Morno,15/09/2024
CLI000612,Carolina Teixeira Santana,Feminino,51,(71) 94686-0593,Site,Polo,Financiamento,15,Sim,03/08/2024,Agendamento,,Quente,15/08/2024
CLI002256,Caio Rezende Carvalho,Masculino,42,(32) 91109-0182,Loja Física,Tiguan Allspace,Financiamento,35,Sim,31/12/2025,Sucesso,,Quente,31/12/2025
CLI000613,Lucas Barros,Masculino,37,9988-7766,Loja Física,Amarok,Financiamento,30,Sim,19/08/2024,Sucesso,,Quente,26/09/2024
CLI000614,Renata Castro,Feminino,59,(24) 94148-0469,Instagram,T-Cross,Financiamento,20,Não,15/08/2024,Negociação,,Morno,22/08/2024
CLI000615,Júlia Rezende,Feminino,39,(13) 98118-9923,Instagram,Polo,Financiamento,25,Sim,06/08/2024,Negociação,,Quente,16/08/2024
CLI000616,Ana Andrade Gonçalves,Feminino,56,(19) 96154-6918,Google Ads,Virtus,À Vista,,Sim,24/08/2024,Agendamento,,Quente,02/09/2024
CLI000617,Patrícia Castro Freitas,Feminino,60,(32) 91537-7316,Google Ads,Tiguan Allspace,Financiamento,40,Não,20/08/2024,Agendamento,,Frio,27/08/2024
CLI000618,Helena Silva,Feminino,38,(13) 99889-3180,Loja Física,Polo,Financiamento,30,Não,13/08/2024,Primeiro Contato,,Frio,16/08/2024
CLI000619,Vinícius Lopes,Masculino,27,(19) 95267-8685,Instagram,T-Cross,Financiamento,20,Não,19/08/2024,Interesse Futuro,,Quente,30/11/2024
CLI000620,Beatriz Nascimento Martins,Feminino,41,(32) 94963-7188,Facebook Ads,Polo,Financiamento,35,Sim,23/08/2024,Sucesso,,Morno,11/09/2024
CLI000621,Júlia Teixeira,Feminino,37,(81) 97253-1976,WhatsApp,Nivus,Financiamento,10,Sim,21/08/2024,Negociação,,Quente,16/08/2024
CLI000622,Patrícia Castro,Feminino,39,(48) 98549-9178,Site,Polo,Financiamento,40,Não,28/08/2024,Sucesso,,Morno,07/09/2024
CLI000623,Helena Dias Nunes,Feminino,39,(21) 96949-8630,Facebook Ads,Nivus,Financiamento,10,sim,07/08/2024,Insucesso,Financeiro,Morno,01/09/2024
CLI000624,Gabriel Mendes,Masculino,36,(62) 92757-1333,Instagram,Virtus,Financiamento,35,Sim,09/08/2024,Sucesso,,Quente,13/08/2024
CLI000625,Luana Moreira,Feminino,60,(24) 99120-1663,WhatsApp,Polo,Financiamento,20,Sim,31/08/2024,Sucesso,,Quente,09/09/2024
CLI000626,Patrícia Rodrigues,Feminino,55,(21) 9999,Instagram,T-Cross,Financiamento,30,Sim,09/08/2024,Agendamento,,Frio,14/08/2024
CLI000627,Bruno Santos,Masculino,52,(47) 92057-7192,Google Ads,Polo,Financiamento,25,Sim,31/08/2024,Sucesso,,Quente,30/09/2024
CLI000628,André Freitas,Masculino,66,(17) 94585-3858,Instagram,Nivus,Financiamento,30,Sim,13/08/2024,Negociação,,Quente,30/08/2024
CLI000629,Sabrina Cardoso,Feminino,66,(51) 91209-1800,OLX,Saveiro,Financiamento,20,Não,11/08/2024,Sucesso,,Quente,21/08/2024
CLI000630,Diego Rocha Melo,Masculino,37,(15) 98465-7856,Instagram,Nivus,Financiamento,15,Não,15/08/2024,Interesse Futuro,,Morno,29/08/2024
CLI000631,André Rocha Lopes,Masculino,34,(12) 92492-1884,WhatsApp,T-Cross,Financiamento,15,Não,10/08/2024,Agendamento,,Frio,21/08/2024
CLI000632,Laura Gomes,Feminino,54,(11) 95806-3601,Google Ads,Polo,Financiamento,30,Não,29/08/2024,Agendamento,,Morno,08/09/2024
CLI000633,Paulo Batista,Masculino,42,(62) 99953-9385,WhatsApp,Polo,Financiamento,25,Sim,22/08/2024,Sucesso,,Morno,30/09/2024
CLI000634,Renan Moraes Pereira,Masculino,49,(51) 99848-7500,Google Ads,Saveiro,Financiamento,10,Sim,30/08/2024,Insucesso,,Frio,07/10/2024
CLI000635,Henrique Ribeiro,Masculino,55,(62) 93975-8714,WhatsApp,Polo,Financiamento,30,Sim,15/08/2024,Sucesso,,Quente,26/08/2024
CLI000636,Murilo Rezende,Masculino,59,(61) 92427-3058,Instagram,Taos,Financiamento,30,Não,17/08/2024,Interesse Futuro,,Morno,07/11/2024
CLI000637,André Andrade,Masculino,42,(15) 96707-5402,Google Ads,Taos,Financiamento,25,Não,26/08/2024,Agendamento,Produto Indisponível,Quente,31/08/2024
CLI000638,Ana Lima,Feminino,52,(31) 92016-6327,Instagram,T-Cross,À Vista,,Não,03/08/2024,Primeiro Contato,,Frio,07/08/2024
CLI000639,Lucas Santos,Masculino,55,(19) 99220-1186,Loja Física,Nivus,Financiamento,25,Não,24/08/2024,Primeiro Contato,,Frio,26/08/2024
CLI000640,Rafaela Martins Barbosa,Feminino,30,(61) 99870-2356,Instagram,Taos,Financiamento,15,Não,21/08/2024,Sucesso,,Quente,25/08/2024
CLI000641,Marina Alves,Feminino,52,(81) 93631-7041,Google Ads,Virtus,Financiamento,15,Não,27/08/2024,Interesse Futuro,,Morno,16/10/2024
CLI000642,Tatiane Araújo Monteiro,Feminino,37,(48) 91543-6710,Site,Polo,À Vista,,Sim,07/08/2024,Sucesso,,Quente,19/08/2024
CLI000643,Tatiane Oliveira,Feminino,21,(47) 94480-5933,OLX,Virtus,Financiamento,35,Sim,25/08/2024,Sucesso,,Quente,17/08/2024
CLI000644,Vitor Alves,Masculino,51,(16) 99599-9634,Google Ads,Virtus,À Vista,,Sim,14/08/2024,Primeiro Contato,,Frio,15/08/2024
CLI001299,Pedro Nascimento Moraes,Masculino,31,(61) 93448-3407,WhatsApp,T-Cross,Financiamento,20,Sim,15/03/2025,Sucesso,,Quente,29/03/2025
CLI000645,Bruno Andrade,Masculino,41,(19) 96277-3576,Google Ads,Polo,À Vista,,Não,09/08/2024,Primeiro Contato,,Quente,15/08/2024
CLI000646,André Nascimento,Masculino,29,(85) 95040-6610,Instagram,Amarok,Financiamento,50,Não,06/08/2024,Insucesso,Comprou em Outra Concessionária,Morno,27/09/2024
CLI000647,Beatriz Gomes,Feminino,19,(17) 95150-1911,WhatsApp,T-Cross,À Vista,,Sim,25/08/2024,Primeiro Contato,,Frio,30/08/2024
CLI000648,Renan Soares,Masculino,26,(51) 91547-0756,OLX,Virtus,Financiamento,20,Não,15/08/2024,Negociação,,Quente,26/08/2024
CLI000649,Larissa Almeida,Feminino,61,(11) 93316-4300,Instagram,Polo,Financiamento,20,Não,11/08/2024,Sucesso,,Quente,03/09/2024
CLI000650,Carlos Batista,Masculino,50,(71) 92066-3334,Instagram,Saveiro,À Vista,,Não,02/08/2024,Insucesso,Comprou em Outra Concessionária,Frio,21/09/2024
CLI000651,Mateus Batista,Masculino,59,(11) 93479-2156,WhatsApp,T-Cross,Financiamento,25,Não,22/08/2024,Primeiro Contato,,Morno,27/08/2024
CLI000652,Rafael Gonçalves Costa,Masculino,49,(16) 96586-6847,Site,Polo,À Vista,,Não,17/08/2024,Primeiro Contato,,Frio,21/08/2024
CLI001849,Rafaela Gonçalves,Feminino,46,(17) 92636-1411,Instagram,Amarok,À Vista,,Sim,05/08/2024,Sucesso,,Quente,15/09/2024
CLI000654,Samuel Gonçalves,Masculino,32,(16) 97391-1623,OLX,Amarok,Financiamento,25,Não,10/08/2024,Agendamento,,Morno,18/08/2024
CLI000655,Leonardo Rezende,Masculino,72,(51) 96345-3085,Google Ads,T-Cross,Financiamento,15,Não,08/29/2024,Interesse Futuro,,Frio,05/11/2024
CLI000656,Paulo Teixeira,Masculino,34,(11) 93406-3693,Google Ads,Saveiro,À Vista,,Sim,27/08/2024,Sucesso,,Quente,06/10/2024
CLI000657,Bruna Rocha Nunes,Feminino,68,(61) 95585-2701,Site,Polo,À Vista,,Sim,19/08/2024,insucesso,Financeiro,Frio,05/09/2024
CLI000658,Sabrina Dias,Feminino,31,(27) 93073-5193,Loja Física,Polo,Financiamento,25,Não,11/08/2024,primeiro contato,,Morno,13/08/2024
CLI000659,Thiago Santos,Masculino,42,(61) 92558-0172,Loja Física,Amarok,Financiamento,25,Sim,23/08/2024,Sucesso,,Quente,31/08/2024
CLI000660,Letícia Freitas Araújo,Feminino,34,(11) 96075-2312,Indicação,Nivus,Financiamento,15,Não,13/08/2024,Primeiro Contato,,Quente,20/08/2024
CLI000661,Sabrina Costa Pereira,Feminino,46,(12) 92167-7163,Google Ads,T-Cross,Financiamento,35,Não,29/08/2024,Primeiro Contato,,Frio,02/09/2024
CLI000662,Marcelo Lopes,Masculino,28,(81) 93714-4538,WhatsApp,Saveiro,Financiamento,30,Não,30/08/2024,Insucesso,Financeiro,Frio,14/10/2024
CLI000663,Larissa Batista,Feminino,31,(81) 95964-1212,Loja Física,Tiguan Allspace,Financiamento,20,Sim,15/08/2024,Agendamento,,Quente,30/08/2024
CLI000664,Murilo Carvalho,Masculino,36,(48) 93343-0117,Instagram,Virtus,À Vista,,Sim,17/08/2024,Sucesso,,Morno,22/09/2024
CLI000665,Luana Silva,Feminino,47,(11) 91508-9917,WhatsApp,Nivus,Financiamento,30,1,16/08/2024,Sucesso,,Quente,13/09/2024
CLI000666,Mariana Nascimento Teixeira,Feminino,52,(85) 94756-7705,Site,Tiguan Allspace,Financiamento,20,Não,16/08/2024,Negociação,,Quente,15/09/2024
CLI000667,Diego Ribeiro,Masculino,20,(15) 92117-7012,Instagram,Nivus,À Vista,,Sim,29/08/2024,Sucesso,,Quente,05/09/2024
CLI000668,Gabriel Alves Oliveira,Masculino,28,(31) 92439-5168,Instagram,Saveiro,Financiamento,15,Não,03/08/2024,Interesse Futuro,,Frio,09/10/2024
CLI000669,Leonardo Dias,Masculino,17,(21) 95821-0241,Loja Física,Saveiro,Financiamento,20,Não,18/08/2024,Primeiro Contato,,Frio,21/08/2024
CLI000670,Marcelo Rezende Santos,Masculino,68,9988-7766,Facebook Ads,T-Cross,Financiamento,25,Não,21/08/2024,Interesse Futuro,,Quente,15/09/2024
CLI000671,Guilherme Rezende Castro,Masculino,54,(71) 93631-5978,OLX,Polo,Financiamento,25,Sim,05/08/2024,Sucesso,,Quente,25/07/2024
CLI000672,João Freitas,Masculino,41,(47) 92898-0808,Loja Física,Amarok,Financiamento,,Não,20/08/2024,Agendamento,,Morno,21/08/2024
CLI000673,Mariana Gomes,Feminino,58,(11) 91893-3308,Google Ads,Polo,À Vista,,Sim,05/08/2024,Sucesso,,Morno,23/08/2024
CLI000674,Ricardo Melo,Masculino,45,(12) 96793-5619,OLX,Polo,À Vista,,Sim,23/08/2024,Sucesso,,Quente,03/10/2024
CLI000675,Marina Silva,Feminino,34,(62) 94314-4024,WhatsApp,Polo,Financiamento,40,Não,17/08/2024,Interesse Futuro,,Morno,26/10/2024
CLI000676,Rafael Rocha Oliveira,Masculino,47,(21) 93562-1241,Site,T-Cross,Financiamento,40,Não,09/08/2024,Negociação,,Quente,19/08/2024
CLI000677,Camila Lopes,Feminino,51,(19) 96046-2606,Google Ads,Tiguan Allspace,Financiamento,35,Sim,18/08/2024,Sucesso,,Quente,24/08/2024
CLI000678,Mariana Gomes Castro,Feminino,58,(85) 96663-3120,Instagram,T-Cross,Financiamento,10,Não,28/08/2024,Primeiro Contato,,Morno,03/09/2024
CLI000679,Isabela Duarte,Feminino,33,(41) 99588-2434,WhatsApp,Polo,Financiamento,20,Sim,19/08/2024,Sucesso,,Quente,22/08/2024
CLI000680,João Costa,Masculino,54,(13) 97954-1932,Indicação,T-Cross,Financiamento,35,Não,26/08/2024,INSUCESSO ,Produto Indisponível,Frio,07/09/2024
CLI000681,Felipe Moraes Rocha,Masculino,67,(31) 99848-0715,Indicação,Saveiro,À Vista,,Não,03/08/2024,Primeiro Contato,,Quente,04/08/2024
CLI000682,Gustavo Souza Pereira,Masculino,48,(16) 92234-1358,Site,Virtus,Financiamento,10,Não,16/08/2024,Insucesso,Produto Indisponível,Morno,08/10/2024
CLI000683,Eduardo Dias,Masculino,39,(17) 94172-0488,Indicação,Polo,Financiamento,40,Não,12/09/2024,Primeiro Contato,,Frio,16/09/2024
CLI000684,Guilherme Ribeiro,Masculino,41,(19) 93130-0648,Facebook Ads,Saveiro,Financiamento,25,Sim,05/09/2024,Sucesso,,Frio,02/10/2024
CLI000685,Bianca Melo,Feminino,64,9988-7766,WhatsApp,T-Cross,Financiamento,30,Não,04/09/2024,Agendamento,,Quente,11/09/2024
CLI000686,Valentina Melo,Feminino,38,(47) 93100-0291,Google Ads,Taos,Financiamento,20,Sim,13/09/2024,Agendamento,,Morno,15/09/2024
CLI000687,Murilo Freitas Araújo,Masculino,32,(48) 96173-4190,Instagram,Virtus,Financiamento,15,Sim,24/09/2024,Negociação,,Quente,06/10/2024
CLI000688,Samuel Dias Gomes,Masculino,66,(16) 93608-9660,Instagram,Amarok,Financiamento,25,Sim,24/09/2024,Primeiro Contato,,Quente,30/09/2024
CLI000689,Thiago Cardoso,Masculino,34,(71) 92016-6984,Facebook Ads,Saveiro,Financiamento,25,Não,27/09/2024,Interesse Futuro,,Frio,19/11/2024
CLI000690,Lucas Freitas Andrade,Masculino,39,(31) 94792-5585,OLX,Nivus,Financiamento,30,Não,06/09/2024,Primeiro Contato,,Frio,09/09/2024
CLI000691,Letícia Alves Gonçalves,Feminino,37,(61) 93351-6261,Google Ads,Virtus,Financiamento,25,Não,2024-09-19,Insucesso,Contato Sem Sucesso,Morno,2024-10-18
CLI000692,Marcos Moraes Silva,Masculino,68,(81) 98583-1415,WhatsApp,T-Cross,Financiamento,,Sim,01/09/2024,Negociação,,Quente,12/09/2024
CLI000693,Sofia Freitas,Feminino,40,(62) 99606-2521,WhatsApp,Saveiro,Financiamento,25,Sim,29/09/2024,Agendamento,,Morno,07/10/2024
CLI000694,Marcos Andrade,Masculino,45,(24) 98769-5698,Facebook Ads,Virtus,À Vista,,Não,26/09/2024,Primeiro Contato,,Quente,29/09/2024
CLI000695,Paulo Teixeira,Masculino,59,(31) 91217-2254,Facebook Ads,Polo,Financiamento,20,Não,14/09/2024,Insucesso,Financeiro,Morno,05/09/2024
CLI000696,Natália Santana,Feminino,44,(61) 97902-2740,WhatsApp,Amarok,Financiamento,10,Não,03/09/2024,Primeiro Contato,,Frio,06/09/2024
CLI000697,Mateus Castro Duarte,Masculino,30,(41) 94443-3788,Google Ads,Polo,Financiamento,15,Sim,27/09/2024,Agendamento,,Quente,03/10/2024
CLI000698,Leonardo Rodrigues Oliveira,Masculino,25,(12) 95697-9537,Site,Polo,Financiamento,30,Não,28/09/2024,Primeiro Contato,,Frio,05/10/2024
CLI000699,Tatiane Alves,Feminino,51,(41) 96400-4818,WhatsApp,Saveiro,Financiamento,30,Não,30/09/2024,primeiro contato,,Frio,30/09/2024
CLI000700,Bruna Barros Santos,Feminino,34,(11) 98555-4536,Loja Física,Virtus,À Vista,,Não,30/09/2024,Insucesso,Comprou em Outra Concessionária,Frio,06/10/2024
CLI000701,Júlia Castro,Feminino,40,(51) 95887-8549,Site,Nivus,Financiamento,35,Não,08/09/2024,Interesse Futuro,,Morno,13/11/2024
CLI000702,Laura Soares Alves,Feminino,31,(85) 93446-8999,Instagram,T-Cross,Financiamento,20,Sim,04/09/2024,Negociação,,Quente,17/09/2024
CLI000703,Camila Ramos Ribeiro,Feminino,32,(32) 99457-3603,Instagram,Polo,Financiamento,20,Não,09/09/2024,Primeiro Contato,,Frio,15/09/2024
CLI000704,Isabela Ferreira Lima,Feminino,44,(11) 96782-9150,Google Ads,T-Cross,Financiamento,,Sim,27/09/2024,Insucesso,Comprou em Outra Concessionária,Frio,23/10/2024
CLI000705,  Luana Soares ,Feminino,42,(31) 91034-3830,Site,Taos,Financiamento,30,Sim,05/09/2024,Sucesso,,Quente,17/10/2024
CLI000706,Pedro Rodrigues,Masculino,33,(19) 92778-5539,Indicação,Nivus,Financiamento,20,Não,12/09/2024,Agendamento,,Quente,23/09/2024
CLI000707,Beatriz Teixeira,Feminino,39,(16) 99673-7497,Instagram,Tiguan Allspace,Financiamento,40,Não,12/09/2024,Primeiro Contato,,Frio,19/09/2024
CLI000708,Daniel Moraes,Masculino,32,(13) 99058-1355,Instagram,Tiguan Allspace,Financiamento,25,Não,24/09/2024,NEGOCIAÇÃO ,,Quente,19/10/2024
CLI000709,Vitor Mendes Almeida,Masculino,51,(19) 92117-3472,Google Ads,Polo,À Vista,,Sim,24/09/2024,Negociação,,Quente,03/10/2024
CLI000710,Camila Andrade Moreira,Feminino,54,(15) 97650-3123,OLX,Saveiro,Financiamento,25,Sim,21/09/2024,Interesse Futuro,,Morno,14/01/2025
CLI000711,Sofia Lima,Feminino,57,(11) 93861-8687,Instagram,Virtus,Financiamento,20,Sim,21/09/2024,Sucesso,,Quente,26/09/2024
CLI000712,Júlia Souza,Feminino,48,(17) 99858-8493,Google Ads,Taos,À Vista,,Não,07/09/2024,Insucesso,Comprou em Outra Concessionária,Morno,08/10/2024
CLI000713,Valentina Andrade,Feminino,45,(85) 97114-1069,Loja Física,Virtus,Financiamento,20,Não,19/09/2024,Agendamento,,Quente,29/09/2024
CLI000714,Vitor Rezende,Masculino,38,(51) 98845-6849,WhatsApp,Polo,Financiamento,15,Não,18/09/2024,Insucesso,Crédito Negado,Frio,12/10/2024
CLI000715,Ana Santana Ribeiro,Feminino,47,(15) 96018-5708,Indicação,T-Cross,Financiamento,20,Sim,17/09/2024,Interesse Futuro,,Quente,2024-09-28
CLI000716,Laura Soares Martins,Feminino,40,(71) 91429-1143,Site,Amarok,Financiamento,20,Não,25/09/2024,Insucesso,Comprou no Particular,Frio,11/11/2024
CLI000717,Ana Barbosa,Feminino,39,(13) 93919-9301,Instagram,Polo,Financiamento,30,Não,08/09/2024,Interesse Futuro,,Morno,28/11/2024
CLI000718,Helena Nunes Rezende,Feminino,34,(11) 91155-4702,Instagram,Nivus,Financiamento,40,Não,25/09/2024,Agendamento,,Quente,10/10/2024
CLI000719,Júlia Araújo Cardoso,Feminino,55,(21) 99711-2099,Google Ads,Polo,Financiamento,35,Não,22/09/2024,Primeiro Contato,,Morno,28/09/2024
CLI000720,Beatriz Nascimento Rodrigues,Feminino,67,(21) 91026-6129,Instagram,Polo,Financiamento,20,Sim,08/09/2024,Interesse Futuro,,Frio,21/10/2024
CLI000721,Marcos Rocha,Masculino,31,(62) 92823-6180,WhatsApp,Polo,Financiamento,25,Sim,26/09/2024,Sucesso,,Quente,27/10/2024
CLI000722,Fernando Moraes Gomes,Masculino,35,(81) 94074-7728,OLX,Saveiro,À Vista,,Não,25/09/2024,Negociação,,Quente,08/10/2024
CLI000723,Sabrina Duarte Barros,Feminino,49,(19) 99167-6033,Loja Física,Saveiro,Financiamento,15,S,10/09/2024,Sucesso,,Quente,15/10/2024
CLI000724,Helena Mendes,Feminino,96,(85) 94884-3450,Instagram,Saveiro,Financiamento,15,Não,24/09/2024,Interesse Futuro,,Frio,14/01/2025
CLI000725,Mateus Andrade,Feminno,53,(62) 93530-1863,Indicação,Polo,Financiamento,25,Sim,16/09/2024,Negociação,,Quente,28/09/2024
CLI000726,Marcos Rodrigues,Masculino,53,(47) 96269-4313,WhatsApp,Polo,Financiamento,50,Não,02/09/2024,Primeiro Contato,,Frio,02/09/2024
CLI000727,Fernanda Lopes Castro,Feminino,45,(81) 91010-3819,Google Ads,Polo,Financiamento,50,Sim,16/09/2024,Negociação,,Quente,26/09/2024
CLI000728,Renata Barbosa,Feminino,39,(61) 98511-1559,Instagram,Virtus,Financiamento,30,Não,06/09/2024,Interesse Futuro,,Quente,01/09/2024
CLI000729,Gabriel Rodrigues,Masculino,51,(11) 98039-6624,Loja Física,Amarok,Financiamento,40,Sim,16/09/2024,Sucesso,,Quente,26/09/2024
CLI000730,Gabriela Andrade Rezende,Feminino,36,(16) 97546-0066,Indicação,T-Cross,Financiamento,25,Sim,25/09/2024,Agendamento,,Quente,03/10/2024
CLI000731,Júlia Ribeiro Alves,Feminino,49,(61) 91641-1360,Google Ads,Virtus,Financiamento,30,Não,16/09/2024,Primeiro Contato,,Frio,16/09/2024
CLI000732,Bruna Freitas,Feminino,37,(11) 97281-7668,WhatsApp,Amarok,À Vista,,Não,30/09/2024,Insucesso,Financeiro,Morno,29/11/2024
CLI000733,Luana Rocha Batista,Feminino,34,(85) 92407-3849,Instagram,Saveiro,Financiamento,35,Sim,20/09/2024,Primeiro Contato,,Frio,24/09/2024
CLI000734,Carlos Santos,Masculino,51,(12) 96020-3886,Site,Nivus,Financiamento,25,Sim,03/09/2024,Negociação,,Quente,13/09/2024
CLI000735,Diego Ferreira,Masculino,25,(61) 95465-3112,WhatsApp,Saveiro,Financiamento,25,Não,16/09/2024,Agendamento,Financeiro,Morno,20/09/2024
CLI000736,Valentina Freitas,Feminino,48,(31) 94090-1199,Google Ads,Saveiro,Financiamento,25,Não,20/09/2024,Primeiro Contato,,Morno,24/09/2024
CLI000737,Gustavo Santana,Masculino,73,(47) 93381-7543,Google Ads,Polo,À Vista,,Sim,20/09/2024,Primeiro Contato,,Frio,24/09/2024
CLI000738,Sabrina Rezende,Feminino,46,(13) 93412-9763,Loja Física,T-Cross,À Vista,,Sim,2024-09-15,Sucesso,,Quente,2024-10-29
CLI000739,Samuel Gonçalves,Masculino,35,(17) 97608-8990,Instagram,Virtus,Financiamento,40,Não,08/09/2024,Insucesso,Produto Indisponível,Morno,01/10/2024
CLI000740,Paulo Rezende Ferreira,Masculino,38,(11) 93541-7971,Instagram,Saveiro,Financiamento,30,Sim,19/09/2024,Sucesso,,Quente,16/10/2024
CLI000741,Sofia Mendes Martins,Feminino,51,(21) 96718-2016,Indicação,Polo,Financiamento,20,Sim,05/09/2024,Sucesso,Financeiro,Quente,07/10/2024
CLI000742,Samuel Moraes Almeida,Masculino,44,(47) 91302-6816,Google Ads,T-Cross,Financiamento,30,Sim,03/09/2024,Agendamento,Contato Sem Sucesso,Quente,09/09/2024
CLI000743,Felipe Moreira,Masculino,40,(48) 94753-5511,Google Ads,Nivus,Financiamento,30,Não,02/09/2024,Agendamento,Crédito Negado,Quente,12/09/2024
CLI000744,Daniela Araújo Gonçalves,Feminino,36,(12) 92308-1701,Loja Física,Polo,Financiamento,20,Não,06/09/2024,Primeiro Contato,,Frio,06/09/2024
CLI000745,Vanessa Andrade,Feminino,67,(15) 93441-8723,Instagram,Nivus,Financiamento,25,Sim,05/09/2024,Primeiro Contato,,Frio,06/09/2024
CLI000746,Camila Cardoso Pereira,Feminino,35,(27) 96844-8959,Google Ads,Polo,À Vista,,sim,04/09/2024,Sucesso,,Quente,08/10/2024
CLI000747,Gabriel Souza,Masculino,38,(41) 92701-2335,Instagram,Saveiro,Financiamento,50,Sim,21/09/2024,Sucesso,,Quente,16/10/2024
CLI000748,Carlos Carvalho Oliveira,Masculino,52,(12) 92323-0968,Instagram,Amarok,Financiamento,25,Não,16/09/2024,Agendamento,,Morno,25/09/2024
CLI000749,Eduardo Barbosa,Masculino,53,(19) 99182-9967,Instagram,Saveiro,Financiamento,40,Não,12/09/2024,Negociação,,Quente,26/09/2024
CLI000750,Mateus Rodrigues,Masculino,59,(21) 97671-4120,Google Ads,Saveiro,Financiamento,25,Não,30/09/2024,Agendamento,,Frio,06/10/2024
CLI000751,Tatiane Ribeiro,Feminino,59,(21) 97565-1003,Site,T-Cross,Financiamento,35,Não,14/09/2024,Negociação,,Morno,27/09/2024
CLI000752,Leonardo Teixeira,Masculino,36,(32) 95806-6942,Instagram,Saveiro,À Vista,,Não,01/09/2024,Primeiro Contato,,Morno,01/09/2024
CLI000753,Samuel Oliveira,Masculino,39,(19) 97058-6765,WhatsApp,Tiguan Allspace,Financiamento,20,Não,18/09/2024,Sucesso,,Quente,17/10/2024
CLI000754,Marina Mendes,Feminino,62,(11) 98745-7644,Indicação,Nivus,Financiamento,25,Não,04/09/2024,Primeiro Contato,,Frio,08/09/2024
CLI000755,Clara Lima Mendes,Feminino,40,(81) 92589-2538,Instagram,Polo,Financiamento,40,Sim,28/09/2024,Sucesso,,Quente,03/11/2024
CLI000756,Vanessa Oliveira Lima,Feminino,31,(41) 94350-3291,Instagram,Nivus,Financiamento,40,Não,17/09/2024,Primeiro Contato,,Frio,20/09/2024
CLI000757,Gabriela Santos,Feminino,32,(41) 98353-8889,WhatsApp,Nivus,Financiamento,20,Não,14/09/2024,Interesse Futuro,,Morno,18/10/2024
CLI001311,Mariana Teixeira,Feminino,50,(41) 91309-5834,OLX,Virtus,À Vista,,Não,29/09/2024,Agendamento,,Frio,03/10/2024
CLI000759,Letícia Batista Gomes,Feminino,41,(11) 99271-4902,WhatsApp,Virtus,Financiamento,30,,11/09/2024,Insucesso,Crédito Negado,Frio,04/11/2024
CLI000760,Clara Soares,Feminino,32,(47) 95278-0400,Site,Tiguan Allspace,Financiamento,25,Não,24/09/2024,Negociação,,Morno,10/10/2024
CLI000761,Laura Rezende Ribeiro,Feminino,34,(41) 95673-9568,Instagram,Polo,À Vista,,Não,17/09/2024,Insucesso,Financeiro,Frio,01/11/2024
CLI000762,Ricardo Barros,Masculino,44,(11) 95582-6292,Google Ads,Saveiro,Financiamento,30,Sim,07/09/2024,Agendamento,,Morno,14/09/2024
CLI000763,João Rocha,Masculino,42,(85) 99094-1149,Google Ads,Polo,À Vista,,Sim,18/09/2024,Negociação,,Morno,08/10/2024
CLI000764,Beatriz Gomes Santana,Feminino,31,(62) 94073-7017,OLX,Virtus,À Vista,,Não,12/09/2024,Insucesso,Crédito Negado,Frio,22/10/2024
CLI000765,Leonardo Souza,Masculino,59,(41) 98121-1162,Instagram,T-Cross,Financiamento,30,Não,25/09/2024,Negociação,,Morno,28/09/2024
CLI000766,Bruna Almeida,Feminino,32,(85) 95174-4917,Google Ads,Nivus,À Vista,,Não,23/09/2024,Sucesso,,Quente,21/10/2024
CLI000767,Sabrina Ramos Rodrigues,Feminino,31,(24) 97452-0361,WhatsApp,T-Cross,À Vista,,Sim,26/09/2024,Agendamento,,Quente,02/10/2024
CLI000768,Bianca Monteiro,Feminino,42,(51) 96935-7589,Loja Física,T-Cross,Financiamento,20,Não,12/09/2024,Insucesso,Comprou em Outra Concessionária,Frio,29/10/2024
CLI000769,Henrique Barbosa,Masculino,37,(62) 94015-6829,Instagram,Saveiro,Financiamento,20,Não,18/09/2024,Primeiro Contato,,Frio,19/09/2024
CLI000770,Marina Andrade Monteiro,Feminino,25,(11) 99822-2837,Loja Física,Saveiro,Financiamento,35,Não,02/09/2024,Interesse Futuro,,Quente,05/12/2024
CLI000771,Letícia Duarte,Feminino,41,(62) 94741-8539,Indicação,Taos,Financiamento,30,Sim,11/09/2024,Insucesso,Comprou em Outra Concessionária,Frio,04/11/2024
CLI000772,Isabela Lopes,Feminino,32,(32) 95375-4548,Site,Taos,Financiamento,35,Não,11/09/2024,Agendamento,,Quente,12/09/2024
CLI000773,Rodrigo Dias,Masculino,41,(47) 91532-0483,Site,Virtus,À Vista,,Não,24/09/2024,Primeiro Contato,,Morno,27/09/2024
CLI000774,Mateus Pereira,Masculino,28,(71) 91434-9058,Facebook Ads,Virtus,Financiamento,35,Não,29/09/2024,Primeiro Contato,,Frio,01/10/2024
CLI002100,Caio Ribeiro,Masculino,53,(48) 97757-4165,WhatsApp,T-Cross,À Vista,,Não,20/11/2025,Agendamento,,Morno,23/11/2025
CLI000775,Samuel Araújo,Masculino,44,(13) 99021-4768,Indicação,Virtus,Financiamento,20,Sim,16/09/2024,Interesse Futuro,,Morno,22/11/2024
CLI000776,Rafael Pereira,Masculino,26,(51) 99692-6326,Instagram,T-Cross,À Vista,,Não,08/10/2024,primeiro contato,,Frio,08/10/2024
CLI000777,Marina Araújo,Feminino,49,(11) 95378-2731,Instagram,Taos,Financiamento,20,Sim,30/10/2024,Negociação,,Quente,21/11/2024
CLI000778,Leonardo Ferreira,Masculino,42,(15) 98484-9019,Site,Polo,Financiamento,25,Não,26/10/2024,Agendamento,,Morno,10/11/2024
CLI000779,Patrícia Rodrigues Rocha,Feminino,46,(32) 93677-3192,Indicação,Saveiro,Financiamento,40,Não,10/10/2024,Insucesso,Produto Indisponível,Frio,23/10/2024
CLI000780,Carolina Souza,Feminino,42,(11) 99996-3584,Instagram,T-Cross,Financiamento,,Não,16/10/2024,Primeiro Contato,,Frio,19/10/2024
CLI000781,Júlia Dias,Feminino,62,(13) 98372-8925,Indicação,Nivus,À Vista,,Sim,20/10/2024,Negociação,,Quente,25/10/2024
CLI000782,Samuel Ribeiro,Masculino,69,(16) 92174-9675,Instagram,Polo,Financiamento,35,Não,21/10/2024,Agendamento,,Morno,03/11/2024
CLI000783,Eduarda Ferreira Rodrigues,Feminino,72,(27) 99496-9967,Google Ads,T-Cross,À Vista,,Não,26/10/2024,Primeiro Contato,,Quente,01/11/2024
CLI000784,Renan Silva Dias,Masculino,28,(11) 93130-5899,Google Ads,T-Cross,Financiamento,20,Não,03/10/2024,Primeiro Contato,,Frio,05/10/2024
CLI000785,Murilo Martins,Masculino,46,(62) 93516-7153,Google Ads,Nivus,Financiamento,25,Não,29/10/2024,Interesse Futuro,,Morno,04/12/2024
CLI000786,Marina Rodrigues,Feminino,62,(16) 91875-7173,Google Ads,T-Cross,Financiamento,30,Sim,02/10/2024,Sucesso,,Quente,29/10/2024
CLI000787,Eduardo Gomes Melo,Masculino,37,(47) 95113-2615,Facebook Ads,Amarok,Financiamento,25,Sim,14/10/2024,Negociação,,Morno,09/11/2024
CLI000788,Samuel Ramos,Masculino,57,(24) 93398-6426,Google Ads,Saveiro,Financiamento,20,Sim,15/10/2024,PRIMEIRO CONTATO ,,Morno,20/10/2024
CLI000789,Bruna Ribeiro,Feminino,60,(17) 93621-6362,Loja Física,Polo,Financiamento,35,Sim,15/10/2024,Sucesso,,Quente,22/11/2024
CLI000790,Rafael Araújo,Masculino,45,(32) 91879-9871,WhatsApp,T-Cross,Financiamento,30,S,16/10/2024,Negociação,,Quente,04/11/2024
CLI000791,Vitor Moraes Oliveira,Masculino,52,(61) 92751-1188,instagram,Nivus,Financiamento,15,Não,17/10/2024,Insucesso,Comprou em Outra Concessionária,Frio,10/11/2024
CLI000792,Fernanda Melo,Feminino,48,(71) 96247-2761,Indicação,Tiguan Allspace,Financiamento,30,Não,24/10/2024,Primeiro Contato,,Frio,30/10/2024
CLI000793,Rodrigo Rocha Nunes,Masculino,40,(11) 98141-5450,Instagram,Polo,Financiamento,30,Não,22/10/2024,Negociação,,Morno,28/10/2024
CLI000794,Daniela Rocha,Feminino,31,(13) 93166-7944,Instagram,Virtus,À Vista,,sim,26/10/2024,Sucesso,,Quente,01/11/2024
CLI000795,Vitor Gonçalves,Masculino,30,(41) 95451-2404,Indicação,Nivus,À Vista,,Sim,24/10/2024,Agendamento,,Quente,04/11/2024
CLI000796,Helena Carvalho,Feminino,55,(11) 94741-2134,Site,Saveiro,Financiamento,25,Sim,10/10/2024,Insucesso,Produto Indisponível,Frio,08/10/2024
CLI000797,Gabriela Moraes Soares,Feminino,37,(51) 93469-9352,Indicação,T-Cross,À Vista,,Não,05/10/2024,Agendamento,,Frio,19/10/2024
CLI000798,Guilherme Freitas Santos,Masculino,61,(11) 95390-4187,OLX,Polo,À Vista,,Sim,02/10/2024,Insucesso,Comprou no Particular,Morno,06/10/2024
CLI000799,Beatriz Ribeiro,Feminino,40,(21) 96514-8950,Indicação,Taos,Financiamento,30,Sim,27/10/2024,Negociação,Contato Sem Sucesso,Morno,24/11/2024
CLI000800,Daniel Costa,Masculino,42,(71) 96270-7917,WhatsApp,Saveiro,Financiamento,25,Não,08/10/2024,Interesse Futuro,,Frio,23/11/2024
CLI000801,Camila Lopes,Feminino,33,(11) 97384-4591,Loja Física,Nivus,À Vista,,Sim,09/10/2024,Sucesso,,Quente,13/11/2024
CLI000802,Valentina Barros Ferreira,Feminino,24,(27) 98319-9061,Site,T-Cross,Financiamento,20,Não,15/10/2024,Primeiro Contato,,Morno,15/10/2024
CLI000803,Carolina Oliveira,Feminino,62,(41) 92775-7615,Google Ads,T-Cross,Financiamento,25,Sim,08/10/2024,Sucesso,,Quente,09/11/2024
CLI000804,Helena Carvalho,Feminino,48,(41) 93776-2476,Facebook Ads,Tiguan Allspace,Financiamento,30,Não,09/10/2024,Agendamento,,Morno,22/10/2024
CLI000805,Paulo Rezende Moraes,Masculino,53,(61) 97354-6951,Instagram,Polo,Financiamento,20,S,29/10/2024,Insucesso,Financeiro,Morno,22/12/2024
CLI000844,Lucas Rocha Gonçalves,Masculino,44,(71) 96111-7095,WhatsApp,Amarok,À Vista,,Sim,28/10/2024,Sucesso,,Morno,10/12/2024
CLI000806,Felipe Ribeiro Cardoso,Masculino,27,(51) 97769-9636,Google Ads,Nivus,Financiamento,40,Não,23/10/2024,Primeiro Contato,,Frio,25/10/2024
CLI000807,Luana Silva,Feminino,45,(15) 99167-5626,Google Ads,Saveiro,Financiamento,30,Sim,25/10/2024,Insucesso,Financeiro,Frio,02/11/2024
CLI000808,Sabrina Freitas Dias,Feminino,51,(15) 91589-1687,google ads,Amarok,Financiamento,20,Não,31/10/2024,Insucesso,Produto Indisponível,Frio,26/12/2024
CLI000710,Camila Andrade Moreira,Feminino,54,(15) 97650-3123,OLX,Saveiro,Financiamento,25,Sim,21/09/2024,Interesse Futuro,,Morno,14/01/2025
CLI000809,Mariana Nunes Martins,Feminino,31,(12) 99496-1461,Indicação,Taos,À Vista,,Não,25/10/2024,Agendamento,,Morno,29/10/2024
CLI000810,Vanessa Barros,Feminino,40,(21) 96073-7544,Indicação,Saveiro,À Vista,20,Sim,26/10/2024,Sucesso,,Quente,14/11/2024
CLI000811,Ricardo Lopes,Masculino,36,(12) 91187-0628,Site,T-Cross,À Vista,,Sim,24/10/2024,Primeiro Contato,,Frio,31/10/2024
CLI000812,Bianca Santos,Feminino,59,(61) 97963-5552,OLX,Saveiro,Financiamento,30,Sim,27/10/2024,Sucesso,,Quente,09/12/2024
CLI000813,Fernando Martins Silva,Masculino,31,(48) 93585-6911,Loja Física,Amarok,Financiamento,50,Não,18/10/2024,Negociação,,Quente,08/11/2024
CLI000814,Ana Alves,Feminino,45,(27) 95815-5648,Google Ads,T-Cross,Financiamento,25,Não,28/10/2024,Interesse Futuro,,Morno,14/12/2024
CLI000815,camila lima rodrigues,Feminino,59,(12) 95655-2690,Instagram,Virtus,Financiamento,15,Sim,01/10/2024,Agendamento,,Morno,16/10/2024
CLI000816,Leonardo Mendes Dias,Masculino,34,(15) 95362-3424,Google Ads,Taos,Financiamento,35,Não,11/10/2024,Negociação,,Morno,14/10/2024
CLI000817,Beatriz Souza Soares,Feminino,68,(47) 96691-5340,Instagram,Virtus,À Vista,,Não,31/10/2024,Primeiro Contato,,Frio,06/11/2024
CLI000818,Luana Moraes Teixeira,Feminino,41,(11) 96100-9749,Google Ads,Virtus,Financiamento,30,Não,17/10/2024,Primeiro Contato,,Frio,17/10/2024
CLI000819,Renan Moraes Moreira,Masculino,41,(27) 93945-7587,Google Ads,Nivus,Financiamento,25,Sim,13/10/2024,Agendamento,,Morno,25/10/2024
CLI000820,Letícia Teixeira Rodrigues,Feminino,40,(11) 93408-9673,Instagram,T-Cross,Financiamento,20,Não,22/10/2024,Interesse Futuro,,Frio,05/11/2024
CLI000821,Samuel Santana,Masculino,38,(51) 99740-0691,WhatsApp,Saveiro,Financiamento,25,Não,20/10/2024,Agendamento,,Morno,24/10/2024
CLI000822,  Sofia Santos ,Feminino,57,(32) 99860-7647,Facebook Ads,Nivus,À Vista,,Não,03/10/2024,Interesse Futuro,,Morno,13/11/2024
CLI000823,Beatriz Santos Lopes,Feminino,38,(13) 98262-6404, Site  ,T-Cross,Financiamento,30,Não,19/10/2024,Interesse Futuro,,Frio,21/12/2024
CLI000824,Helena Batista,Feminino,28,(13) 93385-4457,Indicação,Polo,Financiamento,20,Sim,06/10/2024,Sucesso,,Quente,11/10/2024
CLI000825,João Alves,Masculino,44,(62) 91282-9722,Site,Nivus,À Vista,,Sim,30/10/2024,Negociação,,Quente,07/11/2024
CLI000826,Vinícius Almeida,Masculino,65,(24) 93605-2486,Facebook Ads,Taos,Financiamento,35,Sim,21/10/2024,Sucesso,,Morno,25/10/2024
CLI000827,Ricardo Ribeiro,Masculino,40,(12) 93472-7565,Google Ads,Polo,À Vista,,Sim,12/10/2024,Insucesso,Contato Sem Sucesso,Quente,27/11/2024
CLI000828,Marcos Moraes,Masculino,48,(51) 91055-3705,Instagram,Nivus,Financiamento,35,Não,14/10/2024,Primeiro Contato,,Quente,19/10/2024
CLI000829,Marcos Oliveira Santos,Masculino,25,(11) 98610-6759,Instagram,Saveiro,Financiamento,,Sim,29/10/2024,Sucesso,,Quente,23/11/2024
CLI000830,Larissa Rodrigues,Feminino,73,(12) 93031-9553,WhatsApp,T-Cross,Financiamento,35,Não,26/10/2024,Primeiro Contato,,Morno,30/10/2024
CLI000831,Marina Ramos,Feminino,48,(62) 92349-6368,WhatsApp,Amarok,Financiamento,25,Não,26/10/2024,Primeiro Contato,,Frio,31/10/2024
CLI000832,Marcelo Rezende Dias,Masculino,45,(48) 96001-0354,Loja Física,Polo,Financiamento,20,Sim,19/10/2024,Negociação,,Quente,01/11/2024
CLI000833,Bruna Nunes,Feminino,37,(12) 91732-7017,Google Ads,T-Cross,Financiamento,30,Não,05/10/2024,Primeiro Contato,,Frio,08/10/2024
CLI000834,Mariana Almeida,Feminino,40,(41) 99222-2242,Google Ads,Saveiro,À Vista,,Sim,19/10/2024,Negociação,,Quente,03/11/2024
CLI000835,Gabriel Pereira Gonçalves,Masculino,50,(15) 92791-9142,Site,Saveiro,Financiamento,25,Não,07/10/2024,Sucesso,,Quente,12/10/2024
CLI000836,Diego Lima Alves,Masculino,56,(71) 95958-0254,LOJA FÍSICA,Nivus,Financiamento,10,Sim,04/10/2024,Negociação,,Morno,01/11/2024
CLI000837,Renan Santos,Feminno,45,(81) 92961-3665,OLX,Polo,Financiamento,35,Não,31/10/2024,Interesse Futuro,,Morno,12/01/2025
CLI000838,Marina Monteiro,Feminino,59,(71) 95556-4151,Google Ads,Virtus,Financiamento,20,Não,22/10/2024,Primeiro Contato,,Morno,27/10/2024
CLI000839,Sabrina Souza Gonçalves,Feminino,23,(31) 91395-0417,Instagram,Taos,À Vista,,Sim,09/10/2024,Negociação,,Morno,06/11/2024
CLI000840,Felipe Gomes,Masculino,59,(19) 93927-8852,Loja Física,Nivus,Financiamento,15,Sim,06/10/2024,Negociação,,Morno,27/10/2024
CLI000841,Felipe Ferreira,Masculino,38,(31) 92694-2514,WhatsApp,Tiguan Allspace,Financiamento,10,Sim,30/10/2024,Insucesso,Produto Indisponível,Frio,07/12/2024
CLI000842,Thiago Rezende Barros,Masculino,50,(12) 91785-5576,Site,Polo,À Vista,,Sim,31/10/2024,Sucesso,,Quente,25/11/2024
CLI000843,Vitor Pereira,Masculino,46,(11) 96464-0858,Instagram,Nivus,Financiamento,20,Não,09/10/2024,Agendamento,,Quente,21/10/2024
CLI000844,Lucas Rocha Gonçalves,Masculino,44,(71) 96111-7095,WhatsApp,Amarok,À Vista,,Sim,28/10/2024,Sucesso,,Morno,10/12/2024
CLI001281,Luana Duarte,Feminino,52,(41) 94352-4533,OLX,Polo,Financiamento,25,Sim,20/03/2025,Negociação,,Frio,27/03/2025
CLI000845,Renan Silva,Masculino,48,(24) 99993-9877,Instagram,Nivus,Financiamento,15,Não,08/10/2024,Agendamento,,Quente,13/10/2024
CLI000846,Paulo Gomes,Masculino,70,(24) 94247-0640,Google Ads,Taos,Financiamento,25,Não,10/10/2024,Insucesso,Comprou no Particular,Morno,25/11/2024
CLI000847,Ana Silva Melo,Feminino,26,(81) 98521-2681,Google Ads,Amarok,Financiamento,40,Sim,24/10/2024,Primeiro Contato,,Frio,26/10/2024
CLI000848,Mateus Mendes,Masculino,70,(71) 97618-9498,WhatsApp,Polo,Financiamento,20,Sim,17/10/2024,Agendamento,,Quente,01/11/2024
CLI000849,João Almeida,Masculino,35,(15) 95128-5611,Google Ads,Polo,Financiamento,30,Não,28/10/2024,INSUCESSO ,Contato Sem Sucesso,Frio,11/12/2024
CLI000850,Vanessa Carvalho Ramos,Feminino,69,(15) 98562-2775,WhatsApp,Nivus,Financiamento,20,Não,24/10/2024,Sucesso,,Morno,01/12/2024
CLI000851,André Silva Soares,Masculino,26,(13) 98568-9287,Site,T-Cross,À Vista,,Sim,05/10/2024,Primeiro Contato,,Morno,05/10/2024
CLI000852,Gustavo Nascimento Soares,Masculino,58,(85) 96901-8566,Instagram,Saveiro,Financiamento,30,Não,25/10/2024,Sucesso,,Quente,12/11/2024
CLI000853,Rodrigo Carvalho Soares,Masculino,41,(16) 92239-6076,OLX,Saveiro,Financiamento,15,Não,30/10/2024,Primeiro Contato,,Frio,05/11/2024
CLI000854,Júlia Moraes,Feminino,40,(12) 98436-5579,Loja Física,Polo,Financiamento,20,Sim,22/10/2024,Sucesso,Financeiro,Quente,02/11/2024
CLI000855,Luana Alves Costa,Feminino,42,(85) 92260-2131,WhatsApp,Polo,Financiamento,15,Não,09/10/2024,Primeiro Contato,,Morno,16/10/2024
CLI000856,Caio Souza,Masculino,44,(41) 91136-8191,WhatsApp,T-Cross,Financiamento,30,Sim,31/10/2024,Agendamento,,Quente,13/11/2024
CLI000857,Marina Rodrigues Rezende,Feminino,44,(11) 99658-7955,Loja Física,T-Cross,Financiamento,20,Não,01/10/2024,Sucesso,,Quente,02/11/2024
CLI000858,Leonardo Teixeira,Masculino,43,(31) 93384-2002,WhatsApp,Saveiro,Financiamento,30,Não,12/10/2024,Agendamento,,Quente,21/10/2024
CLI000859,Larissa Martins Ferreira,Feminino,58,(41) 94601-5189,Instagram,Polo,Financiamento,35,Sim,07/10/2024,Sucesso,,Quente,25/10/2024
CLI000860,Renata Lopes,Feminino,37,(21) 9999,Indicação,Nivus,Financiamento,25,Não,28/10/2024,Interesse Futuro,,Frio,23/12/2024
CLI000861,Helena Ferreira,Feminino,39,(15) 96027-4947,Facebook Ads,Polo,Financiamento,30,Não,17/10/2024,Agendamento,,Morno,31/10/2024
CLI000862,Patrícia Teixeira Santana,Feminino,29,(16) 94898-8911,Google Ads,Virtus,Financiamento,35,Sim,29/10/2024,Negociação,Crédito Negado,Quente,07/11/2024
CLI000863,Paulo Freitas,Masculino,54,(51) 94747-9052,WhatsApp,Polo,Financiamento,10,Não,29/10/2024,Insucesso,Comprou no Particular,Frio,07/11/2024
CLI000864,Rodrigo Carvalho,Masculino,48,(11) 93124-0033,Indicação,T-Cross,Financiamento,20,Não,14/10/2024,Insucesso,Produto Indisponível,Morno,01/12/2024
CLI000865,Renan Castro,Masculino,31,(31) 95990-1399,Site,Polo,Financiamento,20,Sim,31/10/2024,Agendamento,,Morno,10/11/2024
CLI000866,Ana Ribeiro,Feminino,39,(13) 99826-7170,Google Ads,Amarok,Financiamento,20,Não,17/10/2024,Agendamento,,Morno,28/10/2024
CLI000867,Tatiane Ramos Rezende,Feminino,57,(11) 94677-2013,Site,Polo,Financiamento,35,Sim,2024-10-26,Negociação,,Quente,2024-11-05
CLI000868,Henrique Gonçalves Nunes,Masculino,46,9988-7766,Loja Física,Virtus,Financiamento,25,Sim,15/10/2024,Negociação,,Morno,09/11/2024
CLI000869,Diego Carvalho,Masculino,72,(11) 91114-9412,WhatsApp,T-Cross,Financiamento,35,Não,16/10/2024,Insucesso,Crédito Negado,Frio,11/11/2024
CLI000870,Pedro Santana Alves,Masculino,67,(12) 95377-4033,WhatsApp,T-Cross,Financiamento,25,Não,26/10/2024,Interesse Futuro,,Frio,11/12/2024
CLI000871,Mateus Moraes Gomes,Masculino,37,(61) 94155-7961,Loja Física,Virtus,Financiamento,30,Não,19/10/2024,Agendamento,,Frio,29/10/2024
CLI000872,Bianca Duarte Cardoso,Feminino,36,(16) 91521-5502,Instagram,Polo,À Vista,,Não,10/10/2024,Primeiro Contato,,Morno,12/10/2024
CLI000873,Carolina Rocha,Feminno,30,(15) 92179-2665,WhatsApp,Polo,À Vista,,Não,16/10/2024,Primeiro Contato,,Frio,18/10/2024
CLI000874,Laura Pereira Souza,Feminino,37,(17) 94765-0845,WhatsApp,Polo,Financiamento,20,Não,23/10/2024,Primeiro Contato,,Morno,26/10/2024
CLI000875,Rafael Araújo Gomes,Masculino,37,(71) 96670-6646,Site,Polo,Financiamento,25,Sim,14/11/2024,Sucesso,,Quente,25/11/2024
CLI000876,Bruna Moraes,Feminino,48,(21) 98138-4302,Instagram,T-Cross,Financiamento,30,Sim,21/11/2024,Sucesso,,Quente,30/11/2024
CLI000877,Diego Moraes,Masculino,49,(81) 94491-6450,Site,Saveiro,Financiamento,20,Sim,15/11/2024,Sucesso,,Quente,11/12/2024
CLI000878,Vinícius Cardoso,Masculino,56,(85) 95996-5906,Instagram,Virtus,À Vista,,Não,03/11/2024,Interesse Futuro,,Morno,26/11/2024
CLI000879,Mariana Barros Carvalho,Feminino,31,(51) 99480-9774,Google Ads,Virtus,À Vista,,Não,07/11/2024,INSUCESSO ,Comprou no Particular,Frio,27/12/2024
CLI000880,Diego Soares,Masculino,41,(15) 96563-9148,WhatsApp,T-Cross,Financiamento,,Não,05/11/2024,Agendamento,,Frio,12/11/2024
CLI000881,Luana Lopes Santana,Feminino,39,(21) 9999,Loja Física,Saveiro,Financiamento,25,Não,17/11/2024,Sucesso,,Quente,20/11/2024
CLI000882,Vinícius Moreira Carvalho,,49,(41) 93185-0927,OLX,Taos,À Vista,,Não,06/11/2024,Interesse Futuro,,Frio,25/01/2025
CLI000883,Bianca Melo Almeida,Feminino,36,(19) 92111-9845,WhatsApp,Saveiro,Financiamento,30,Sim,21/11/2024,Negociação,,Quente,16/12/2024
CLI000884,Eduarda Araújo,Feminino,46,(31) 92010-6661,Loja Física,Amarok,Financiamento,30,Sim,04/11/2024,Sucesso,,Quente,05/12/2024
CLI000885,Mariana Barros,Feminino,35,(15) 98033-4807,Loja Física,Nivus,Financiamento,15,sim,11/11/2024,Insucesso,Crédito Negado,Frio,27/12/2024
CLI000886,Rafaela Souza,Feminino,46,(85) 95254-9906,Loja Física,T-Cross,Financiamento,15,Sim,06/11/2024,Sucesso,,Morno,03/12/2024
CLI000887,Natália Batista,Feminino,52,(17) 92235-1690,Indicação,T-Cross,Financiamento,30,Sim,17/11/2024,Primeiro Contato,,Morno,21/11/2024
CLI000888,Clara Cardoso,Feminino,40,(61) 93409-7647,OLX,T-Cross,Financiamento,30,Não,24/11/2024,Sucesso,,Morno,28/12/2024
CLI000889,Daniela Rodrigues Gonçalves,Feminino,38,(11) 94865-1313,WhatsApp,Saveiro,Financiamento,30,Não,28/11/2024,Interesse Futuro,,Quente,14/02/2025
CLI000890,Júlia Freitas,Feminino,47,(32) 97063-6008,Google Ads,Nivus,Financiamento,25,Sim,05/11/2024,Agendamento,,Morno,19/11/2024
CLI000891,Fernanda Nascimento,Feminino,51,(24) 96164-6042,Site,Polo,Financiamento,40,Não,26/11/2024,Primeiro Contato,,Frio,28/11/2024
CLI000892,Guilherme Dias Santos,Masculino,61,(11) 99664-5144,WhatsApp,Amarok,Financiamento,30,Não,05/11/2024,Insucesso,Financeiro,Morno,18/11/2024
CLI000893,Carolina Cardoso,Feminino,26,(11) 91400-3317,Google Ads,Polo,Financiamento,15,Sim,29/11/2024,Primeiro Contato,,Quente,02/12/2024
CLI000894,Fernando Santos Pereira,Masculino,45,(24) 96302-4605,Loja Física,T-Cross,Financiamento,,Não,10/11/2024,Primeiro Contato,,Morno,10/11/2024
CLI000895,Clara Gonçalves,Feminino,46,(24) 95723-9532,Indicação,Nivus,Financiamento,20,Não,15/11/2024,Primeiro Contato,,Morno,17/11/2024
CLI000896,Guilherme Alves,Masculino,31,(61) 95314-4991,Instagram,Nivus,Financiamento,10,Não,29/11/2024,Primeiro Contato,,Frio,04/12/2024
CLI000897,Rodrigo Gomes,Masculino,54,(41) 93391-6044,Google Ads,Polo,Financiamento,25,Não,07/11/2024,Primeiro Contato,,Quente,11/11/2024
CLI000898,Sofia Barros,Feminino,36,(85) 95786-2922,Site,T-Cross,Financiamento,25,Sim,04/11/2024,Negociação,,Quente,01/12/2024
CLI000899,Samuel Silva,Masculino,33,(31) 91329-9488,WhatsApp,Nivus,À Vista,,Não,27/11/2024,Primeiro Contato,,Quente,02/12/2024
CLI000900,Daniel Freitas Duarte,Masculino,48,(11) 99475-2489,Indicação,Saveiro,Financiamento,20,Não,07/11/2024,Interesse Futuro,,Morno,05/03/2025
CLI000901,Vitória Santana,Feminino,55,(32) 98164-2697,WhatsApp,T-Cross,Financiamento,30,Sim,05/11/2024,Sucesso,,Morno,19/12/2024
CLI000902,Carlos Gonçalves,Masculino,30,(47) 98670-5999,WhatsApp,Nivus,À Vista,,Sim,29/11/2024,Interesse Futuro,,Morno,23/02/2025
CLI000903,Renata Teixeira Santana,Feminino,29,(17) 91496-3750,Instagram,T-Cross,À Vista,,Sim,30/11/2024,Agendamento,,Morno,01/12/2024
CLI000904,Vanessa Martins,Feminino,42,(16) 91941-3012,Indicação,Polo,Financiamento,30,Sim,29/11/2024,Insucesso,Comprou em Outra Concessionária,Frio,19/12/2024
CLI000905,Paulo Ribeiro,Masculino,54,(11) 93117-0551,Indicação,Saveiro,Financiamento,10,Sim,13/11/2024,Interesse Futuro,,Quente,07/02/2025
CLI000906,Vinícius Batista Souza,Masculino,64,1198877-66,Site,T-Cross,Financiamento,25,Não,28/11/2024,Interesse Futuro,,Frio,07/03/2025
CLI000907,Ricardo Souza Santos,Masculino,41,(11) 97267-9847,Loja Física,Amarok,Financiamento,35,Não,14/11/2024,Agendamento,,Morno,24/11/2024
CLI000908,Pedro Barbosa Mendes,Masculino,39,(41) 91348-1734,Facebook Ads,Amarok,Financiamento,20,Não,27/11/2024,Sucesso,,Morno,09/12/2024
CLI000909,Murilo Alves,Masculino,33,(11) 94271-2945,WhatsApp,Nivus,Financiamento,35,Não,01/11/2024,Agendamento,,Morno,08/11/2024
CLI000910,Eduardo Martins,Masculino,42,(19) 93499-4428,Google Ads,Polo,À Vista,,Sim,25/11/2024,Primeiro Contato,,Frio,02/12/2024
CLI000911,Clara Ferreira,Feminino,41,(24) 98004-7904,Loja Física,T-Cross,Financiamento,10,Não,02/11/2024,Primeiro Contato,,Frio,05/11/2024
CLI000912,Diego Ribeiro,Masculino,39,(41) 99625-6687,Loja Física,Nivus,Financiamento,,Sim,25/11/2024,Negociação,,Frio,02/12/2024
CLI000913,  Fernando Martins Nascimento ,Masculino,58,(19) 93919-2643,Instagram,Polo,À Vista,,Não,30/11/2024,Interesse Futuro,,Morno,08/03/2025
CLI000914,Felipe Duarte,Masculino,37,(85) 93953-5945,WhatsApp,Saveiro,À Vista,,Sim,13/11/2024,Agendamento,,Frio,15/11/2024
CLI000915,Renata Dias,Feminino,51,(17) 97232-1459,Google Ads,Tiguan Allspace,Financiamento,35,Sim,03/11/2024,Sucesso,,Quente,21/10/2024
CLI000916,Marcos Silva Monteiro,Masculino,34,(48) 93917-0640,Indicação,Virtus,Financiamento,15,Sim,08/11/2024,Agendamento,,Morno,16/11/2024
CLI000917,Gabriel Rocha Rezende,Masculino,43,(41) 91342-9918,Facebook Ads,Polo,Financiamento,40,Sim,15/11/2024,Sucesso,,Quente,17/12/2024
CLI000918,Patrícia Soares Batista,Feminino,49,(19) 93363-7421,OLX,Polo,À Vista,,Não,29/11/2024,primeiro contato,,Frio,30/11/2024
CLI000919,Leonardo Silva Teixeira,Masculino,34,(21) 97209-3780,Site,T-Cross,Financiamento,40,Sim,14/11/2024,Interesse Futuro,,Morno,08/01/2025
CLI000920,Tatiane Rodrigues,Feminino,71,(32) 95086-5467,Instagram,Saveiro,Financiamento,35,Não,09/11/2024,Primeiro Contato,,Frio,16/11/2024
CLI000921,Marcelo Rezende Teixeira,Masculino,44,(85) 98053-1498,Instagram,T-Cross,Financiamento,20,Sim,29/11/2024,PRIMEIRO CONTATO ,,Frio,01/12/2024
CLI000922,Gustavo Duarte,Masculino,64,(62) 94241-9396,Loja Física,Tiguan Allspace,Financiamento,40,Sim,12/11/2024,Negociação,,Morno,11/12/2024
CLI000923,Fernanda Ribeiro,Feminino,46,(41) 97102-6314,Site,Saveiro,Financiamento,20,Sim,14/11/2024,Insucesso,Comprou em Outra Concessionária,Frio,22/11/2024
CLI000924,Tatiane Castro,Feminino,41,(17) 93565-8193,WhatsApp,Amarok,Financiamento,30,Não,01/11/2024,Agendamento,,Morno,14/11/2024
CLI000925,Bruna Santos Martins,Feminino,51,(62) 93152-1925,Google Ads,Amarok,Financiamento,35,Não,22/11/2024,Insucesso,Produto Indisponível,Morno,27/11/2024
CLI000926,Júlia Melo Rocha,Feminino,16,(51) 98952-3362,Indicação,Nivus,Financiamento,30,Não,16/11/2024,Insucesso,Comprou em Outra Concessionária,Frio,30/12/2024
CLI000927,  Clara Santos Nunes ,Feminino,45,(47) 94345-4602,Instagram,Saveiro,Financiamento,30,Sim,27/11/2024,Sucesso,,Quente,29/12/2024
CLI000928,Fernanda Melo Martins,Feminino,30,(19) 97732-9346,Facebook Ads,T-Cross,Financiamento,50,Sim,20/11/2024,Sucesso,,Quente,05/12/2024
CLI000929,Bianca Carvalho,Feminino,53,(31) 99570-1289,Site,T-Cross,Financiamento,20,Não,13/11/2024,Insucesso,Produto Indisponível,Morno,31/12/2024
CLI000930,Thiago Martins,Masculino,61,(47) 99707-1124,WhatsApp,Nivus,Financiamento,,Sim,25/11/2024,Negociação,,Quente,04/12/2024
CLI000931,Marina Almeida,Feminino,43,(24) 92005-5224,Google Ads,Virtus,Financiamento,40,Sim,21/11/2024,Agendamento,,Morno,22/11/2024
CLI000932,  Renan Gonçalves Cardoso ,Masculino,37,(13) 92805-3272,Loja Física,Saveiro,À Vista,,Sim,20/11/2024,Agendamento,,Frio,04/12/2024
CLI000933,Thiago Moreira Melo,Masculino,42,(21) 95030-5782,WhatsApp,T-Cross,À Vista,,Não,01/11/2024,Interesse Futuro,,Frio,11/12/2024
CLI000934,Gabriel Gonçalves,Masculino,33,(16) 94715-7839,Site,T-Cross,À Vista,,Não,12/11/2024,Insucesso,Comprou em Outra Concessionária,Frio,19/12/2024
CLI000935,Vanessa Silva,Feminino,58,(31) 99944-2678,Loja Física,Virtus,Financiamento,20,Sim,27/11/2024,Sucesso,,Quente,01/12/2024
CLI000936,Renata Moreira,Feminno,55,(17) 92770-6241,Google Ads,Nivus,Financiamento,20,Não,27/11/2024,Negociação,,Morno,19/12/2024
CLI000937,Sabrina Dias,Feminino,25,(61) 91999-6661,INSTAGRAM,Saveiro,À Vista,,Sim,25/11/2024,Negociação,,Morno,01/12/2024
CLI000938,Patrícia Rezende Costa,Feminino,61,(32) 92001-0494,Google Ads,T-Cross,Financiamento,15,Sim,29/11/2024,Primeiro Contato,,Frio,2024-12-05
CLI000939,Marcelo Barros,Masculino,59,(85) 97691-5144,Instagram,T-Cross,Financiamento,30,Não,17/11/2024,Interesse Futuro,,Morno,14/02/2025
CLI000940,Daniela Dias Andrade,Feminino,33,(85) 98968-5187,WhatsApp,T-Cross,Financiamento,40,Sim,08/11/2024,Negociação,Comprou no Particular,Quente,20/11/2024
CLI000941,Ricardo Gomes,Masculino,45,(11) 94416-0351,Loja Física,T-Cross,Financiamento,20,Sim,07/11/2024,Sucesso,,Quente,29/11/2024
CLI000942,André Barros,Masculino,41,(85) 98607-8160,Google Ads,Polo,Financiamento,20,Não,03/11/2024,Insucesso,Produto Indisponível,Frio,07/11/2024
CLI000943,Leonardo Almeida Barbosa,Masculino,35,(31) 94436-9567, Indicação  ,Amarok,Financiamento,40,Não,07/11/2024,Primeiro Contato,,Frio,08/11/2024
CLI000944,Carlos Pereira,Masculino,34,(31) 91352-5144,Google Ads,Polo,Financiamento,20,Sim,04/11/2024,Sucesso,,Quente,16/11/2024
CLI000945,Carlos Martins,Masculino,39,(81) 99293-3525,Instagram,T-Cross,Financiamento,30,Sim,11/11/2024,Sucesso,,Quente,11/12/2024
CLI000946,Larissa Almeida Rezende,Feminino,40,(17) 95984-0712,WhatsApp,Polo,Financiamento,30,Sim,12/11/2024,Agendamento,,Quente,20/11/2024
CLI000947,Daniel Ferreira,Masculino,96,(15) 99451-0597,Loja Física,Amarok,Financiamento,30,Sim,27/11/2024,Agendamento,,Quente,01/12/2024
CLI000948,Gabriel Cardoso,Masculino,49,(81) 98911-1232,Loja Física,Nivus,Financiamento,20,Sim,27/11/2024,Insucesso,Comprou em Outra Concessionária,Frio,14/12/2024
CLI000949,Valentina Lima Carvalho,Feminino,32,(27) 92666-0741,Site,Polo,Financiamento,25,Não,12/11/2024,Agendamento,,Morno,24/11/2024
CLI000950,Clara Ferreira,Feminino,27,(24) 95809-5553,Site,Saveiro,À Vista,,Não,06/11/2024,Interesse Futuro,,Frio,01/02/2025
CLI000951,Fernanda Martins Gomes,Feminino,27,(11) 98404-8668,WhatsApp,Polo,À Vista,,Sim,23/11/2024,Insucesso,Produto Indisponível,Morno,11/01/2025
CLI000952,Paulo Moreira Duarte,Masculino,37,(48) 97816-6058,WhatsApp,Taos,Financiamento,30,Sim,28/11/2024,Negociação,,Frio,07/12/2024
CLI000953,André Mendes,Masculino,48,(11) 93597-5038,Indicação,Polo,Financiamento,10,Não,14/11/2024,Primeiro Contato,,Frio,18/11/2024
CLI000954,Bruna Ramos,Feminino,33,(16) 94889-0240,Facebook Ads,Tiguan Allspace,À Vista,,Não,11/11/2024,Agendamento,,Morno,24/11/2024
CLI000955,Bianca Silva,Feminino,33,(62) 94077-8700,Instagram,Saveiro,Financiamento,30,Sim,06/11/2024,Primeiro Contato,,Quente,06/11/2024
CLI000956,Felipe Nascimento,Masculino,35,(71) 97827-0207,Instagram,Saveiro,À Vista,,Sim,30/11/2024,Agendamento,,Quente,07/12/2024
CLI000957,Luana Silva,Feminino,52,(11) 98312-3137,instagram,Nivus,Financiamento,35,Não,22/11/2024,Sucesso,,Quente,02/01/2025
CLI000958,Marina Nascimento,Feminino,49,(81) 99888-2004,OLX,T-Cross,Financiamento,15,Sim,30/11/2024,Agendamento,,Morno,02/12/2024
CLI000959,Marcos Dias Monteiro,Masculino,57,(11) 92284-9240,WhatsApp,Polo,Financiamento,15,Sim,25/11/2024,Insucesso,Produto Indisponível,Frio,04/12/2024
CLI000960,Luana Freitas,Feminino,36,(32) 95418-9728,Instagram,Taos,À Vista,,Não,23/11/2024,Primeiro Contato,,Quente,25/11/2024
CLI000961,Carolina Oliveira,Feminino,68,(11) 91135-2277,Facebook Ads,T-Cross,Financiamento,30,Sim,13/11/2024,Sucesso,,Quente,11/12/2024
CLI000962,Paulo Melo Nascimento,Masculino,56,(47) 96472-7290,Indicação,Tiguan Allspace,À Vista,,Sim,19/11/2024,Agendamento,,Morno,27/11/2024
CLI000963,Júlia Carvalho,Feminino,36,(85) 98280-4200,Instagram,Amarok,Financiamento,50,Sim,02/11/2024,Interesse Futuro,,Morno,03/12/2024
CLI000964,Rafaela Teixeira,Feminino,21,(13) 99901-8333,Instagram,T-Cross,À Vista,10,Não,21/11/2024,Insucesso,Comprou no Particular,Morno,09/12/2024
CLI000965,Marcos Melo Soares,Masculino,40,(17) 97468-1380,Site,Virtus,Financiamento,15,Sim,15/11/2024,Sucesso,,Quente,12/03/2024
CLI000966,Ricardo Monteiro,Masculino,53,(12) 91407-2319,Loja Física,Virtus,Financiamento,,Sim,11/11/2024,Sucesso,,Quente,20/12/2024
CLI000967,Ricardo Freitas Monteiro,Masculino,60,(47) 98295-2809,WhatsApp,Virtus,Financiamento,25,Sim,13/11/2024,Sucesso,,Quente,26/12/2024
CLI000968,Mateus Moreira,Masculino,30,(21) 99436-2412,WhatsApp,Nivus,Financiamento,15,Não,28/11/2024,Sucesso,Crédito Negado,Morno,07/12/2024
CLI000969,Helena Mendes,Feminino,38,(11) 93154-9778,Site,Virtus,À Vista,,Sim,26/11/2024,Insucesso,Produto Indisponível,Frio,04/01/2025
CLI000970,Gabriela Alves,Feminino,33,(61) 97275-9301,Google Ads,Polo,Financiamento,30,Sim,24/11/2024,Insucesso,Contato Sem Sucesso,Frio,29/11/2024
CLI000971,João Silva,Masculino,33,(51) 95857-6811,Indicação,Saveiro,Financiamento,30,Não,22/11/2024,Agendamento,,Morno,05/12/2024
CLI000972,Carlos Rocha,Masculino,21,(11) 93414-1893,WhatsApp,Taos,Financiamento,30,Não,05/11/2024,Primeiro Contato,,Frio,10/11/2024
CLI000973,Sofia Rodrigues Melo,Feminino,69,(11) 94051-9844,Site,Polo,Financiamento,25,Não,30/11/2024,Negociação,,Quente,25/12/2024
CLI000974,Renata Duarte Gonçalves,Feminino,41,(11) 98803-9854,OLX,T-Cross,Financiamento,30,Sim,11/11/2024,Interesse Futuro,,Frio,28/12/2024
CLI000975,Camila Lopes Almeida,Feminino,71,(85) 99713-6887,Instagram,Nivus,À Vista,,Não,26/11/2024,Agendamento,,Quente,28/11/2024
CLI000976,Rodrigo Alves,Masculino,67,(19) 97817-4607,Google Ads,Taos,Financiamento,40,Não,28/11/2024,Primeiro Contato,,Frio,01/12/2024
CLI000977,Gustavo Martins Ribeiro,Masculino,39,(31) 92857-5063,Google Ads,Saveiro,Financiamento,35,Não,24/11/2024,Primeiro Contato,,Frio,28/11/2024
CLI000978,  Helena Moreira Silva ,Feminino,43,(47) 98136-2537,WhatsApp,Taos,Financiamento,40,Sim,29/11/2024,Sucesso,,Quente,15/12/2024
CLI000979,lucas barros castro,Masculino,38,(48) 99069-6131,Site,Taos,Financiamento,25,Não,01/11/2024,Agendamento,,Frio,04/11/2024
CLI000980,Marcos Andrade,Masculino,31,(41) 96426-2538,Facebook Ads,Polo,Financiamento,35,Não,21/11/2024,Insucesso,Comprou em Outra Concessionária,Frio,28/12/2024
CLI000981,Ricardo Santos Ramos,Masculino,55,(24) 99474-3265,Indicação,Saveiro,À Vista,,Sim,11/11/2024,Agendamento,,Frio,19/11/2024
CLI000982,Patrícia Silva,Feminino,43,(24) 93404-1702,WhatsApp,T-Cross,Financiamento,30,Não,01/11/2024,Agendamento,,Morno,13/11/2024
CLI000983,Samuel Araújo,Masculino,65,(31) 98912-5583,Google Ads,Polo,À Vista,,Não,28/11/2024,Sucesso,,Morno,14/12/2024
CLI000984,Caio Mendes,Masculino,39,(24) 98530-4963,Facebook Ads,Nivus,Financiamento,40,Sim,03/11/2024,Sucesso,,Morno,11/12/2024
CLI000985,Rafaela Oliveira,Feminino,52,(15) 92038-3795,OLX,Taos,Financiamento,10,Não,21/11/2024,Primeiro Contato,,Morno,22/11/2024
CLI000986,Samuel Teixeira,Masculino,44,(21) 98566-4578,Site,T-Cross,À Vista,,Não,15/12/2024,Negociação,,Quente,08/01/2025
CLI000987,Pedro Ramos,Masculino,47,(12) 97796-6333,WhatsApp,Amarok,Financiamento,25,Não,06/12/2024,Agendamento,,Morno,13/12/2024
CLI000988,Bruno Santos Rodrigues,Masculino,40,(17) 94366-8787,Site,Virtus,Financiamento,20,Sim,11/12/2024,Sucesso,,Morno,21/01/2025
CLI000989,Eduardo Rocha,Masculino,,(11) 92403-2697,Google Ads,Polo,Financiamento,30,Não,09/12/2024,Interesse Futuro,,Morno,29/03/2025
CLI000990,Júlia Martins,Feminino,56,(85) 98701-0936,Google Ads,Tiguan Allspace,À Vista,,Não,18/12/2024,Primeiro Contato,,Morno,20/12/2024
CLI000991,Pedro Costa,Masculino,50,(41) 95218-2713,WhatsApp,Virtus,À Vista,,Sim,08/12/2024,Insucesso,Comprou em Outra Concessionária,Frio,31/12/2024
CLI000992,Sofia Costa,Feminino,51,(71) 99949-4595,Indicação,T-Cross,À Vista,,Sim,20/12/2024,Sucesso,,Morno,27/01/2025
CLI000993,Camila Barros Batista,Feminino,45,(71) 95668-2294,WhatsApp,Tiguan Allspace,Financiamento,40,Sim,20/12/2024,Sucesso,,Morno,25/12/2024
CLI000994,Laura Lopes,Feminino,48,9988-7766,Google Ads,Virtus,À Vista,,Sim,01/12/2024,Primeiro Contato,,Frio,08/12/2024
CLI000995,MARCELO ROCHA,Masculino,55,(12) 98429-2380,Facebook Ads,Polo,Financiamento,40,Não,16/12/2024,Agendamento,,Quente,18/12/2024
CLI000996,Diego Almeida,Masculino,25,(71) 96064-7726,Loja Física,Taos,Financiamento,30,Sim,07/12/2024,Agendamento,,Morno,19/12/2024
CLI000997,Bruno Dias,Masculino,30,(11) 93428-5663,Instagram,T-Cross,À Vista,,sim,28/12/2024,Agendamento,,Frio,10/01/2025
CLI000998,Gabriel Gonçalves,Masculino,39,(11) 91410-8523,Loja Física,Saveiro,Financiamento,20,Não,22/12/2024,Insucesso,Produto Indisponível,Frio,15/02/2025
CLI000999,Henrique Rezende Carvalho,Feminno,61,(11) 97808-0812,WhatsApp,Virtus,Financiamento,50,Sim,11/12/2024,Agendamento,,Morno,24/12/2024
CLI001000,Júlia Cardoso Gonçalves,Feminino,17,(71) 98482-6639,Instagram,Polo,À Vista,,Sim,29/12/2024,Negociação,,Quente,31/12/2024
CLI001001,Henrique Dias,Masculino,57,(48) 95678-1396,Facebook Ads,Saveiro,Financiamento,25,Não,08/12/2024,Primeiro Contato,,Morno,09/12/2024
CLI001002,Camila Araújo,Feminino,52,(15) 96683-3826,Instagram,Saveiro,Financiamento,25,Sim,24/12/2024,Negociação,,Quente,01/01/2025
CLI001003,Tatiane Silva Duarte,Feminino,56,(61) 99965-5044,Facebook Ads,Nivus,Financiamento,30,1,04/12/2024,Negociação,,Morno,26/12/2024
CLI001004,Pedro Andrade Alves,Masculino,39,(85) 94846-1326,Instagram,Tiguan Allspace,Financiamento,20,Não,16/12/2024,Insucesso,Comprou em Outra Concessionária,Frio,05/01/2025
CLI001005,Valentina Andrade Batista,Feminino,32,(17) 97744-8855,Instagram,Taos,Financiamento,10,Não,30/12/2024,Primeiro Contato,,Frio,05/01/2025
CLI001006,Isabela Rodrigues,Feminino,68,(24) 94289-5690,Instagram,Polo,À Vista,,1,03/12/2024,Agendamento,,Morno,14/12/2024
CLI001007,Vanessa Oliveira,Feminino,65,(13) 97491-7829,Instagram,Amarok,Financiamento,10,Sim,24/12/2024,Negociação,,Morno,22/01/2025
CLI001008,Valentina Melo Duarte,Feminino,62,(15) 94182-8126,Google Ads,Polo,Financiamento,10,Não,03/12/2024,Insucesso,Financeiro,Frio,04/01/2025
CLI001009,Felipe Batista Lima,Masculino,37,(11) 99758-1216,OLX,Nivus,Financiamento,30,Não,07/12/2024,SUCESSO ,,Quente,11/01/2025
CLI001010,Bruna Mendes,Feminino,32,(11) 93896-4602,Instagram,Polo,À Vista,,Não,11/12/2024,Negociação,Crédito Negado,Morno,07/01/2025
CLI001011,Thiago Moreira Moraes,Masculino,37,(51) 91637-8008,Loja Física,T-Cross,Financiamento,20,Não,16/12/2024,Sucesso,,Quente,19/12/2024
CLI001012,Gabriel Lopes Ramos,Masculino,46,(41) 91870-6940,WhatsApp,Polo,Financiamento,20,Não,30/12/2024,Sucesso,,Morno,19/01/2025
CLI001013,Marina Araújo Dias,Feminino,46,(48) 92530-0551,Loja Física,Polo,Financiamento,20,Não,27/12/2024,Primeiro Contato,,Morno,02/01/2025
CLI001014,Beatriz Pereira,Feminino,62,(12) 99116-4276,WhatsApp,Saveiro,À Vista,,Sim,03/12/2024,Negociação,,Quente,09/12/2024
CLI001015,Leonardo Almeida Batista,Masculino,23,(62) 92217-9405,Indicação,Amarok,Financiamento,30,Não,07/12/2024,Negociação,,Quente,2025-01-04
CLI001016,Natália Monteiro,Feminino,46,(32) 93619-4282,Instagram,Nivus,À Vista,,Não,23/12/2024,Sucesso,,Quente,19/01/2025
CLI001017,Marina Lima,Feminino,29,(62) 95828-5200,Indicação,T-Cross,Financiamento,40,Sim,02/12/2024,Sucesso,,Quente,08/01/2025
CLI001018,Gustavo Nunes,Masculino,41,(21) 98538-7977,Instagram,T-Cross,Financiamento,40,Sim,02/12/2024,Interesse Futuro,,Morno,26/12/2024
CLI001989,Carlos Costa Araújo,Masculino,59,(11) 97442-7204,Site,T-Cross,Financiamento,25,Não,02/10/2025,Insucesso,Crédito Negado,Morno,14/10/2025
CLI001019,Ana Ferreira Lima,Feminino,43,(21) 9999,Instagram,Virtus,Financiamento,30,Sim,28/12/2024,Sucesso,,Quente,07/01/2025
CLI001020,Renan Lopes,Masculino,40,(32) 99919-4196,Indicação,Polo,Financiamento,25,Não,02/12/2024,Interesse Futuro,,Quente,20/02/2025
CLI001021,Guilherme Rodrigues Nascimento,Masculino,38,(15) 95716-6156,Indicação,Polo,À Vista,,Sim,07/12/2024,Agendamento,,Quente,09/12/2024
CLI001022,Sabrina Cardoso,Feminino,45,(16) 97782-5982,Site,Polo,Financiamento,20,Sim,23/12/2024,Negociação,,Quente,29/12/2024
CLI001023,Vanessa Rocha,Feminino,58,(15) 95274-6339,WhatsApp,Virtus,Financiamento,35,Sim,29/12/2024,Sucesso,Produto Indisponível,Quente,18/01/2025
CLI001024,Diego Carvalho,Masculino,47,1198877-66,Google Ads,Polo,Financiamento,35,Sim,20/12/2024,Agendamento,,Frio,01/01/2025
CLI001025,André Soares,Masculino,43,(71) 96116-0957,Instagram,Saveiro,Financiamento,25,,05/12/2024,Sucesso,,Quente,10/01/2025
CLI001026,Tatiane Lima,Feminino,52,(27) 93808-7349,Indicação,Nivus,Financiamento,30,Não,31/12/2024,Interesse Futuro,,Morno,24/03/2025
CLI001027,Caio Duarte,Masculino,32,(13) 94189-3040,Instagram,Saveiro,Financiamento,15,Não,15/12/2024,Primeiro Contato,,Frio,18/12/2024
CLI001028,Daniela Castro Gomes,Feminino,25,(17) 95837-5161,Instagram,Polo,Financiamento,15,Sim,24/12/2024,Sucesso,,Quente,25/01/2025
CLI001029,Lucas Monteiro,Masculino,21,(71) 97880-0205,Google Ads,Virtus,À Vista,,Não,08/12/2024,Insucesso,Crédito Negado,Morno,20/12/2024
CLI001030,Gustavo Santana,Masculino,54,(11) 97255-7701,Instagram,Saveiro,À Vista,,Não,19/12/2024,Interesse Futuro,Produto Indisponível,Quente,12/04/2025
CLI001031,Eduarda Martins Castro,Feminino,26,(71) 94564-9923,Site,Polo,Financiamento,25,Sim,14/12/2024,Sucesso,Contato Sem Sucesso,Quente,07/01/2025
CLI001032,Rafael Andrade,Masculino,54,(31) 96896-9896,Google Ads,Nivus,Financiamento,30,Sim,30/12/2024,Negociação,,Quente,20/01/2025
CLI001033,Clara Melo,Feminino,15,(21) 99422-6636,Site,Polo,Financiamento,25,Não,27/12/2024,Insucesso,Crédito Negado,Morno,24/01/2025
CLI001034,Paulo Moreira,Masculino,52,(71) 94034-7841,Google Ads,T-Cross,Financiamento,30,1,01/12/2024,Primeiro Contato,,Morno,07/12/2024
CLI001035,Camila Araújo,Feminino,60,(51) 91876-4348,Loja Física,Taos,Financiamento,40,Sim,30/12/2024,Negociação,,Quente,17/01/2025
CLI001036,Ana Santos Pereira,Feminino,29,(24) 96110-0076,Google Ads,Polo,À Vista,,Sim,04/12/2024,Sucesso,,Quente,13/12/2024
CLI001037,Diego Almeida Barbosa,Masculino,42,(24) 98564-2484,Indicação,Nivus,Financiamento,10,Sim,12/12/2024,Sucesso,,Quente,25/12/2024
CLI001038,Caio Lima Oliveira,Masculino,39,(12) 95615-8038,Site,Taos,Financiamento,50,Sim,24/12/2024,Sucesso,,Quente,05/02/2025
CLI001039,Tatiane Lima,Feminino,32,(11) 98041-2958,Site,Polo,À Vista,,Não,07/12/2024,Insucesso,Comprou no Particular,Frio,02/01/2025
CLI001040,Fernando Duarte,Masculino,53,(16) 95521-9756,OLX,Saveiro,À Vista,,Sim,11/12/2024,Negociação,,Morno,05/01/2025
CLI001041,Renan Ramos Melo,Masculino,16,(48) 98889-7950,OLX,T-Cross,Financiamento,50,Não,26/12/2024,Agendamento,,Quente,09/01/2025
CLI001042,Isabela Souza,Feminino,28,(12) 91075-1969,Indicação,Amarok,Financiamento,20,Sim,29/12/2024,Sucesso,,Quente,29/01/2025
CLI001043,Gabriel Araújo Martins,Masculino,44,(15) 93020-4307,Loja Física,Nivus,À Vista,,Sim,09/12/2024,Negociação,,Quente,22/12/2024
CLI001044,Daniela Ramos,Feminino,46,(11) 93753-8549,Loja Física,Amarok,Financiamento,30,Sim,18/12/2024,Negociação,,Quente,05/01/2025
CLI001045,Vanessa Carvalho,Feminino,50,(11) 97587-0682,WhatsApp,Saveiro,Financiamento,35,Não,23/12/2024,Primeiro Contato,,Quente,30/12/2024
CLI001046,João Andrade Souza,Masculino,41,(47) 98939-0084,Site,T-Cross,Financiamento,30,Não,02/12/2024,Insucesso,Crédito Negado,Frio,31/12/2024
CLI001047,Paulo Araújo Alves,Masculino,28,(19) 95271-4286,WhatsApp,Saveiro,À Vista,,Não,13/12/2024,Insucesso,Comprou no Particular,Morno,03/01/2025
CLI001048,Felipe Nunes,Masculino,31,(19) 93765-4634,Google Ads,Polo,Financiamento,30,Sim,16/12/2024,Negociação,,Quente,04/01/2025
CLI001049,Carolina Ribeiro Pereira,Feminino,41,(41) 96247-6373,WhatsApp,Amarok,À Vista,,Sim,16/12/2024,Negociação,,Morno,30/12/2024
CLI001050,Rafael Rezende,Masculino,37,(19) 93651-9034,Instagram,Nivus,À Vista,,Sim,09/12/2024,Interesse Futuro,,Morno,2024-12-19
CLI001051,Lucas Pereira,Masculino,41,(61) 96310-8815,OLX,T-Cross,Financiamento,10,Sim,04/12/2024,Negociação,Financeiro,Morno,24/12/2024
CLI001052,Bianca Teixeira Nunes,Feminino,39,(21) 96560-3114,Facebook Ads,T-Cross,Financiamento,20,Sim,29/12/2024,Agendamento,Financeiro,Quente,03/01/2025
CLI001053,Renan Nascimento Lopes,Masculino,50,(27) 98151-0805,Instagram,T-Cross,Financiamento,40,Não,26/12/2024,Primeiro Contato,,Frio,31/12/2024
CLI001054,Clara Gomes,Feminino,40,(48) 92218-6823,Instagram,Taos,Financiamento,50,Não,26/12/2024,Primeiro Contato,Produto Indisponível,Frio,28/12/2024
CLI001055,Carolina Souza,Feminino,53,(21) 98683-3772,Indicação,Saveiro,À Vista,,Não,07/12/2024,Agendamento,,Quente,16/12/2024
CLI001056,Valentina Martins Freitas,Feminino,45,(31) 91206-6152,WhatsApp,T-Cross,Financiamento,40,Sim,29/12/2024,Negociação,,Morno,05/01/2025
CLI001057,Paulo Costa,Masculino,48,(48) 98990-1752,Loja Física,Nivus,Financiamento,40,Não,22/12/2024,Primeiro Contato,,Frio,29/12/2024
CLI001058,Thiago Barbosa,Masculino,64,(11) 94016-0133,WhatsApp,T-Cross,Financiamento,35,Não,30/12/2024,Primeiro Contato,,Quente,05/01/2025
CLI001059,Daniel Rodrigues Teixeira,Masculino,64,(48) 95853-4720,Google Ads,Polo,Financiamento,25,Não,29/12/2024,Insucesso,Crédito Negado,Morno,10/02/2025
CLI001060,Paulo Melo,Masculino,31,(19) 94571-7417,Google Ads,Polo,Financiamento,20,Não,27/12/2024,Negociação,,Quente,06/01/2025
CLI001061,Felipe Santos,Masculino,24,(71) 95824-2820,Loja Física,Nivus,Financiamento,10,Sim,23/12/2024,Sucesso,,Quente,07/01/2025
CLI001062,Vanessa Ribeiro Alves,Feminino,39,(61) 93965-2670,Loja Física,Tiguan Allspace,Financiamento,30,Não,12/12/2024,PRIMEIRO CONTATO ,,Frio,16/12/2024
CLI001063,Beatriz Rocha,Feminino,24,(15) 99973-4109,Instagram,Polo,Financiamento,50,Sim,26/12/2024,Negociação,,Quente,06/01/2025
CLI001064,Luana Santana,Feminino,55,(16) 91489-5982,facebook ads,Saveiro,À Vista,,Sim,19/12/2024,Sucesso,,Quente,28/12/2024
CLI001065,Ricardo Andrade Gomes,Masculino,53,(17) 96819-9591,WhatsApp,T-Cross,Financiamento,40,Sim,07/12/2024,Primeiro Contato,,Quente,10/12/2024
CLI001066,Paulo Ribeiro,Masculino,52,(27) 99379-4800,Facebook Ads,T-Cross,Financiamento,25,Não,17/12/2024,PRIMEIRO CONTATO ,,Morno,23/12/2024
CLI001067,Ana Mendes,Feminino,67,(62) 91157-2478,Instagram,Saveiro,Financiamento,20,,11/12/2024,Insucesso,Produto Indisponível,Frio,02/02/2025
CLI001068,Natália Batista Nunes,Feminino,36,(24) 95201-0738,Loja Física,Taos,Financiamento,25,Não,04/12/2024,Primeiro Contato,,Morno,04/12/2024
CLI001069,Rodrigo Santana Martins,Masculino,26,(11) 97109-9127,Google Ads,Taos,Financiamento,15,Não,12/13/2024,Negociação,,Quente,29/12/2024
CLI001070,Gabriela Soares,Feminino,42,(24) 94194-5392,Instagram,Taos,À Vista,,Sim,26/12/2024,Primeiro Contato,,Morno,27/12/2024
CLI001071,Renata Oliveira,Feminino,63,(13) 92466-3679,Instagram,Nivus,Financiamento,30,Sim,16/12/2024,primeiro contato,,Morno,22/12/2024
CLI001072,Bruna Pereira Cardoso,Feminino,34,(24) 95697-2213,WhatsApp,Saveiro,Financiamento,25,sim,28/12/2024,Primeiro Contato,,Morno,02/01/2025
CLI001073,Natália Gomes Mendes,Feminino,41,(11) 96420-5893,Facebook Ads,Nivus,Financiamento,20,Não,07/12/2024,Primeiro Contato,,Morno,07/12/2024
CLI001074,Renan Ramos,Masculino,31,(11) 93444-2984,WhatsApp,Polo,À Vista,,Não,05/12/2024,Primeiro Contato,,Morno,10/12/2024
CLI001075,Valentina Oliveira,Feminino,32,(21) 99063-0176,Instagram,Polo,À Vista,,Não,19/12/2024,Interesse Futuro,,Morno,10/12/2024
CLI001076,Pedro Almeida Moraes,Masculino,29,(85) 91591-4238,OLX,Taos,Financiamento,25,Não,31/12/2024,Primeiro Contato,,Quente,31/12/2024
CLI001077,Eduarda Barros,Feminino,41,(16) 98632-2608,Loja Física,Amarok,Financiamento,15,Sim,16/12/2024,Insucesso,Produto Indisponível,Morno,14/01/2025
CLI001078,Marcos Lopes,Masculino,58,(11) 91587-7418,Facebook Ads,T-Cross,À Vista,,Sim,14/12/2024,Negociação,,Morno,18/12/2024
CLI001079,Renata Ramos Ferreira,Feminino,26,(41) 94836-2563,Loja Física,Polo,Financiamento,35,Sim,03/12/2024,Primeiro Contato,,Morno,05/12/2024
CLI001080,Camila Barros,Feminino,60,(27) 93579-9283,Instagram,Polo,Financiamento,15,Não,08/12/2024,Primeiro Contato,,Morno,15/12/2024
CLI001081,Beatriz Barbosa,Feminino,65,(51) 96244-5428,Instagram,Saveiro,Financiamento,35,Não,28/12/2024,Agendamento,Comprou no Particular,Morno,09/01/2025
CLI001082,Leonardo Nascimento,Masculino,39,(31) 93416-3887,Google Ads,T-Cross,Financiamento,20,Sim,12/12/2024,Sucesso,,Morno,06/01/2025
CLI001083,Rodrigo Rodrigues,Masculino,49,(17) 94274-8483,Google Ads,Saveiro,Financiamento,15,Sim,19/12/2024,Negociação,,Quente,12/24/2024
CLI001084,Mariana Ferreira,Feminino,31,(47) 94263-5897,Instagram,T-Cross,Financiamento,10,Sim,02/12/2024,Sucesso,Produto Indisponível,Morno,11/12/2024
CLI001085,João Gonçalves,Masculino,43,(11) 91583-6517,Google Ads,Saveiro,À Vista,,Sim,08/12/2024,Sucesso,,Quente,25/12/2024
CLI001086,Marcelo Gomes Rezende,Masculino,33,(48) 93251-6115,Instagram,T-Cross,À Vista,,Não,17/12/2024,Agendamento,,Quente,23/12/2024
CLI001087,Leonardo Monteiro,Masculino,41,(24) 97812-8980,WhatsApp,T-Cross,À Vista,,Não,29/12/2024,Agendamento,,Morno,13/01/2025
CLI001088,Daniela Duarte Almeida,Feminino,44,(62) 99530-9901,Loja Física,T-Cross,Financiamento,30,Sim,15/12/2024,Negociação,,Quente,22/12/2024
CLI001089,Thiago Freitas,Masculino,46,(11) 96157-5445,Site,Nivus,Financiamento,30,Sim,10/12/2024,Sucesso,,Morno,23/01/2025
CLI001090,Sabrina Ribeiro Almeida,Feminino,33,(12) 92183-3321,Site,Virtus,Financiamento,25,Sim,21/12/2024,Primeiro Contato,,Quente,24/12/2024
CLI001091,Larissa Barbosa,Feminino,50,(61) 96482-3818,Google Ads,Saveiro,À Vista,,Sim,24/12/2024,Negociação,,Quente,11/01/2025
CLI001092,Eduarda Lopes Rocha,Feminino,35,(41) 93753-1790,Site,Nivus,À Vista,,Não,08/12/2024,Agendamento,,Quente,09/12/2024
CLI001093,Carlos Dias,M,30,(81) 93581-1331,Google Ads,Polo,Financiamento,30,Sim,29/12/2024,Sucesso,,Quente,23/01/2025
CLI001094,Pedro Freitas,Masculino,40,(16) 96888-9835,Google Ads,Nivus,Financiamento,30,Não,09/12/2024,Insucesso,Comprou no Particular,Frio,03/02/2025
CLI000866,Ana Ribeiro,Feminino,39,(13) 99826-7170,Google Ads,Amarok,Financiamento,20,Não,17/10/2024,Agendamento,,Morno,28/10/2024
CLI001095,Natália Batista Araújo,Feminino,52,(11) 95179-9574,WhatsApp,Amarok,Financiamento,20,Sim,23/12/2024,Interesse Futuro,,Morno,05/03/2025
CLI001096,Bruno Duarte,Masculino,35,(11) 95020-3031,Google Ads,Saveiro,À Vista,,Sim,31/01/2025,Sucesso,,Morno,20/02/2025
CLI001097,Marina Ramos Martins,Feminino,49,(51) 96956-8717,WhatsApp,Nivus,Financiamento,15,Sim,08/01/2025,Sucesso,,Quente,21/02/2025
CLI001098,Isabela Pereira,Feminino,57,(11) 98A77-6655,WhatsApp,Nivus,Financiamento,15,Não,20/01/2025,Primeiro Contato,,Quente,27/01/2025
CLI001099,Camila Melo Rodrigues,Feminino,31,(21) 97249-3607,olx,Taos,Financiamento,30,Não,02/01/2025,Agendamento,,Quente,06/01/2025
CLI001100,Camila Oliveira,Feminino,47,(17) 99335-0479,Facebook Ads,T-Cross,Financiamento,30,Sim,20/01/2025,Insucesso,Crédito Negado,Morno,13/03/2025
CLI001101,Júlia Nascimento,Feminino,46,(32) 98921-7999,Loja Física,Nivus,Financiamento,50,Sim,21/01/2025,Agendamento,,Frio,28/01/2025
CLI001102,Marcos Santos,Masculino,31,(11) 97668-2509,Site,T-Cross,Financiamento,40,Sim,27/01/2025,primeiro contato,,Frio,03/02/2025
CLI001103,Fernando Martins,Masculino,29,(16) 93103-1649,Indicação,Taos,Financiamento,35,Não,18/01/2025,Sucesso,,Quente,02/03/2025
CLI001104,Fernanda Almeida,Feminino,44,(31) 98296-2549,Site,Polo,À Vista,,Não,15/01/2025,Insucesso,Contato Sem Sucesso,Frio,2025-03-03
CLI001105,Natália Dias Oliveira,Feminino,64,(11) 91767-5470,OLX,T-Cross,Financiamento,,Não,09/01/2025,Sucesso,,Quente,15/01/2025
CLI001106,Luana Batista Melo,Feminino,59,(11) 93296-7264,WhatsApp,Nivus,Financiamento,20,Sim,20/01/2025,Insucesso,Comprou no Particular,Frio,24/01/2025
CLI001107,Ana Dias,Feminino,17,(24) 91483-6445,Instagram,Saveiro,À Vista,,Sim,14/01/2025,Sucesso,,Quente,04/02/2025
CLI001108,Letícia Pereira Silva,Feminino,73,(41) 96296-9299,OLX,Virtus,À Vista,,Não,07/01/2025,Agendamento,,Morno,18/01/2025
CLI001109,Clara Teixeira,Feminino,30,(11) 98872-4761,Instagram,T-Cross,Financiamento,25,Não,19/01/2025,Insucesso,Financeiro,Frio,16/02/2025
CLI001110,Rafael Nascimento Santos,Masculino,21,(51) 94239-9021,Loja Física,Saveiro,À Vista,,Não,2025-01-04,Interesse Futuro,,Frio,16/04/2025
CLI001111,Eduardo Monteiro,Masculino,55,(17) 98569-6520,Instagram,Polo,Financiamento,35,Não,24/01/2025,Primeiro Contato,,Frio,24/01/2025
CLI001112,Helena Ferreira,Feminino,42,(31) 99879-7303,Facebook Ads,Nivus,Financiamento,20,Sim,01/01/2025,Sucesso,,Quente,19/01/2025
CLI001113,Helena Batista,Feminino,44,(24) 95786-4754,Loja Física,T-Cross,À Vista,,Sim,02/01/2025,Negociação,,Quente,19/01/2025
CLI001114,Diego Melo,Masculino,68,(19) 92958-2657,Instagram,T-Cross,Financiamento,30,Não,24/01/2025,Negociação,,Morno,10/02/2025
CLI001115,Bruno Moraes Andrade,Masculino,40,(27) 91201-5264,Instagram,Tiguan Allspace,Financiamento,25,Sim,31/01/2025,Negociação,,Quente,09/02/2025
CLI001116,Vitória Cardoso Alves,Feminino,68,(12) 93347-6340,Instagram,Polo,À Vista,,Não,23/01/2025,Insucesso,Comprou em Outra Concessionária,Frio,10/03/2025
CLI001117,Paulo Mendes Batista,Masculino,34,(31) 97640-4737,Instagram,Virtus,Financiamento,20,Não,15/01/2025,Negociação,,Quente,05/02/2025
CLI001118,Gabriel Silva Batista,Masculino,15,(81) 91797-9270,Facebook Ads,T-Cross,À Vista,,Não,02/01/2025,Agendamento,,Quente,12/01/2025
CLI001119,Natália Souza Ribeiro,Feminino,37,(81) 94268-6002,Google Ads,Polo,À Vista,30,Sim,13/01/2025,Sucesso,,Quente,18/02/2025
CLI001120,Marcos Duarte,Masculino,41,(12) 93814-7261,Instagram,Polo,Financiamento,15,Sim,15/01/2025,Negociação,,Quente,02/02/2025
CLI001121,Helena Carvalho,Feminino,54,(31) 98514-1714,WhatsApp,Polo,Financiamento,30,Sim,19/01/2025,Negociação,,Quente,18/01/2025
CLI001122,Bruno Moraes Barbosa,Masculino,52,(11) 94098-9584,Loja Física,T-Cross,Financiamento,35,Sim,24/01/2025,Sucesso,,Quente,04/03/2025
CLI001123,Valentina Gomes Batista,Feminino,60,(31) 93874-4402,Site,Saveiro,À Vista,,Não,22/01/2025,Insucesso,Contato Sem Sucesso,Frio,22/03/2025
CLI001124,Bruno Costa,Masculino,62,(27) 99389-7644,Indicação,T-Cross,Financiamento,40,Não,08/01/2025,Negociação,,Quente,30/01/2025
CLI001125,Vanessa Ferreira,Feminino,37,(41) 95144-9230,Loja Física,Saveiro,Financiamento,20,Sim,01/01/2025,Insucesso,Comprou no Particular,Frio,22/01/2025
CLI001126,Ana Rocha,Feminino,43,(31) 94874-4412,Instagram,Saveiro,Financiamento,25,Não,01/01/2025,Sucesso,,Quente,30/01/2025
CLI001127,Henrique Soares,Masculino,52,(11) 97675-9396,WhatsApp,Virtus,À Vista,,Não,02/01/2025,primeiro contato,,Frio,09/01/2025
CLI001128,Júlia Dias,Feminino,36,(27) 93064-7412,Instagram,Saveiro,Financiamento,30,Sim,02/01/2025,Agendamento,,Quente,12/01/2025
CLI001129,Marcelo Ribeiro,Masculino,69,(51) 98639-9434,WhatsApp,Virtus,Financiamento,20,Não,28/01/2025,Primeiro Contato,,Morno,31/01/2025
CLI001130,Henrique Ribeiro Moraes,Masculino,38,(12) 97247-0313,Facebook Ads,Polo,Financiamento,25,Sim,22/01/2025,Sucesso,,Quente,18/01/2025
CLI001131,Thiago Santana Moraes,Masculino,25,(11) 98449-9367,Indicação,Amarok,Financiamento,30,Não,09/01/2025,Sucesso,,Quente,24/01/2025
CLI001132,Renan Nunes,Masculino,55,(51) 97714-2714,OLX,T-Cross,Financiamento,25,Não,2025-01-07,Primeiro Contato,,Morno,08/01/2025
CLI001133,Gustavo Almeida,Masculino,44,(13) 94093-1048,Google Ads,Nivus,Financiamento,30,Não,28/01/2025,Negociação,,Quente,05/02/2025
CLI001134,Daniela Almeida,Feminino,33,(13) 92883-9766,Loja Física,Saveiro,Financiamento,30,1,09/01/2025,Primeiro Contato,,Morno,15/01/2025
CLI001662,Júlia Almeida,Feminino,64,(16) 98572-3110,OLX,Amarok,Financiamento,35,Não,26/07/2025,Primeiro Contato,,Morno,01/08/2025
CLI001135,Thiago Carvalho,Masculino,28,(85) 97324-6053,Google Ads,Virtus,Financiamento,30,Não,09/01/2025,Primeiro Contato,,Frio,13/01/2025
CLI001136,Laura Barbosa Gomes,Feminino,43,(16) 91614-1155,Instagram,Polo,Financiamento,35,Sim,18/01/2025,Agendamento,,Quente,31/01/2025
CLI001137,Isabela Rodrigues,Feminino,27,(24) 98249-3622,INSTAGRAM,T-Cross,Financiamento,20,Sim,10/01/2025,Insucesso,Comprou em Outra Concessionária,Frio,05/03/2025
CLI001138,Ana Almeida,Feminino,49,(48) 97434-5287,Instagram,T-Cross,Financiamento,,Sim,15/01/2025,Negociação,,Quente,28/01/2025
CLI001139,Murilo Barros,Fem,62,(19) 91526-4406,Site,T-Cross,Financiamento,15,Sim,29/01/2025,Primeiro Contato,,Frio,05/02/2025
CLI001140,Marcelo Rocha,Masculino,41,(61) 92903-4250,Facebook Ads,Polo,À Vista,,Sim,21/01/2025,Sucesso,,Quente,08/02/2025
CLI001141,Gabriela Andrade Dias,Feminino,30,(19) 93126-9365,WhatsApp,T-Cross,Financiamento,20,Não,24/01/2025,Interesse Futuro,,Morno,03/03/2025
CLI001142,Beatriz Silva Araújo,Feminino,43,(24) 95014-3870,WhatsApp,Virtus,Financiamento,30,Sim,16/01/2025,Sucesso,,Quente,07/02/2025
CLI001143,João Barros,Masculino,38,(51) 95837-4672,WhatsApp,Polo,Financiamento,35,Sim,18/01/2025,Negociação,,Morno,09/02/2025
CLI001144,Pedro Costa,Masculino,45,(48) 94564-5254,Google Ads,T-Cross,Financiamento,30,Sim,26/01/2025,Negociação,,Quente,01/02/2025
CLI001145,Carlos Barros Martins,Masculino,53,(61) 97812-8059,Instagram,Nivus,Financiamento,25,Sim,20/01/2025,Sucesso,,Quente,02/02/2025
CLI001146,Daniel Melo,Masculino,30,(51) 93979-8440,Instagram,Nivus,Financiamento,35,Não,20/01/2025,Insucesso,Contato Sem Sucesso,Morno,14/02/2025
CLI001147,Henrique Oliveira Lima,Masculino,44,(71) 99711-4536,Instagram,Saveiro,Financiamento,25,Sim,25/01/2025,Sucesso,,Quente,06/03/2025
CLI001148,Diego Silva Ferreira,Masculino,39,(19) 92378-0585,Instagram,Saveiro,Financiamento,15,Não,08/01/2025,Primeiro Contato,,Frio,08/01/2025
CLI001149,Rodrigo Duarte,Masculino,35,(16) 95294-2271,Google Ads,T-Cross,À Vista,10,Sim,15/01/2025,Sucesso,,Quente,28/02/2025
CLI001150,Patrícia Carvalho,Feminino,57,(11) 97557-2852,Loja Física,Nivus,Financiamento,30,1,02/01/2025,Interesse Futuro,,Morno,02/05/2025
CLI001151,Vitória Rocha,Feminino,34,(62) 98132-4330,Indicação,Amarok,Financiamento,,Não,10/01/2025,Negociação,,Morno,05/02/2025
CLI001152,Diego Martins Duarte,Masculino,41,(15) 95735-8370,Instagram,Polo,Financiamento,50,Não,16/01/2025,Primeiro Contato,,Quente,21/01/2025
CLI001153,Caio Souza,Masculino,30,(11) 91486-0382,WhatsApp,Saveiro,À Vista,,Não,03/01/2025,Primeiro Contato,,Frio,03/01/2025
CLI001154,Leonardo Lima,Masculino,36,(17) 96577-3017,Instagram,Amarok,Financiamento,40,Não,16/01/2025,Negociação,,Quente,15/02/2025
CLI001155,Rafaela Soares,Feminino,48,(71) 94512-2488,Site,T-Cross,Financiamento,40,Não,25/01/2025,Interesse Futuro,,Morno,22/03/2025
CLI001156,Natália Monteiro,Feminino,49,(12) 94077-3954,WhatsApp,Taos,Financiamento,20,Sim,30/01/2025,Negociação,,Morno,10/02/2025
CLI001157,Patrícia Nascimento,Feminino,41,(12) 96174-4987,Loja Física,T-Cross,Financiamento,40,Não,18/01/2025,Agendamento,,Morno,27/01/2025
CLI001158,Eduarda Rezende,Feminino,48,(27) 92592-1361,Instagram,Polo,Financiamento,25,Não,02/01/2025,Agendamento,,Quente,10/01/2025
CLI001159,Ricardo Teixeira Soares,Fem,40,(41) 93295-1828,WhatsApp,Nivus,À Vista,,Não,14/01/2025,Primeiro Contato,,Quente,19/01/2025
CLI001160,Rodrigo Nunes,Masculino,36,(21) 95908-4628,Site,Amarok,À Vista,,Sim,08/01/2025,Interesse Futuro,,Quente,22/04/2025
CLI001161,Natália Mendes,Feminino,55,(41) 96662-7038,Indicação,Tiguan Allspace,Financiamento,30,Sim,08/01/2025,Sucesso,,Quente,25/01/2025
CLI001162,Rafaela Almeida,Feminino,30,(85) 96273-4552,Google Ads,Taos,Financiamento,25,Não,01/01/2025,Primeiro Contato,,Morno,04/01/2025
CLI001163,Rodrigo Nascimento,Masculino,38,(62) 91844-7438,WhatsApp,Polo,Financiamento,20,Sim,03/01/2025,Sucesso,,Morno,09/01/2025
CLI001164,Júlia Barros,Feminino,70,(47) 93776-6046,Instagram,Polo,Financiamento,25,Não,16/02/2025,Interesse Futuro,,Morno,23/05/2025
CLI001165,Marcos Rezende,Masculino,57,(27) 96029-5474,WhatsApp,T-Cross,À Vista,,Não,28/02/2025,Primeiro Contato,,Morno,02/03/2025
CLI001166,Daniela Batista Duarte,Feminino,38,(11) 95157-7952,Instagram,Polo,À Vista,,Não,20/02/2025,Primeiro Contato,Contato Sem Sucesso,Frio,25/02/2025
CLI001167,Júlia Moraes Almeida,Feminino,41,(21) 9999,WhatsApp,Virtus,Financiamento,30,Sim,12/02/2025,Primeiro Contato,,Frio,16/02/2025
CLI001168,Sabrina Costa Almeida,Feminino,55,(47) 94409-1639,Site,Taos,Financiamento,20,Sim,23/02/2025,Sucesso,,Quente,24/03/2025
CLI001169,Carolina Santos,Feminino,28,(32) 91636-1445,WhatsApp,Polo,À Vista,,Não,04/02/2025,Primeiro Contato,,Frio,04/02/2025
CLI001170,Daniel Dias,Masculino,34,(21) 93999-0983,OLX,Polo,Financiamento,30,Sim,23/02/2025,Sucesso,,Morno,17/03/2025
CLI001171,Rafaela Castro Duarte,Feminino,26,(15) 92501-3376,Site,T-Cross,Financiamento,25,Não,27/02/2025,Interesse Futuro,Crédito Negado,Morno,08/05/2025
CLI001172,Vitória Ribeiro Cardoso,Feminino,35,(41) 93948-7795,Indicação,Nivus,Financiamento,30,Não,05/02/2025,Interesse Futuro,,Quente,19/02/2025
CLI001173,Thiago Moraes,Masculino,31,(62) 94928-3113,Instagram,Nivus,Financiamento,20,Sim,22/02/2025,Negociação,,Quente,25/02/2025
CLI001174,Marina Ramos,Feminino,60,(61) 94908-9008,Google Ads,Saveiro,À Vista,,Não,07/02/2025,Interesse Futuro,,Morno,12/04/2025
CLI001175,Samuel Ribeiro,Masculino,55,(19) 96846-5560,Google Ads,Nivus,Financiamento,15,Não,20/02/2025,Primeiro Contato,,Frio,20/02/2025
CLI001176,  Daniel Rocha ,Masculino,40,(12) 99695-8349,Instagram,Saveiro,Financiamento,50,Sim,12/02/2025,Sucesso,,Quente,28/03/2025
CLI001177,Marcos Dias,Masculino,63,(61) 97015-6223,OLX,Nivus,Financiamento,30,Não,04/02/2025,INSUCESSO ,Comprou em Outra Concessionária,Frio,14/02/2025
CLI001178,Camila Santana,Feminino,37,1198877-66,Google Ads,Polo,Financiamento,25,Sim,07/02/2025,Insucesso,Comprou no Particular,Morno,16/02/2025
CLI001179,João Rocha,Masculino,,(11) 93384-6740,Instagram,Nivus,À Vista,,Sim,23/02/2025,Agendamento,,Morno,08/03/2025
CLI001180,Samuel Castro,Masculino,43,(41) 99031-9937,Indicação,Saveiro,Financiamento,30,Não,27/02/2025,Negociação,,Morno,27/03/2025
CLI001181,Eduarda Oliveira,Feminino,44,(85) 92151-7964,Indicação,Nivus,À Vista,,Não,16/02/2025,Primeiro Contato,,Frio,16/02/2025
CLI001182,André Cardoso Nunes,Masculino,58,(11) 99586-0350,OLX,Saveiro,À Vista,,Não,05/02/2025,Sucesso,,Quente,11/03/2025
CLI001183,Felipe Monteiro Batista,Masculino,49,(11) 93006-4550,Instagram,T-Cross,Financiamento,40,Sim,25/02/2025,Negociação,,Morno,22/03/2025
CLI001184,Daniela Ferreira,Feminino,57,(12) 97681-2859,WhatsApp,Taos,Financiamento,30,Sim,17/02/2025,Agendamento,,Quente,01/03/2025
CLI001185,Bruno Gomes,Masculino,39,(71) 93244-2424,Loja Física,Nivus,Financiamento,10,Não,18/02/2025,Primeiro Contato,,Morno,25/02/2025
CLI001186,Vitória Rocha,Feminino,22,(31) 91706-1452,Instagram,Polo,Financiamento,25,Sim,08/02/2025,Negociação,,Quente,18/02/2025
CLI001187,Marcelo Souza,Masculino,51,(19) 95149-1152,Google Ads,Virtus,Financiamento,40,Sim,21/02/2025,Primeiro Contato,,Morno,28/02/2025
CLI001188,Guilherme Ramos Oliveira,Masculino,44,(48) 94355-0752,WhatsApp,Polo,Financiamento,35,Não,04/02/2025,Primeiro Contato,,Frio,09/02/2025
CLI001189,Rafaela Silva Santos,Feminino,49,(11) 99575-8082,WhatsApp,Taos,Financiamento,35,Sim,07/02/2025,Negociação,,Morno,05/03/2025
CLI001190,Marina Lopes Cardoso,Feminino,52,(47) 96713-5896,Site,Amarok,À Vista,,Não,07/02/2025,Agendamento,,Morno,17/02/2025
CLI001191,Mariana Ramos,Feminino,41,(24) 95118-8318,WhatsApp,Saveiro,Financiamento,50,Sim,22/02/2025,Negociação,,Morno,2025-03-07
CLI001192,Vitória Martins,Feminino,48,(19) 92492-2862,Google Ads,Virtus,À Vista,,Não,05/02/2025,Primeiro Contato,,Quente,12/02/2025
CLI001193,Rafael Melo Costa,Masculino,68,(51) 99277-9836,WhatsApp,Saveiro,À Vista,,sim,16/02/2025,Primeiro Contato,,Frio,19/02/2025
CLI001194,Renan Barbosa Rezende,Masculino,37,(71) 97363-8139,Instagram,Polo,Financiamento,20,Sim,04/02/2025,Insucesso,Produto Indisponível,Morno,13/02/2025
CLI001195,Eduarda Duarte,Feminino,33,(15) 93815-4886,Indicação,Amarok,Financiamento,30,Não,05/02/2025,Interesse Futuro,,Frio,26/05/2025
CLI001196,Helena Moreira,Feminino,35,(17) 92224-1596,WhatsApp,Polo,Financiamento,15,Sim,21/02/2025,Agendamento,,Morno,05/03/2025
CLI001197,Mariana Moraes,Feminino,28,(21) 97321-6098,Instagram,Saveiro,Financiamento,15,Não,01/02/2025,Primeiro Contato,,Morno,01/02/2025
CLI001198,Gabriela Lima,Feminino,37,(32) 94299-4971,Loja Física,Nivus,Financiamento,35,Sim,21/02/2025,Negociação,,Quente,26/02/2025
CLI001199,Bruno Alves Costa,Masculino,70,(13) 96306-6418,Site,Polo,Financiamento,35,,04/02/2025,Primeiro Contato,,Quente,09/02/2025
CLI001200,Vitor Nunes Costa,Masculino,65,(11) 93292-6672,WhatsApp,Taos,À Vista,,Não,21/02/2025,Primeiro Contato,,Frio,28/02/2025
CLI001201,Murilo Soares Freitas,Masculino,41,(62) 91690-6241,Loja Física,Saveiro,Financiamento,25,Não,10/02/2025,Agendamento,,Morno,02/22/2025
CLI001202,Rafaela Santana Monteiro,Feminino,42,(11) 94185-1778,WhatsApp,Saveiro,Financiamento,40,Sim,12/02/2025,Interesse Futuro,,Frio,04/06/2025
CLI002092,Carlos Dias,Masculino,44,(15) 97549-9711,Google Ads,Tiguan Allspace,Financiamento,30,Não,18/02/2025,Insucesso,Crédito Negado,Frio,12/04/2025
CLI001204,Felipe Ribeiro Cardoso,Masculino,28,(48) 98020-0934,Google Ads,Polo,Financiamento,50,Não,21/02/2025,Interesse Futuro,,Morno,12/04/2025
CLI001205,Bruna Lopes Freitas,Feminino,58,(81) 92726-5739,Google Ads,Virtus,Financiamento,20,Sim,11/02/2025,Sucesso,,Quente,2025-03-03
CLI001206,Mateus Pereira Ribeiro,masculino,41,(48) 99901-2517,Indicação,Saveiro,Financiamento,30,Sim,22/02/2025,Sucesso,,Morno,25/03/2025
CLI001207,Vitória Almeida,Feminino,50,(17) 95597-0220,Google Ads,T-Cross,À Vista,10,Não,10/02/2025,Interesse Futuro,,Morno,10/03/2025
CLI001208,Daniela Dias,Feminino,45,(61) 94383-5389,Facebook Ads,Amarok,Financiamento,50,Sim,22/02/2025,Negociação,,Morno,07/03/2025
CLI001209,Fernando Rodrigues,Masculino,68,(71) 95191-9849,Google Ads,Amarok,Financiamento,20,Não,07/02/2025,Agendamento,,Frio,22/02/2025
CLI001210,Diego Araújo Martins,Masculino,41,(15) 93463-4751,WhatsApp,Virtus,Financiamento,35,Não,20/02/2025,Insucesso,Contato Sem Sucesso,Frio,15/04/2025
CLI001211,Isabela Alves Duarte,Feminino,46,(47) 96525-4328,Site,Nivus,Financiamento,15,Não,26/02/2025,Insucesso,Contato Sem Sucesso,Morno,22/04/2025
CLI001212,João Lopes,Masculino,52,(27) 93089-5617,WhatsApp,Nivus,Financiamento,20,Não,13/02/2025,Primeiro Contato,,Frio,19/02/2025
CLI001213,Bruno Barros,Masculino,69,(41) 96438-1789,Google Ads,Nivus,Financiamento,20,Sim,04/02/2025,primeiro contato,,Morno,06/02/2025
CLI001214,Vitor Ribeiro Lima,Masculino,48,(17) 99389-9131,WhatsApp,Polo,Financiamento,25,Sim,02/13/2025,Interesse Futuro,,Morno,24/05/2025
CLI001215,Paulo Ramos,Masculino,68,(48) 92677-6314,Instagram,Polo,Financiamento,10,Não,20/02/2025,Primeiro Contato,,Frio,22/02/2025
CLI001216,Paulo Moraes Rezende,Masculino,54,(24) 96114-0300,Instagram,Amarok,Financiamento,35,Sim,08/02/2025,Sucesso,,Quente,02/03/2025
CLI001217,Lucas Andrade,Masculino,45,(47) 95915-0031,Instagram,Polo,À Vista,,Não,19/02/2025,Interesse Futuro,,Morno,14/03/2025
CLI001218,Gabriela Soares Santana,Feminino,38,(16) 96502-5826,Instagram,T-Cross,Financiamento,30,Não,26/02/2025,Insucesso,Comprou em Outra Concessionária,Frio,01/04/2025
CLI001219,Isabela Mendes,Feminino,52,(48) 92997-9848,Facebook Ads,Tiguan Allspace,Financiamento,35,Sim,24/02/2025,Negociação,,Quente,02/03/2025
CLI001220,Murilo Castro,Masculino,30,(81) 99999-8916,Instagram,Virtus,Financiamento,30,Não,04/02/2025,Primeiro Contato,,Morno,11/02/2025
CLI001221,Carlos Batista,Masculino,48,(47) 93106-7164,OLX,Polo,Financiamento,20,sim,10/02/2025,Agendamento,,Frio,18/02/2025
CLI001222,Ana Lima Rodrigues,Feminino,51,(47) 94584-9361,Indicação,Virtus,Financiamento,25,Sim,17/02/2025,Sucesso,,Quente,25/02/2025
CLI001223,Marina Carvalho,Feminino,42,(41) 95409-8100,Indicação,Tiguan Allspace,Financiamento,30,Não,04/02/2025,Primeiro Contato,,Frio,09/02/2025
CLI001224,Eduarda Monteiro,Feminino,41,(15) 92468-4280,WhatsApp,Saveiro,Financiamento,20,Não,18/02/2025,Primeiro Contato,,Frio,20/02/2025
CLI001225,Laura Ramos,Feminino,50,(15) 97746-3140,Google Ads,Polo,À Vista,,Não,15/02/2025,Agendamento,,Morno,27/02/2025
CLI001226,Henrique Lima Gomes,Masculino,66,(13) 93198-5786,OLX,Taos,Financiamento,25,Sim,10/02/2025,Sucesso,,Morno,23/02/2025
CLI001227,Felipe Araújo,Masculino,40,(19) 91357-7433,WhatsApp,Polo,Financiamento,20,Não,01/02/2025,Insucesso,Produto Indisponível,Frio,05/03/2025
CLI001228,Gabriel Castro,Masculino,58,(85) 91752-2673,Facebook Ads,Polo,Financiamento,25,Sim,18/02/2025,Insucesso,Comprou em Outra Concessionária,Frio,09/04/2025
CLI001229,Samuel Souza,Masculino,51,(61) 94186-6044,Loja Física,T-Cross,Financiamento,25,Não,05/02/2025,Agendamento,,Quente,06/02/2025
CLI001230,Murilo Santos,Masculino,19,(12) 93587-0804,Indicação,Polo,À Vista,,Sim,05/02/2025,Sucesso,,Morno,20/03/2025
CLI001231,Bruna Rocha,Feminino,36,(71) 95219-4745,WhatsApp,Saveiro,Financiamento,15,Não,19/02/2025,Primeiro Contato,,Morno,22/02/2025
CLI001232,  Beatriz Moraes ,Feminino,69,(51) 93320-8101,OLX,T-Cross,À Vista,,Não,03/02/2025,Insucesso,Financeiro,Morno,12/02/2025
CLI001233,Laura Ferreira,Feminino,42,(16) 92734-3281,Indicação,Polo,Financiamento,35,Não,07/02/2025,Agendamento,,Morno,14/02/2025
CLI001234,Renata Lopes,Feminino,70,(85) 92572-8196,WhatsApp,Polo,Financiamento,25,Sim,11/02/2025,Sucesso,,Quente,24/03/2025
CLI001235,Thiago Lima,Masculino,42,(17) 96513-9648,WhatsApp,Polo,Financiamento,25,Sim,13/02/2025,Negociação,,Morno,19/02/2025
CLI001236,Clara Duarte,Feminino,32,(31) 92371-5535,Instagram,Polo,Financiamento,40,Não,27/02/2025,Primeiro Contato,,Morno,02/03/2025
CLI001237,Bruno Santos,Masculino,23,(71) 94354-2600,OLX,Nivus,Financiamento,50,Não,12/02/2025,Insucesso,Financeiro,Morno,23/02/2025
CLI001238,Vitor Cardoso Nunes,Masculino,56,(62) 98937-0109,WhatsApp,Saveiro,Financiamento,15,Não,26/02/2025,Negociação,,Quente,22/03/2025
CLI001239,Laura Ramos,Feminino,37,(81) 94646-9595,WhatsApp,Amarok,Financiamento,25,Não,05/02/2025,Negociação,,Frio,17/02/2025
CLI001240,Gustavo Moraes Lopes,Masculino,43,(51) 92014-3463,Loja Física,Taos,Financiamento,20,Sim,17/02/2025,Negociação,,Frio,18/03/2025
CLI001241,Vinícius Oliveira Melo,Masculino,55,(11) 99435-6535,WhatsApp,Amarok,Financiamento,20,Sim,28/02/2025,Negociação,,Quente,27/03/2025
CLI001242,Caio Ramos,Masculino,62,(24) 97438-7335,Instagram,Nivus,Financiamento,30,Não,22/02/2025,Insucesso,Contato Sem Sucesso,Frio,13/03/2025
CLI001243,Luana Andrade,Feminino,41,(47) 93685-5920,Instagram,Polo,Financiamento,20,Não,26/02/2025,Primeiro Contato,,Frio,26/02/2025
CLI001244,Rodrigo Mendes,Masculino,67,(21) 93527-8229,WhatsApp,T-Cross,Financiamento,35,Sim,14/02/2025,primeiro contato,,Frio,16/02/2025
CLI001245,Samuel Costa,Masculino,55,(85) 96648-4816,Facebook Ads,T-Cross,Financiamento,40,Não,23/02/2025,Primeiro Contato,,Quente,01/03/2025
CLI001246,Gabriela Gomes Moreira,Feminino,62,(11) 99167-4872,Loja Física,Saveiro,Financiamento,15,Não,22/02/2025,Agendamento,,Quente,08/03/2025
CLI001247,Vitória Oliveira Pereira,Feminino,24,(31) 99149-9788,Instagram,Polo,Financiamento,20,Sim,17/02/2025,Primeiro Contato,,Frio,21/02/2025
CLI001248,Larissa Rocha,Feminino,25,(17) 93327-4190,Loja Física,T-Cross,Financiamento,15,Sim,14/02/2025,Negociação,,Quente,15/03/2025
CLI001249,Larissa Silva,Feminino,32,(71) 95880-6540,Facebook Ads,T-Cross,Financiamento,10,Não,09/02/2025,Primeiro Contato,,Morno,09/02/2025
CLI001250,Laura Carvalho Batista,Feminino,44,(11) 93965-0836,Instagram,Virtus,Financiamento,40,Sim,13/02/2025,Sucesso,,Quente,28/03/2025
CLI001251,Vanessa Santos Martins,Feminino,61,(19) 97005-4831,Instagram,Saveiro,Financiamento,35,Não,13/02/2025,Insucesso,,Morno,13/04/2025
CLI001252,Henrique Martins Rocha,Masculino,35,(62) 95728-8992,OLX,Nivus,Financiamento,30,Sim,08/03/2025,Sucesso,,Quente,12/03/2025
CLI001253,Paulo Oliveira,Masculino,44,(13) 92036-9955,Loja Física,T-Cross,Financiamento,10,Não,14/03/2025,Negociação,,Morno,17/03/2025
CLI001254,Rafaela Lima,Feminino,60,(16) 94522-1371,Instagram,T-Cross,Financiamento,20,Sim,25/03/2025,Negociação,,Quente,19/04/2025
CLI001255,Gabriel Mendes Oliveira,M,45,(51) 94319-0396,WhatsApp,Polo,À Vista,,Não,11/03/2025,Agendamento,,Quente,17/03/2025
CLI001256,Samuel Batista,Masculino,17,(11) 96251-9376,Site,T-Cross,À Vista,,Não,07/03/2025,Primeiro Contato,,Quente,12/03/2025
CLI001257,Bruno Batista,Masculino,39,(48) 97860-6037,WhatsApp,Tiguan Allspace,Financiamento,35,Não,03/03/2025,Interesse Futuro,,Quente,15/04/2025
CLI001258,Bianca Nascimento,Feminino,35,(21) 97394-1982,Indicação,Saveiro,Financiamento,15,Não,19/03/2025,Primeiro Contato,,Frio,20/03/2025
CLI001259,Eduarda Moraes,Feminino,17,(24) 97809-2101,Loja Física,Polo,Financiamento,20,Sim,17/03/2025,Negociação,,Quente,11/04/2025
CLI001260,Diego Barbosa Rezende,Masculino,51,(51) 95167-4869,Facebook Ads,Taos,Financiamento,25,sim,10/03/2025,Agendamento,,Morno,16/03/2025
CLI001261,Lucas Moraes Moreira,Masculino,48,(81) 99378-9439,Google Ads,Polo,Financiamento,20,Não,17/03/2025,Agendamento,,Morno,19/03/2025
CLI001262,Rafael Ramos,Masculino,42,(15) 99659-9916,Instagram,Amarok,Financiamento,30,Sim,25/03/2025,Insucesso,Crédito Negado,Frio,2025-04-01
CLI001263,Daniel Melo Almeida,Masculino,32,(21) 9999,OLX,Polo,À Vista,,Sim,10/03/2025,Negociação,,Quente,22/03/2025
CLI001264,Gabriela Dias,Feminino,40,(11) 95664-0572,Site,Polo,À Vista,,Não,16/03/2025,Primeiro Contato,,Morno,19/03/2025
CLI001265,  Helena Mendes Souza ,Feminino,40,(62) 93624-3012,Site,Saveiro,À Vista,,Não,23/03/2025,Interesse Futuro,,Quente,03/07/2025
CLI001266,Letícia Araújo,Feminino,39,(19) 97516-8488,Google Ads,Nivus,Financiamento,20,Sim,11/03/2025,Agendamento,,Frio,13/03/2025
CLI001267,Pedro Barros,Masculino,51,(81) 99334-2389,Instagram,Polo,Financiamento,15,Não,04/03/2025,Agendamento,,Frio,13/03/2025
CLI001268,Vinícius Ferreira,Masculino,55,(41) 97937-6140,Facebook Ads,Taos,À Vista,,Não,28/03/2025,Primeiro Contato,,Morno,28/03/2025
CLI001269,Caio Rezende,Masculino,51,(17) 95325-9802,WhatsApp,Polo,À Vista,,Sim,12/03/2025,Sucesso,,Quente,29/03/2025
CLI001270,Rafaela Ferreira,Feminino,51,(51) 96590-9405,Instagram,Polo,Financiamento,20,Não,2025-03-13,Sucesso,,Quente,2025-03-17
CLI001271,Rafaela Gonçalves Nascimento,Feminino,55,(51) 99232-8238,OLX,Polo,Financiamento,20,Sim,03/03/2025,Sucesso,,Quente,12/03/2025
CLI001272,Sabrina Barbosa,Feminino,49,(61) 92331-4610,Instagram,Nivus,Financiamento,10,Não,10/03/2025,Insucesso,Comprou no Particular,Morno,05/05/2025
CLI001273,Felipe Lima,Masculino,43,(11) 99871-2204,Google Ads,Polo,Financiamento,20,Sim,15/03/2025,Agendamento,,Morno,22/03/2025
CLI001274,Murilo Lima Barros,Masculino,53,(51) 96157-3346,Site,Polo,Financiamento,25,Não,21/03/2025,Primeiro Contato,,Morno,26/03/2025
CLI001275,Luana Araújo,Feminino,34,(71) 94342-1688,Instagram,Polo,Financiamento,40,Sim,16/03/2025,Negociação,,Quente,10/04/2025
CLI001276,Camila Silva,Feminino,68,(11) 93341-2823,WhatsApp,Saveiro,Financiamento,25,S,02/03/2025,Sucesso,,Frio,10/04/2025
CLI001277,André Mendes,Masculino,28,(12) 92713-3347,Indicação,Polo,À Vista,,Sim,05/03/2025,Insucesso,Produto Indisponível,Frio,01/05/2025
CLI001278,Clara Mendes,Feminino,41,(19) 91103-8291,Indicação,Amarok,À Vista,10,Não,17/03/2025,Insucesso,Financeiro,Morno,08/04/2025
CLI001279,Marina Castro,Feminino,60,(19) 96294-7286,Facebook Ads,Amarok,Financiamento,30,Sim,27/03/2025,Agendamento,,Morno,09/04/2025
CLI001280,Júlia Pereira,Feminino,41,(71) 92273-0035,Instagram,T-Cross,Financiamento,25,Não,29/03/2025,Interesse Futuro,,Morno,10/07/2025
CLI001281,Luana Duarte,Feminino,52,(41) 94352-4533,OLX,Polo,Financiamento,25,Sim,20/03/2025,Negociação,,Frio,27/03/2025
CLI001282,Helena Melo Lopes,Feminino,54,(12) 97850-9566,Instagram,Virtus,Financiamento,30,Sim,07/03/2025,Negociação,,Quente,26/03/2025
CLI001283,Ricardo Barbosa Cardoso,Masculino,22,(15) 96760-8276,Instagram,Nivus,Financiamento,50,Sim,04/03/2025,Insucesso,Comprou no Particular,Morno,29/03/2025
CLI001284,Thiago Monteiro Lopes,Masculino,103,(16) 94071-6398,Loja Física,T-Cross,Financiamento,20,Sim,13/03/2025,Negociação,,Quente,16/03/2025
CLI001285,Valentina Melo,Feminino,36,(48) 91619-0802,Site,T-Cross,Financiamento,25,Não,27/03/2025,Primeiro Contato,,Morno,03/04/2025
CLI001286,Renata Cardoso,Feminino,23,(48) 93270-1751,Loja Física,Saveiro,Financiamento,15,Não,13/03/2025,Primeiro Contato,,Frio,19/03/2025
CLI001287,Júlia Ramos Rocha,Feminino,41,(15) 94616-3798,Facebook Ads,Nivus,Financiamento,15,Sim,11/03/2025,Agendamento,,Morno,17/03/2025
CLI001288,Bruno Nascimento,Masculino,34,(11) 97478-5004,Instagram,Virtus,Financiamento,25,Não,11/03/2025,Sucesso,,Quente,14/04/2025
CLI001289,Henrique Nunes,Masculino,47,(11) 98A77-6655,Indicação,Polo,Financiamento,30,Sim,07/03/2025,Sucesso,,Quente,30/03/2025
CLI001290,Bruno Pereira,Masculino,46,(17) 93091-0251,Loja Física,Taos,Financiamento,25,Não,26/03/2025,Primeiro Contato,,Morno,29/03/2025
CLI001291,Renata Pereira Costa,Feminino,45,(12) 98919-3127,Indicação,Nivus,Financiamento,30,Sim,13/03/2025,Interesse Futuro,,Frio,02/05/2025
CLI001292,Paulo Mendes Melo,Masculino,48,(17) 99312-6250,Loja Física,Amarok,Financiamento,20,Sim,29/03/2025,Negociação,,Quente,03/04/2025
CLI001293,Pedro Souza,Masculino,54,(16) 95655-6320,Site,Amarok,Financiamento,40,Não,05/03/2025,Interesse Futuro,,Morno,18/04/2025
CLI001294,Tatiane Nascimento Santos,Feminino,60,1198877-66,Indicação,T-Cross,Financiamento,50,Sim,15/03/2025,Agendamento,,Quente,29/03/2025
CLI001295,Tatiane Silva Martins,Feminino,59,(61) 95840-7320,Site,Virtus,Financiamento,35,Não,29/03/2025,Agendamento,,Morno,03/04/2025
CLI001296,Laura Lima Costa,Feminino,48,(24) 91767-7640,Google Ads,Polo,Financiamento,40,Não,25/03/2025,Primeiro Contato,,Morno,28/03/2025
CLI001297,Paulo Nunes Moraes,Masculino,40,(85) 93817-9328,Instagram,Virtus,À Vista,,Sim,09/03/2025,Insucesso,Comprou no Particular,Morno,22/03/2025
CLI001298,Guilherme Freitas,Masculino,38,(11) 96140-3714,Google Ads,Polo,Financiamento,40,Não,27/03/2025,Agendamento,,Morno,09/04/2025
CLI001299,Pedro Nascimento Moraes,Masculino,31,(61) 93448-3407,WhatsApp,T-Cross,Financiamento,20,Sim,15/03/2025,Sucesso,,Quente,29/03/2025
CLI001300,Luana Santana,Feminino,47,(16) 98802-6260,Instagram,Polo,Financiamento,15,Não,21/03/2025,Insucesso,Produto Indisponível,Frio,2025-04-27
CLI001301,Carolina Monteiro,Feminino,27,(27) 94654-9594,Google Ads,Polo,Financiamento,30,Sim,11/03/2025,Sucesso,,Morno,13/04/2025
CLI001302,Ricardo Costa,Masculino,58,(85) 91835-2278,Instagram,Polo,À Vista,,Não,04/03/2025,Agendamento,,Quente,15/03/2025
CLI001303,Henrique Duarte,Masculino,44,(13) 94674-1224,OLX,Polo,Financiamento,30,Não,30/03/2025,Interesse Futuro,,Morno,01/06/2025
CLI001304,Vinícius Costa,Masculino,37,(21) 95817-0253,Instagram,Nivus,Financiamento,20,Sim,17/03/2025,Sucesso,,Quente,10/04/2025
CLI001305,João Soares,Masculino,42,(48) 93714-7841,Facebook Ads,Polo,Financiamento,35,Não,03/03/2025,primeiro contato,,Morno,04/03/2025
CLI001306,Vitória Teixeira,Feminino,39,(85) 98819-3502,Indicação,Saveiro,Financiamento,25,Não,23/03/2025,primeiro contato,,Frio,25/03/2025
CLI001307,Sabrina Mendes Freitas,Feminino,37,(47) 98182-1111,Site,Virtus,Financiamento,30,Sim,27/03/2025,Negociação,,Quente,17/04/2025
CLI001308,Caio Rezende Andrade,Masculino,62,(48) 94110-7956,OLX,Saveiro,À Vista,,Não,25/03/2025,Sucesso,,Morno,02/05/2025
CLI001309,Marcelo Carvalho Gomes,Masculino,32,(16) 99966-8284,WhatsApp,Saveiro,À Vista,,Não,21/03/2025,Primeiro Contato,,Frio,23/03/2025
CLI001310,Ana Araújo Carvalho,Feminino,48,(51) 92066-4873,WhatsApp,Polo,À Vista,,Sim,07/03/2025,Agendamento,,Quente,12/03/2025
CLI001311,Pedro Andrade,Masculino,23,(17) 98043-7187,WhatsApp,Virtus,Financiamento,30,Não,31/03/2025,Primeiro Contato,,Frio,31/03/2025
CLI001312,Larissa Monteiro,Feminino,53,(13) 99818-5502,Loja Física,Tiguan Allspace,Financiamento,30,Não,17/03/2025,Insucesso,Financeiro,Frio,30/04/2025
CLI001313,Marina Moraes Cardoso,Feminino,55,(62) 93015-3814,Instagram,Saveiro,Financiamento,25,Não,14/03/2025,Primeiro Contato,,Frio,18/03/2025
CLI001314,Letícia Souza Carvalho,Feminino,44,(11) 96631-2023,WhatsApp,Saveiro,À Vista,10,Não,26/03/2025,Sucesso,,Morno,15/04/2025
CLI001315,Guilherme Moraes,Masculino,54,(62) 95657-6082,Site,Polo,Financiamento,40,Não,29/03/2025,Interesse Futuro,,Morno,19/04/2025
CLI001316,Letícia Lopes,Feminino,30,(48) 98072-7941,Site,Amarok,Financiamento,25,Não,11/03/2025,Insucesso,Crédito Negado,Morno,20/03/2025
CLI001317,Marcos Santos,Masculino,37,(47) 94609-0862,Instagram,Virtus,Financiamento,30,Sim,18/03/2025,Negociação,,Quente,02/04/2025
CLI001318,Fernando Almeida,Masculino,52,(41) 93626-8083,Site,Nivus,Financiamento,30,Sim,10/03/2025,Negociação,,Morno,04/04/2025
CLI001319,Carlos Lopes Ribeiro,Masculino,44,(19) 95480-2923,Instagram,Polo,Financiamento,25,Não,26/03/2025,Agendamento,,Frio,02/04/2025
CLI001320,Vitória Moreira Pereira,Feminino,61,(13) 95221-1903,Instagram,Tiguan Allspace,Financiamento,20,Não,10/03/2025,Interesse Futuro,,Morno,16/06/2025
CLI001966,Fernanda Rocha,Feminino,49,(81) 98098-9194,Loja Física,T-Cross,Financiamento,10,Não,16/03/2025,Insucesso,Contato Sem Sucesso,Quente,22/04/2025
CLI001322,Bianca Monteiro Duarte,Feminino,46,(61) 99054-4279,OLX,Polo,À Vista,,Não,30/03/2025,Primeiro Contato,,Frio,02/04/2025
CLI001323,Marcelo Castro Ramos,Masculino,27,(16) 97029-6410,Google Ads,T-Cross,Financiamento,15,Sim,02/03/2025,Sucesso,,Quente,08/04/2025
CLI001324,Isabela Nascimento Ferreira,Feminino,65,(71) 92036-4887,Loja Física,Nivus,Financiamento,30,Sim,05/03/2025,Sucesso,,Quente,22/03/2025
CLI001325,Marcelo Santana,Masculino,34,(19) 99226-3274,Instagram,Virtus,Financiamento,35,Sim,11/03/2025,Sucesso,,Quente,16/03/2025
CLI001326,Luana Barbosa,Feminino,60,(16) 96642-3139,Instagram,T-Cross,À Vista,,Sim,11/03/2025,Agendamento,,Morno,15/03/2025
CLI001327,Camila Gonçalves,Feminino,44,(27) 95047-3110,WhatsApp,Nivus,Financiamento,30,Sim,25/03/2025,Sucesso,,Quente,27/04/2025
CLI001328,Marina Dias,Feminino,53,(85) 99368-0238,WhatsApp,Amarok,Financiamento,20,Não,26/03/2025,Primeiro Contato,,Frio,02/04/2025
CLI001329,Mateus Castro Duarte,Masculino,58,(32) 91350-6307,WhatsApp,Amarok,Financiamento,50,Não,05/03/2025,Interesse Futuro,,Morno,07/06/2025
CLI001330,Pedro Carvalho,Masculino,34,(21) 91822-0719,Site,Saveiro,Financiamento,35,Não,04/03/2025,Sucesso,,Quente,15/04/2025
CLI001331,Isabela Gonçalves,Feminino,43,(11) 98136-6091,Instagram,Polo,Financiamento,15,Não,19/03/2025,Primeiro Contato,,Morno,24/03/2025
CLI001332,Vitor Moreira Duarte,Masculino,27,(51) 95978-0656,Loja Física,Polo,À Vista,,sim,14/03/2025,Insucesso,Comprou em Outra Concessionária,Frio,26/04/2025
CLI001333,Rodrigo Rezende Lima,Masculino,52,(24) 91756-8482,WhatsApp,Taos,À Vista,,Não,19/03/2025,Primeiro Contato,,Quente,26/03/2025
CLI001334,Patrícia Pereira,Feminino,42,(11) 97288-2271,Indicação,Polo,Financiamento,15,Não,29/03/2025,Insucesso,Crédito Negado,Frio,07/05/2025
CLI001335,Thiago Souza Rodrigues,Masculino,58,(62) 93172-5009,Site,T-Cross,Financiamento,35,Não,06/03/2025,Negociação,,Quente,19/03/2025
CLI001336,Rodrigo Duarte,Masculino,28,(81) 93553-7582,Instagram,Virtus,Financiamento,40,Não,24/03/2025,Primeiro Contato,,Frio,31/03/2025
CLI001337,Diego Batista Monteiro,Masculino,27,(27) 95859-7488,Instagram,Saveiro,Financiamento,25,Não,25/03/2025,Insucesso,Financeiro,Frio,03/04/2025
CLI001338,Marina Souza Costa,Feminino,58,(12) 93845-1776,Instagram,Amarok,Financiamento,50,Sim,03/17/2025,Sucesso,,Morno,28/04/2025
CLI001339,Clara Costa Ferreira,Feminino,31,(16) 98887-5249,Instagram,Nivus,Financiamento,25,Sim,14/03/2025,Sucesso,,Quente,12/04/2025
CLI001340,Gabriel Carvalho,Masculino,36,(48) 92288-4402,Indicação,Polo,Financiamento,35,Não,02/03/2025,Primeiro Contato,,Frio,06/03/2025
CLI001341,Letícia Cardoso,Feminino,37,(48) 99892-0102,OLX,T-Cross,À Vista,,Não,06/03/2025,Interesse Futuro,,Morno,09/04/2025
CLI001342,Valentina Ribeiro,Feminino,36,(41) 99300-2834,Instagram,Nivus,Financiamento,15,Não,30/03/2025,Insucesso,Crédito Negado,Morno,29/05/2025
CLI001343,Clara Teixeira Rezende,Feminino,55,(47) 92374-1586,Google Ads,T-Cross,À Vista,,Sim,06/03/2025,Negociação,,Morno,19/03/2025
CLI001344,Júlia Monteiro,Feminino,46,(21) 98099-0007,Site,Virtus,Financiamento,35,Sim,11/03/2025,Interesse Futuro,,Quente,07/04/2025
CLI001345,Bruna Souza,Feminino,30,(11) 98592-2967,Google Ads,Nivus,Financiamento,15,Sim,21/03/2025,Sucesso,,Morno,06/04/2025
CLI001346,Mateus Soares Lopes,Masculino,39,(21) 9999,Google Ads,Polo,Financiamento,15,Sim,14/03/2025,Sucesso,,Quente,10/04/2025
CLI001347,Vanessa Ramos,Feminino,40,(47) 97158-0522,Site,Virtus,Financiamento,30,Sim,25/03/2025,Sucesso,,Quente,14/04/2025
CLI001348,André Moraes Andrade,Masculino,31,(11) 91231-3746,Loja Física,T-Cross,Financiamento,20,Não,29/03/2025,Agendamento,,Morno,31/03/2025
CLI001349,Eduardo Teixeira,Masculino,30,(21) 95919-4944,Loja Física,T-Cross,Financiamento,30,Não,09/03/2025,Primeiro Contato,,Frio,16/03/2025
CLI001350,Bruno Moraes,Masculino,55,(47) 99278-4003,Instagram,Saveiro,À Vista,,Não,25/03/2025,Insucesso,Comprou em Outra Concessionária,Frio,21/04/2025
CLI001351,Diego Barbosa,Masculino,36,(11) 91318-0858,Facebook Ads,Polo,Financiamento,20,Sim,02/03/2025,Sucesso,,Quente,22/03/2025
CLI001352,Thiago Almeida,Masculino,71,(21) 92618-6702,Indicação,Nivus,Financiamento,30,Não,01/03/2025,Insucesso,Financeiro,Frio,22/04/2025
CLI001353,Laura Martins,Feminino,31,(62) 95648-3983,OLX,Virtus,Financiamento,40,Sim,09/03/2025,Sucesso,,Quente,03/04/2025
CLI001354,Mateus Oliveira,Masculino,52,(62) 96207-2013,Instagram,Polo,À Vista,,Não,2025-03-12,Sucesso,,Quente,08/04/2025
CLI001355,Isabela Santos,Feminino,29,(71) 93192-4038,WhatsApp,Tiguan Allspace,Financiamento,10,Sim,05/03/2025,Negociação,,Morno,31/03/2025
CLI001356,Lucas Melo,Masculino,34,(11) 95426-1797,Instagram,Nivus,À Vista,,Não,30/03/2025,INSUCESSO ,Comprou em Outra Concessionária,Frio,01/04/2025
CLI002164,Gabriela Gomes,Feminino,47,(47) 98795-5417,Facebook Ads,Saveiro,Financiamento,20,Sim,25/11/2025,Sucesso,,Quente,18/12/2025
CLI001357,Marina Monteiro,Feminino,42,(47) 96177-6143,Instagram,T-Cross,Financiamento,20,Sim,13/03/2025,Agendamento,,Morno,26/03/2025
CLI001358,Renan Gonçalves,Masculino,63,(71) 92750-3846,Site,T-Cross,À Vista,,Sim,28/03/2025,Negociação,,Quente,26/04/2025
CLI001359,Letícia Santana,Feminino,48,(32) 97801-3095,Google Ads,Nivus,À Vista,,Não,12/03/2025,Agendamento,,Quente,26/03/2025
CLI001360,Eduarda Barbosa,Feminino,26,(11) 93936-8440,Loja Física,Polo,Financiamento,20,Não,08/03/2025,Interesse Futuro,,Morno,08/05/2025
CLI001361,Diego Duarte,Masculino,65,(31) 94447-4466,WhatsApp,Nivus,Financiamento,20,Sim,25/03/2025,primeiro contato,,Frio,29/03/2025
CLI001362,Clara Pereira Moraes,Feminino,54,(11) 98194-7081,WhatsApp,Saveiro,À Vista,,Sim,29/03/2025,Sucesso,,Quente,30/04/2025
CLI001363,Helena Silva,Feminino,41,(32) 92160-0265,Google Ads,Taos,Financiamento,25,Sim,23/03/2025,Primeiro Contato,,Morno,24/03/2025
CLI001364,Gabriela Araújo,Feminino,56,(61) 93492-1187,OLX,Polo,À Vista,,Não,2025-03-09,Primeiro Contato,,Morno,12/03/2025
CLI001365,Bruna Lopes Rezende,Feminino,44,(81) 95113-2087,Facebook Ads,T-Cross,Financiamento,30,Não,26/03/2025,Agendamento,,Morno,07/04/2025
CLI001366,Paulo Mendes Melo,Masculino,28,(11) 98A77-6655,Loja Física,Polo,Financiamento,40,Sim,29/03/2025,Sucesso,,Quente,25/04/2025
CLI001367,Eduarda Silva Almeida,Feminino,44,(11) 91008-1871,WhatsApp,Taos,À Vista,,Sim,05/04/2025,Negociação,,Quente,02/05/2025
CLI001368,Eduardo Castro,Masculino,37,(47) 91082-2595,Facebook Ads,Polo,Financiamento,25,Sim,22/04/2025,Primeiro Contato,,Frio,22/04/2025
CLI001369,Vitória Batista Ferreira,Feminino,36,(17) 96208-1906,Site,T-Cross,Financiamento,30,Sim,27/04/2025,Negociação,,Quente,08/05/2025
CLI001370,Thiago Nascimento,Masculino,40,(24) 96520-8404,Instagram,Polo,À Vista,,Sim,03/04/2025,Sucesso,,Quente,04/05/2025
CLI001371,Murilo Ferreira Teixeira,Masculino,52,(48) 97639-7110,Instagram,Taos,Financiamento,30,Não,16/04/2025,Sucesso,,Quente,19/04/2025
CLI001372,Natália Gonçalves,Feminino,20,1198877-66,WhatsApp,Nivus,À Vista,,Sim,23/04/2025,Primeiro Contato,,Morno,30/04/2025
CLI001373,Rafael Mendes,Masculino,40,(17) 96994-2695,Site,Polo,Financiamento,10,Não,01/04/2025,Agendamento,,Morno,16/03/2025
CLI001374,Beatriz Batista Rodrigues,Feminino,64,(12) 98445-3563,Site,T-Cross,Financiamento,20,Sim,29/04/2025,Negociação,,Quente,15/04/2025
CLI001375,Vitor Ribeiro,Masculino,42,(81) 93697-1733,Instagram,Saveiro,Financiamento,35,Não,30/04/2025,INSUCESSO ,Comprou em Outra Concessionária,Morno,22/06/2025
CLI001376,Gabriel Ferreira,Masculino,30,(21) 97263-4906,Site,Polo,Financiamento,25,Não,13/04/2025,insucesso,Produto Indisponível,Frio,08/06/2025
CLI001377,Renata Cardoso,Feminino,42,1198877-66,WhatsApp,Saveiro,Financiamento,30,Não,21/04/2025,Sucesso,,Morno,03/06/2025
CLI001378,Pedro Silva Ramos,,47,(12) 91918-5081,Facebook Ads,Virtus,Financiamento,20,Não,16/04/2025,Primeiro Contato,,Morno,19/04/2025
CLI001379,Guilherme Batista,Masculino,41,(11) 94623-5391,Site,Polo,À Vista,,Não,2025-04-29,Insucesso,Comprou em Outra Concessionária,Frio,2025-05-06
CLI001380,Renata Lima Freitas,Feminino,56,(24) 92594-7272,WhatsApp,Nivus,Financiamento,35,Sim,12/04/2025,Agendamento,,Morno,11/04/2025
CLI001381,Fernando Ferreira,Masculino,33,(31) 95458-6479,Instagram,T-Cross,Financiamento,25,Não,13/04/2025,Primeiro Contato,,Frio,15/04/2025
CLI001382,Marcos Santos,Masculino,53,(81) 97940-6171,OLX,T-Cross,Financiamento,40,Sim,08/04/2025,Sucesso,,Morno,30/04/2025
CLI001383,Vinícius Cardoso Ribeiro,Masculino,56,(11) 93055-2750,Loja Física,Polo,Financiamento,30,Sim,26/04/2025,SUCESSO ,,Quente,05/05/2025
CLI001384,Bruno Almeida Oliveira,Masculino,23,(81) 96409-0582,Google Ads,Polo,À Vista,,Não,29/04/2025,Primeiro Contato,,Frio,03/05/2025
CLI001385,Caio Oliveira,Masculino,51,(31) 97880-4071,WhatsApp,Nivus,Financiamento,25,Sim,05/04/2025,Sucesso,,Quente,19/04/2025
CLI001386,Vitória Silva Andrade,Feminino,38,(24) 91336-0288,Indicação,T-Cross,Financiamento,30,Não,26/04/2025,Primeiro Contato,,Frio,27/04/2025
CLI001387,Carolina Lima,Feminino,33,(41) 98895-8351,WhatsApp,T-Cross,Financiamento,10,Não,23/04/2025,Insucesso,Comprou no Particular,Morno,03/06/2025
CLI001388,Vanessa Barbosa Lima,Feminino,59,(16) 99737-4123,Instagram,Saveiro,Financiamento,25,Não,17/04/2025,Sucesso,,Quente,25/05/2025
CLI001389,Rafael Silva Souza,Masculino,60,9988-7766,Instagram,Saveiro,Financiamento,35,Sim,04/04/2025,Agendamento,,Quente,16/04/2025
CLI001390,Júlia Castro Mendes,Feminino,56,(48) 95123-0779,Instagram,Polo,Financiamento,35,Não,22/04/2025,Insucesso,Contato Sem Sucesso,Frio,19/06/2025
CLI001391,Helena Nunes Nascimento,Feminino,50,(32) 94682-4826,Google Ads,Polo,Financiamento,25,Não,24/04/2025,Primeiro Contato,,Frio,01/05/2025
CLI001392,Gustavo Souza Gonçalves,Masculino,56,(32) 93159-7305,OLX,Saveiro,Financiamento,30,Sim,23/04/2025,Negociação,,Quente,17/05/2025
CLI001393,Helena Rodrigues,Feminino,42,(11) 92536-1551,OLX,Polo,Financiamento,30,S,01/04/2025,Sucesso,,Quente,25/04/2025
CLI001640,Caio Lopes,Masculino,35,(21) 95652-4529,Indicação,Saveiro,Financiamento,30,Não,21/06/2025,Insucesso,Contato Sem Sucesso,Frio,25/06/2025
CLI001394,Sabrina Batista,Feminino,41,(71) 95726-7395,WhatsApp,Tiguan Allspace,Financiamento,35,Não,25/04/2025,INSUCESSO ,Produto Indisponível,Frio,24/05/2025
CLI001395,Vanessa Souza,Feminino,15,(17) 98249-6195,Google Ads,Polo,Financiamento,30,Sim,17/04/2025,Sucesso,,Quente,04/05/2025
CLI001396,Caio Lopes Oliveira,Masculino,54,(27) 93626-9493,WhatsApp,Nivus,À Vista,,Não,27/04/2025,Insucesso,Contato Sem Sucesso,Frio,23/06/2025
CLI001397,Daniel Ramos Ferreira,Masculino,47,(19) 97636-7950,Google Ads,Nivus,Financiamento,25,Não,29/04/2025,INTERESSE FUTURO ,,Morno,18/06/2025
CLI001398,Camila Nascimento Ribeiro,Feminino,50,(32) 92508-8837,Instagram,Virtus,Financiamento,25,Não,19/04/2025,Agendamento,,Morno,23/04/2025
CLI001399,Renata Batista,Feminino,53,(13) 91470-9169,Site,T-Cross,Financiamento,35,Sim,19/04/2025,Sucesso,,Frio,31/05/2025
CLI001400,Paulo Barbosa Cardoso,Masculino,65,(51) 93257-8161,Site,Virtus,Financiamento,25,Sim,20/04/2025,Agendamento,,Morno,22/04/2025
CLI001401,Pedro Ramos Oliveira,Masculino,16,(51) 99097-6655,WhatsApp,T-Cross,Financiamento,25,Não,15/04/2025,Negociação,,Quente,07/05/2025
CLI001402,Caio Silva,Masculino,41,(16) 95583-6303,Google Ads,Nivus,Financiamento,20,Sim,22/04/2025,Interesse Futuro,,Morno,30/07/2025
CLI001403,Gustavo Andrade,Masculino,38,(31) 92790-4250,Site,Virtus,Financiamento,40,Sim,18/04/2025,Insucesso,Financeiro,Frio,02/05/2025
CLI001404,Carlos Gonçalves,Masculino,41,(48) 99065-0512,Loja Física,Saveiro,Financiamento,30,S,10/04/2025,Insucesso,Produto Indisponível,Frio,14/05/2025
CLI001405,Felipe Rodrigues Andrade,Masculino,56,(24) 99282-2290,Indicação,Polo,Financiamento,10,1,25/04/2025,Interesse Futuro,,Morno,08/08/2025
CLI001406,Henrique Nascimento,Masculino,28,(24) 92171-3970,WhatsApp,Taos,Financiamento,15,Não,20/04/2025,Primeiro Contato,,Frio,27/04/2025
CLI001407,Luana Carvalho,Feminino,58,(11) 91935-3320,OLX,T-Cross,Financiamento,25,Sim,26/04/2025,Sucesso,Produto Indisponível,Quente,10/05/2025
CLI001408,Ricardo Andrade Teixeira,Masculino,54,(17) 97265-1392,Google Ads,Tiguan Allspace,À Vista,,Sim,09/04/2025,Negociação,,Quente,05/05/2025
CLI001409,Fernando Ferreira Moraes,Masculino,33,(17) 98384-0256,Site,Virtus,Financiamento,40,Sim,24/04/2025,Negociação,,Quente,27/04/2025
CLI001410,Caio Nunes,Masculino,65,(21) 91414-6086,Instagram,Amarok,À Vista,,Sim,23/04/2025,Agendamento,,Morno,2025-04-30
CLI001411,Marcos Rocha,Masculino,45,(61) 92065-2748,Google Ads,Amarok,Financiamento,30,Sim,18/04/2025,Primeiro Contato,,Morno,25/04/2025
CLI001412,Rafaela Cardoso,Feminino,46,(11) 92754-6914,Loja Física,T-Cross,À Vista,,Sim,20/04/2025,Negociação,,Morno,27/04/2025
CLI001413,Rafael Castro Gonçalves,Masculino,53,(12) 97776-5595,Site,Polo,Financiamento,25,Sim,28/04/2025,Primeiro Contato,,Frio,02/05/2025
CLI001414,Samuel Dias Monteiro,Feminno,37,(51) 93059-3424,Indicação,Polo,Financiamento,25,Sim,24/04/2025,Agendamento,,Morno,30/04/2025
CLI001415,Letícia Gomes,Feminino,41,(13) 98741-1555,Facebook Ads,Virtus,Financiamento,15,Sim,25/04/2025,Interesse Futuro,,Morno,08/08/2025
CLI001416,Renan Andrade Duarte,Masculino,38,(61) 95283-3016,Site,Tiguan Allspace,Financiamento,10,Não,10/04/2025,Primeiro Contato,,Quente,12/04/2025
CLI001417,Ana Barbosa,Feminino,50,(61) 93034-8719,SITE,Saveiro,À Vista,,Sim,17/04/2025,Agendamento,,Morno,25/04/2025
CLI001418,Marina Rodrigues,Feminino,37,1198877-66,OLX,Amarok,Financiamento,30,Não,01/04/2025,Interesse Futuro,,Frio,23/05/2025
CLI001419,Paulo Almeida Gomes,Masculino,22,(21) 91950-4329,WhatsApp,Nivus,Financiamento,35,Não,20/04/2025,Agendamento,,Quente,29/04/2025
CLI001420,Henrique Carvalho Araújo,Masculino,40,(71) 91156-8645,Instagram,Polo,Financiamento,30,Não,04/08/2025,Primeiro Contato,,Morno,12/04/2025
CLI001421,Sabrina Dias,Feminino,30,(62) 99820-7171,WhatsApp,T-Cross,Financiamento,35,Não,22/04/2025,Primeiro Contato,,Morno,29/04/2025
CLI001422,Samuel Nunes Teixeira,Masculino,46,(19) 94476-2486,Instagram,Polo,Financiamento,25,Não,05/04/2025,Negociação,,Quente,27/04/2025
CLI001423,Bruna Lima Castro,Feminino,33,(47) 93955-4044,Instagram,Polo,Financiamento,40,Não,02/04/2025,Interesse Futuro,,Frio,09/07/2025
CLI001424,João Ferreira Gomes,Masculino,43,(24) 98363-6099,Indicação,Saveiro,Financiamento,20,Não,28/04/2025,Sucesso,,Frio,31/05/2025
CLI001425,Sofia Moraes Mendes,Feminino,38,(62) 94747-1833,Loja Física,Tiguan Allspace,À Vista,40,Não,05/04/2025,Agendamento,,Frio,19/04/2025
CLI001426,Rafaela Cardoso Castro,Feminino,31,(32) 96330-8587,Loja Física,Saveiro,À Vista,,Sim,10/04/2025,Sucesso,,Quente,14/05/2025
CLI001427,Clara Lima Nunes,Feminino,64,(21) 9999,Instagram,Saveiro,Financiamento,10,Não,26/04/2025,Agendamento,,Quente,11/05/2025
CLI001428,Eduardo Ferreira,Masculino,49,(19) 92397-2097,Instagram,Nivus,Financiamento,15,Sim,06/04/2025,Agendamento,,Morno,13/04/2025
CLI001429,Fernando Souza,Masculino,19,(11) 93698-4038,Instagram,Taos,Financiamento,,Não,15/04/2025,Agendamento,,Quente,19/04/2025
CLI001430,Gabriel Rocha,Masculino,41,(32) 94636-6919,Facebook Ads,Virtus,Financiamento,35,Não,30/04/2025,Primeiro Contato,,Morno,02/05/2025
CLI001431,Renan Pereira,Masculino,55,(61) 95105-7190,Instagram,Amarok,Financiamento,50,Sim,04/04/2025,Sucesso,,Quente,11/05/2025
CLI001432,Thiago Duarte,Masculino,32,(81) 97305-3829,Instagram,Virtus,À Vista,,Não,03/04/2025,Primeiro Contato,,Frio,09/04/2025
CLI001433,Clara Freitas Ferreira,Feminino,39,(41) 97915-5049,loja física,Saveiro,Financiamento,40,Não,14/04/2025,Primeiro Contato,,Quente,18/04/2025
CLI001434,Ricardo Pereira,Masculino,64,(11) 91078-4508,Loja Física,Polo,À Vista,,Sim,28/04/2025,Negociação,,Quente,25/05/2025
CLI001435,Sofia Ribeiro,Feminino,31,(85) 93408-6360,Instagram,Polo,Financiamento,25,Sim,15/04/2025,Sucesso,,Quente,12/05/2025
CLI001436,Larissa Teixeira Oliveira,Feminino,55,(24) 99200-3489,WhatsApp,Saveiro,À Vista,,Não,18/04/2025,Sucesso,,Quente,23/05/2025
CLI001437,Valentina Ribeiro Moraes,Feminino,51,(51) 95055-6039,Google Ads,Saveiro,À Vista,,Não,04/28/2025,Primeiro Contato,,Morno,02/05/2025
CLI001438,Marcelo Cardoso,Masculino,37,(71) 94712-7245,Instagram,Nivus,À Vista,,Não,2025-04-05,Primeiro Contato,,Quente,2025-04-12
CLI001439,Paulo Monteiro,Masculino,27,(41) 98153-0268,Google Ads,Tiguan Allspace,Financiamento,30,Sim,23/04/2025,Primeiro Contato,,Frio,25/04/2025
CLI001440,Diego Nunes,Masculino,48,(21) 91895-6037,WhatsApp,Polo,Financiamento,20,Sim,15/04/2025,Negociação,Comprou em Outra Concessionária,Quente,25/04/2025
CLI001441,Gabriela Gonçalves,Feminino,58,(21) 9999,Site,Virtus,Financiamento,20,Sim,24/04/2025,Sucesso,,Quente,31/05/2025
CLI001442,Valentina Lopes Moraes,Feminino,39,(11) 98446-1498,Instagram,Polo,Financiamento,35,Não,11/04/2025,Insucesso,Comprou no Particular,Morno,18/05/2025
CLI001443,Diego Moreira,Masculino,31,(41) 94292-6953,Site,Nivus,Financiamento,35,Sim,18/04/2025,Agendamento,,Morno,01/05/2025
CLI001444,Paulo Santana Moreira,Masculino,49,(27) 97037-7816,Indicação,Nivus,Financiamento,10,Não,04/04/2025,Primeiro Contato,,Morno,05/04/2025
CLI001445,Vanessa Pereira Martins,masculino,41,(32) 92112-8994,Loja Física,T-Cross,Financiamento,25,Não,01/04/2025,Insucesso,Crédito Negado,Frio,22/05/2025
CLI001446,Mariana Gomes Lima,Feminino,35,(17) 94880-5414,Instagram,T-Cross,Financiamento,30,Sim,05/04/2025,Agendamento,,Quente,18/04/2025
CLI001447,Vinícius Pereira Gomes,Masculino,61,(85) 93300-7379,Google Ads,Taos,À Vista,,Sim,25/04/2025,Sucesso,,Morno,04/05/2025
CLI001448,Helena Silva Souza,Feminino,41,(19) 91876-3002,Site,Tiguan Allspace,À Vista,,Não,14/04/2025,Insucesso,Comprou em Outra Concessionária,Quente,02/06/2025
CLI001449,Gabriela Lopes,Feminino,49,(31) 96527-1977,Loja Física,T-Cross,À Vista,,Não,28/04/2025,Primeiro Contato,,Morno,01/05/2025
CLI001450,Ana Oliveira,Feminino,20,(12) 93058-9253,Facebook Ads,Saveiro,Financiamento,20,Sim,14/04/2025,Sucesso,,Quente,24/05/2025
CLI001451,Renan Santos Ribeiro,Masculino,51,(21) 92781-3544,Site,Amarok,Financiamento,30,Não,27/04/2025,Insucesso,Comprou no Particular,Frio,23/05/2025
CLI001452,Júlia Costa Lima,Feminino,57,(11) 98383-5823,Instagram,Virtus,À Vista,,Não,03/04/2025,Insucesso,Comprou em Outra Concessionária,Morno,03/05/2025
CLI001453,Caio Silva,Masculino,29,(51) 93403-6999,Site,T-Cross,Financiamento,35,Não,25/04/2025,Sucesso,,Quente,20/05/2025
CLI001454,Letícia Pereira Nunes,Feminino,57,(11) 97112-8887,OLX,T-Cross,À Vista,,Sim,06/04/2025,Sucesso,,Quente,21/05/2025
CLI001455,Eduardo Cardoso,Masculino,48,(48) 99636-0630,Site,Saveiro,Financiamento,50,Sim,27/04/2025,Primeiro Contato,,Frio,29/04/2025
CLI001456,Lucas Ramos,Masculino,57,(31) 91289-5441,Site,Polo,Financiamento,20,Não,26/04/2025,Agendamento,,Morno,04/05/2025
CLI001457,Rodrigo Lima Teixeira,Masculino,39,(47) 99286-7474,Loja Física,Virtus,Financiamento,30,Não,30/04/2025,Agendamento,,Frio,05/05/2025
CLI001458,Renan Dias,Masculino,27,(27) 97219-2993,WhatsApp,Polo,Financiamento,40,Não,18/04/2025,Primeiro Contato,,Quente,23/04/2025
CLI001459,Bianca Ferreira Santos,Feminino,68,(85) 92488-2852,Instagram,Amarok,À Vista,,Sim,05/04/2025,Agendamento,,Quente,16/04/2025
CLI001460,Beatriz Pereira,Feminino,53,(41) 97793-0675,Indicação,T-Cross,Financiamento,25,Não,24/05/2025,Primeiro Contato,,Frio,26/05/2025
CLI001461,Fernando Mendes Lopes,Masculino,24,(62) 97605-7420,Site,Taos,Financiamento,35,Sim,14/05/2025,Sucesso,,Quente,10/06/2025
CLI001462,Larissa Castro,Feminino,35,(11) 96946-7973,Instagram,T-Cross,À Vista,,Não,01/05/2025,Primeiro Contato,,Morno,07/05/2025
CLI001463,Patrícia Santana,Feminino,44,(51) 93213-3434,Site,Saveiro,À Vista,,Não,21/05/2025,Negociação,,Morno,16/06/2025
CLI001464,Luana Melo,Feminino,33,(17) 98005-5850,WhatsApp,Saveiro,Financiamento,20,Não,30/05/2025,INTERESSE FUTURO ,,Morno,07/07/2025
CLI001465,Laura Carvalho,Feminino,25,(85) 96003-0735,OLX,Virtus,Financiamento,50,Sim,28/05/2025,Insucesso,Produto Indisponível,Frio,12/06/2025
CLI001466,Daniel Rocha,Masculino,55,(16) 99318-9774, Facebook Ads  ,Saveiro,Financiamento,30,Não,07/05/2025,Primeiro Contato,,Frio,13/05/2025
CLI001467,Renata Gomes,Feminino,42,(48) 92056-6413,Loja Física,Tiguan Allspace,Financiamento,20,Não,07/05/2025,Interesse Futuro,,Morno,23/05/2025
CLI001468,Guilherme Gonçalves,Masculino,53,(16) 94465-9384,LOJA FÍSICA,Nivus,Financiamento,35,Sim,19/05/2025,Sucesso,,Frio,24/06/2025
CLI001469,Vitor Mendes Soares,Masculino,46,(27) 94063-2565,WhatsApp,T-Cross,À Vista,,Não,19/05/2025,Sucesso,,Morno,24/05/2025
CLI001470,Fernando Alves,Masculino,25,(32) 99909-8506,Facebook Ads,Taos,Financiamento,50,Não,25/05/2025,negociacao,,Quente,15/06/2025
CLI001471,Beatriz Ribeiro,Feminino,58,(19) 98733-3638,Instagram,Virtus,Financiamento,50,Não,26/05/2025,Interesse Futuro,,Morno,21/07/2025
CLI001472,Carolina Soares,Feminino,50,1198877-66,WhatsApp,T-Cross,Financiamento,35,Não,21/05/2025,Negociação,,Frio,06/06/2025
CLI001473,Lucas Rodrigues,Masculino,56,(85) 95650-3201,Google Ads,Nivus,Financiamento,20,Sim,30/05/2025,Primeiro Contato,,Frio,03/06/2025
CLI001474,Vanessa Santos,Feminino,44,(41) 95829-0968,Instagram,Virtus,Financiamento,15,Sim,31/05/2025,Sucesso,,Quente,17/06/2025
CLI001475,Thiago Ramos,Masculino,39,(48) 91024-7568,Instagram,Polo,À Vista,,Sim,06/05/2025,Sucesso,Comprou no Particular,Quente,21/05/2025
CLI001476,Felipe Andrade Costa,Masculino,50,(11) 92427-5774,Instagram,Virtus,Financiamento,30,Não,04/05/2025,Primeiro Contato,,Frio,08/05/2025
CLI001477,Daniela Gonçalves,Feminino,50,(31) 93262-3482,Instagram,Amarok,Financiamento,30,Não,23/05/2025,primeiro contato,,Morno,29/05/2025
CLI001478,Fernanda Barbosa,Feminino,50,(11) 98A77-6655,Google Ads,T-Cross,Financiamento,20,Sim,14/05/2025,Primeiro Contato,,Morno,16/05/2025
CLI001479,Vanessa Costa,Feminino,41,(81) 99676-7798,Facebook Ads,Polo,Financiamento,25,Não,07/05/2025,Primeiro Contato,,Morno,12/05/2025
CLI001480,Fernanda Gomes,Feminino,63,(48) 96930-1586,Indicação,Amarok,Financiamento,20,Sim,21/05/2025,Sucesso,,Morno,05/07/2025
CLI001481,Patrícia Duarte Souza,Feminino,63,(11) 93859-3388,Loja Física,Saveiro,Financiamento,40,Não,04/05/2025,Primeiro Contato,,Morno,07/05/2025
CLI001482,Lucas Costa,Masculino,23,(11) 99768-3046,Site,Nivus,Financiamento,25,Sim,12/05/2025,Sucesso,,Quente,12/06/2025
CLI001483,Gustavo Soares Gomes,Masculino,39,(16) 93355-4447,Google Ads,T-Cross,Financiamento,30,Não,03/05/2025,PRIMEIRO CONTATO ,,Quente,03/05/2025
CLI001484,Isabela Lopes Moreira,Feminino,41,(62) 93451-3388,OLX,Nivus,À Vista,,Sim,17/05/2025,Sucesso,,Quente,07/06/2025
CLI001485,Luana Oliveira,Feminino,49,(13) 99357-6618,Loja Física,Virtus,À Vista,,Não,21/05/2025,Negociação,,Quente,24/05/2025
CLI001486,Valentina Soares,Feminino,46,(51) 95513-1448,Instagram,Polo,Financiamento,30,Não,03/05/2025,Agendamento,,Frio,04/05/2025
CLI001487,Thiago Oliveira,Masculino,40,(15) 95153-2442,Instagram,Nivus,Financiamento,15,Sim,15/05/2025,Sucesso,,Morno,14/06/2025
CLI001488,Bruno Martins,Masculino,68,(15) 99657-2969,WhatsApp,Saveiro,À Vista,,Não,21/05/2025,Primeiro Contato,,Frio,24/05/2025
CLI001489,Gabriela Moraes Alves,Feminino,24,(12) 92635-1524,WhatsApp,T-Cross,Financiamento,20,Sim,05/02/2025,Sucesso,,Quente,06/05/2025
CLI001490,Laura Nascimento,Feminino,43,(51) 97203-3211,Google Ads,Virtus,Financiamento,30,Sim,20/05/2025,Agendamento,,Quente,04/06/2025
CLI001491,Carlos Nunes,Masculino,41,(47) 95775-1069,Instagram,T-Cross,Financiamento,10,Não,05/15/2025,Interesse Futuro,,Morno,06/12/2025
CLI001492,Samuel Freitas,Masculino,23,(81) 92905-2988,Site,T-Cross,À Vista,,Não,16/05/2025,Insucesso,Contato Sem Sucesso,Frio,22/05/2025
CLI001493,Rafael Alves,Masculino,49,(47) 96938-6682,Instagram,T-Cross,À Vista,,Sim,23/05/2025,Agendamento,,Frio,07/06/2025
CLI001494,Rodrigo Santos,Masculino,33,(31) 92188-4361,Site,Virtus,Financiamento,30,Sim,07/05/2025,Sucesso,,Frio,07/06/2025
CLI001495,Vitória Rezende Monteiro,Feminino,28,(11) 98741-7749,Instagram,Polo,À Vista,,Não,24/05/2025,Insucesso,Crédito Negado,Frio,24/06/2025
CLI001496,Carolina Santana,Feminino,23,9988-7766,WhatsApp,Taos,Financiamento,10,Não,19/05/2025,Sucesso,,Morno,25/06/2025
CLI001497,Mariana Barros,Feminino,49,(81) 94018-4907,Site,Virtus,Financiamento,25,Sim,07/05/2025,Sucesso,,Quente,06/06/2025
CLI001498,Beatriz Nunes Andrade,Feminino,29,(48) 94891-9641,Loja Física,Polo,Financiamento,20,Sim,20/05/2025,Sucesso,,Morno,27/06/2025
CLI001499,João Mendes,Masculino,46,(51) 96881-5524,Instagram,Nivus,Financiamento,50,Não,04/05/2025,Insucesso,Crédito Negado,Frio,14/05/2025
CLI001500,Henrique Lima,Masculino,51,(51) 98149-0153,Site,Nivus,Financiamento,10,Sim,11/05/2025,Negociação,,Quente,18/05/2025
CLI001501,Larissa Rocha,Feminino,33,(27) 98141-4719,Google Ads,T-Cross,À Vista,,Não,26/05/2025,Primeiro Contato,,Morno,29/05/2025
CLI001502,Sabrina Nascimento Freitas,Feminino,61,(11) 94054-2845,Site,Polo,À Vista,,Não,18/05/2025,Primeiro Contato,,Frio,24/05/2025
CLI001503,Ricardo Melo,Masculino,35,(11) 95768-2900,WhatsApp,Polo,Financiamento,30,Sim,04/05/2025,Sucesso,,Quente,24/05/2025
CLI001504,Guilherme Gonçalves,Masculino,62,(62) 95058-8932,Instagram,Polo,À Vista,,Sim,13/05/2025,Negociação,,Quente,12/06/2025
CLI001505,Ana Cardoso,Feminino,37,(48) 95991-9035,OLX,T-Cross,À Vista,,Sim,24/05/2025,Negociação,,Quente,17/06/2025
CLI001506,Rafaela Lopes Gomes,Feminino,38,(51) 95950-1001,site,T-Cross,Financiamento,25,Não,21/05/2025,Interesse Futuro,,Morno,19/07/2025
CLI001507,Carolina Dias,Feminino,36,(48) 94462-9536,WhatsApp,Polo,Financiamento,10,Sim,07/05/2025,Negociação,,Quente,17/05/2025
CLI001508,Patrícia Nunes,Feminino,52,(16) 91407-4085,Loja Física,Tiguan Allspace,Financiamento,30,Não,23/05/2025,Primeiro Contato,,Frio,24/05/2025
CLI001509,Eduarda Alves,Feminino,26,(17) 99225-9762,Google Ads,Polo,Financiamento,20,Não,20/05/2025,Insucesso,Comprou no Particular,Frio,11/06/2025
CLI001510,Leonardo Moreira,Masculino,33,(31) 96252-4177,Facebook Ads,Virtus,Financiamento,25,Não,30/05/2025,Agendamento,,Quente,04/06/2025
CLI001511,Patrícia Barbosa,Feminino,44,(81) 94215-5712,WhatsApp,Nivus,À Vista,,Sim,21/05/2025,Agendamento,,Morno,29/05/2025
CLI001512,Guilherme Cardoso Melo,Masculino,43,(81) 95423-1319,Instagram,Nivus,Financiamento,30,Não,09/05/2025,Insucesso,Contato Sem Sucesso,Frio,19/05/2025
CLI001513,Rodrigo Souza,Masculino,43,(41) 91621-1234,Indicação,Polo,Financiamento,15,Não,11/05/2025,Primeiro Contato,,Frio,16/05/2025
CLI001514,Gustavo Gomes Nascimento,Masculino,44,(24) 96122-6299,Loja Física,Virtus,Financiamento,10,Sim,01/05/2025,Negociação,,Morno,08/05/2025
CLI001515,Paulo Araújo Moraes,Masculino,34,(81) 95408-1984,Site,Polo,À Vista,,Não,15/05/2025,Primeiro Contato,,Morno,20/05/2025
CLI001516,João Gonçalves,Masculino,59,(51) 91687-4371,Instagram,Amarok,Financiamento,50,Sim,23/05/2025,Interesse Futuro,,Morno,06/08/2025
CLI001517,Eduarda Moraes,Feminino,35,(81) 94369-6572, Site  ,Saveiro,Financiamento,35,Não,27/05/2025,Interesse Futuro,,Frio,09/09/2025
CLI001518,Gustavo Santos,Masculino,67,(71) 97462-6151,WhatsApp,Taos,À Vista,,Sim,11/05/2025,Sucesso,,Quente,08/06/2025
CLI001519,Mateus Lopes,Masculino,51,(16) 93060-1448,Instagram,T-Cross,Financiamento,20,Sim,12/05/2025,Negociação,,Quente,29/05/2025
CLI001520,Rafael Rodrigues,Masculino,43,(19) 97490-5847,Loja Física,Virtus,Financiamento,25,Não,29/05/2025,Agendamento,,Quente,09/06/2025
CLI001521,Bruna Rocha Costa,Feminino,65,(24) 97774-9145,WhatsApp,Nivus,Financiamento,25,Não,22/05/2025,Sucesso,,Quente,26/06/2025
CLI001522,Rafaela Duarte Almeida,Feminino,42,(27) 94123-6330,Loja Física,Virtus,À Vista,,Não,09/05/2025,Primeiro Contato,,Morno,10/05/2025
CLI001523,Tatiane Nascimento Rodrigues,Feminino,43,(71) 92051-3866,Site,T-Cross,Financiamento,30,Sim,10/05/2025,Sucesso,,Quente,03/06/2025
CLI001524,Pedro Lopes Lima,Masculino,51,(17) 96649-4454,Google Ads,Polo,À Vista,,Não,11/05/2025,Primeiro Contato,,Quente,12/05/2025
CLI001525,Vitória Costa,Feminino,43,(21) 96004-9502,Indicação,Taos,Financiamento,20,Sim,25/05/2025,Negociação,,Morno,06/11/2025
CLI001526,  Carlos Araújo ,Masculino,64,(27) 98418-5007,WhatsApp,T-Cross,Financiamento,25,Sim,21/05/2025,Sucesso,,Quente,16/06/2025
CLI001527,CAMILA PEREIRA,Feminino,37,(21) 94103-4483,Loja Física,Virtus,Financiamento,30,Sim,02/05/2025,Sucesso,,Morno,19/05/2025
CLI001528,Renan Rezende,Masculino,45,(27) 96832-7903,Loja Física,T-Cross,Financiamento,20,Não,14/05/2025,Interesse Futuro,,Morno,19/06/2025
CLI001529,Fernando Barbosa,Masculino,48,(27) 93782-7050,WhatsApp,Tiguan Allspace,Financiamento,40,Não,25/05/2025,Insucesso,Contato Sem Sucesso,Frio,19/07/2025
CLI001530,Vinícius Santos,Masculino,33,(13) 93723-4379,Instagram,Saveiro,À Vista,,Sim,15/05/2025,agendamento,,Morno,25/05/2025
CLI001531,Laura Carvalho,Feminino,30,(27) 93770-9283,Instagram,Polo,Financiamento,30,Não,18/05/2025,Primeiro Contato,,Quente,20/05/2025
CLI001532,Caio Dias Moraes,Masculino,44,(11) 96123-1878,WhatsApp,Saveiro,Financiamento,20,Sim,21/05/2025,Interesse Futuro,,Morno,14/07/2025
CLI001533,Rodrigo Ramos,Masculino,48,(62) 94451-3720,Instagram,Polo,À Vista,,Não,01/05/2025,Insucesso,Comprou no Particular,Morno,15/06/2025
CLI001534,Vanessa Costa,Feminino,56,(51) 99345-6700,WhatsApp,T-Cross,Financiamento,30,Sim,27/05/2025,Interesse Futuro,,Morno,09/08/2025
CLI001535,Renata Cardoso Costa,Feminino,41,(13) 92191-5446,WhatsApp,Polo,Financiamento,25,Não,06/05/2025,Primeiro Contato,,Frio,12/05/2025
CLI001536,Marina Nascimento,Feminino,103,(51) 92837-4370,Google Ads,T-Cross,Financiamento,25,Não,02/05/2025,Primeiro Contato,,Frio,07/05/2025
CLI001537,Gustavo Almeida Soares,Masculino,40,(27) 97645-9909,Indicação,Nivus,À Vista,,Não,06/05/2025,Agendamento,,Quente,21/05/2025
CLI001538,Natália Andrade,Feminino,37,(85) 94771-2958,Facebook Ads,Amarok,Financiamento,50,Não,15/05/2025,Insucesso,Financeiro,Morno,17/06/2025
CLI001632,Camila Lima Ribeiro,Feminino,37,(11) 95917-0793,OLX,Saveiro,À Vista,,Sim,31/05/2025,Interesse Futuro,,Frio,17/07/2025
CLI001540,Thiago Dias Moraes,Masculino,52,(12) 96903-0833,Instagram,Tiguan Allspace,À Vista,,Sim,05/16/2025,Negociação,,Quente,06/07/2025
CLI001541,Sabrina Castro,Feminino,60,(15) 98348-0503,Site,Saveiro,À Vista,,Não,26/05/2025,Primeiro Contato,,Quente,02/06/2025
CLI001542,Vitória Rezende Barbosa,Feminino,33,(47) 96034-6789,WhatsApp,Polo,Financiamento,30,Não,25/05/2025,Agendamento,,Frio,28/05/2025
CLI001543,Rafaela Ribeiro,Feminino,40,(41) 91899-8517,Facebook Ads,Nivus,Financiamento,35,Sim,19/05/2025,Sucesso,,Quente,10/06/2025
CLI001544,Natália Souza Barros,Feminino,53,(71) 94109-7828,Facebook Ads,Tiguan Allspace,À Vista,,Sim,28/05/2025,Negociação,,Morno,18/06/2025
CLI001545,Natália Gonçalves,Feminino,46,(48) 95351-8814,Indicação,Polo,À Vista,,Sim,27/05/2025,Negociação,,Quente,19/06/2025
CLI001546,Helena Moreira,Feminino,30,(24) 91403-7036,Facebook Ads,Amarok,Financiamento,25,Sim,19/05/2025,Negociação,,Quente,17/06/2025
CLI001547,Carolina Ramos,Feminino,46,(85) 92892-2461,WhatsApp,Amarok,Financiamento,40,Não,03/05/2025,Primeiro Contato,,Morno,06/05/2025
CLI001548,Vinícius Batista,Masculino,27,(27) 91588-9394,Loja Física,Saveiro,À Vista,,Não,16/05/2025,Primeiro Contato,,Quente,16/05/2025
CLI001549,Rodrigo Soares,Masculino,44,(31) 98172-4855,Loja Física,Nivus,À Vista,,Sim,14/05/2025,Sucesso,,Quente,07/06/2025
CLI001550,Lucas Souza,Masculino,20,(16) 94039-8578,Site,Polo,À Vista,,Sim,05/20/2025,Primeiro Contato,,Frio,05/24/2025
CLI001551,Rodrigo Nascimento,Fem,35,(48) 92856-5970,WhatsApp,Tiguan Allspace,Financiamento,40,Não,22/05/2025,Primeiro Contato,,Frio,22/05/2025
CLI001552,Renan Santana Silva,Masculino,23,(16) 94101-6091,Facebook Ads,Virtus,Financiamento,20,Sim,22/05/2025,Sucesso,,Morno,29/06/2025
CLI001553,Murilo Barbosa,Masculino,42,(17) 93087-2167,Facebook Ads,Saveiro,Financiamento,50,Não,20/05/2025,Primeiro Contato,Produto Indisponível,Frio,27/05/2025
CLI001554,Valentina Monteiro Silva,Feminino,58,(31) 92911-7292,Google Ads,T-Cross,Financiamento,30,Não,23/05/2025,Insucesso,Comprou no Particular,Frio,25/05/2025
CLI001555,Eduarda Costa Santana,Feminino,16,(17) 99682-4603,Loja Física,Virtus,Financiamento,35,Não,07/05/2025,Negociação,,Quente,15/05/2025
CLI001556,Eduardo Moreira,Masculino,47,(62) 98046-1759,WhatsApp,Amarok,Financiamento,30,Não,08/05/2025,Primeiro Contato,,Frio,13/05/2025
CLI001557,Gabriela Ramos,Feminino,38,(47) 97549-1089,Indicação,Nivus,Financiamento,30,Sim,08/05/2025,Sucesso,,Quente,12/05/2025
CLI001558,Daniel Ramos,Masculino,47,(11) 99994-7628,WhatsApp,Nivus,Financiamento,20,Não,16/05/2025,Primeiro Contato,,Morno,21/05/2025
CLI001559,Eduarda Santana,Feminino,29,(51) 95362-0748,Loja Física,Polo,Financiamento,50,Não,20/05/2025,Primeiro Contato,,Quente,27/05/2025
CLI001560,Caio Ramos,Masculino,39,(13) 94590-1338,WhatsApp,Polo,Financiamento,10,Sim,09/06/2025,Negociação,Financeiro,Morno,01/07/2025
CLI001561,Pedro Moreira,Feminno,38,(51) 91942-2861,WhatsApp,T-Cross,Financiamento,35,Sim,03/06/2025,Sucesso,,Quente,24/06/2025
CLI001562,Larissa Castro Lima,Feminino,50,(16) 94708-8345,WhatsApp,Taos,Financiamento,35,Sim,01/06/2025,Negociação,Comprou em Outra Concessionária,Quente,19/06/2025
CLI001563,André Dias Barbosa,Masculino,66,(61) 94628-2362,Google Ads,Polo,À Vista,,Sim,03/06/2025,Sucesso,,Quente,24/06/2025
CLI001564,Thiago Monteiro,Masculino,41,(16) 96779-8876,Site,Polo,Financiamento,20,Não,01/06/2025,primeiro contato,,Morno,06/06/2025
CLI001902,Daniela Melo Freitas,Feminino,63,(11) 91174-5924,Google Ads,Polo,À Vista,,Não,19/06/2025,Sucesso,,Quente,02/08/2025
CLI001566,Gabriela Ramos Nascimento,Feminino,69,(24) 98613-4605,Loja Física,Virtus,Financiamento,35,Não,20/06/2025,Insucesso,Financeiro,Morno,18/08/2025
CLI001567,Tatiane Rodrigues,Feminino,41,(31) 93820-3873,Site,Polo,Financiamento,25,Não,29/06/2025,Primeiro Contato,,Frio,05/07/2025
CLI001568,Carlos Nascimento Cardoso,Masculino,49,(51) 97767-9264,Google Ads,T-Cross,À Vista,,Não,15/06/2025,Primeiro Contato,,Morno,22/06/2025
CLI001569,Mariana Silva Rodrigues,Feminino,47,(61) 98367-6239,WhatsApp,Nivus,Financiamento,25,Não,11/06/2025,Agendamento,,Morno,26/06/2025
CLI001570,Letícia Melo,Feminino,39,(61) 95344-9269,Loja Física,Saveiro,Financiamento,25,Sim,11/06/2025,Sucesso,,Quente,15/07/2025
CLI001571,Gabriel Moraes,Masculino,29,(81) 91777-3951,OLX,Nivus,Financiamento,35,Não,24/06/2025,Insucesso,Produto Indisponível,Frio,15/08/2025
CLI001572,Bruna Soares Nascimento,Feminino,23,(17) 91397-3271,WhatsApp,Nivus,Financiamento,20,Sim,12/06/2025,Sucesso,,Quente,24/07/2025
CLI001573,Mariana Gonçalves Araújo,Feminino,59,(17) 95067-9808,Loja Física,Amarok,À Vista,,Não,19/06/2025,Primeiro Contato,,Frio,19/06/2025
CLI001574,Natália Ferreira,,36,(47) 98271-3458,Instagram,Nivus,À Vista,,Sim,16/06/2025,Agendamento,,Quente,22/06/2025
CLI001575,André Freitas,Masculino,57,(31) 99568-8376,WhatsApp,Saveiro,Financiamento,25,Sim,14/06/2025,Sucesso,,Quente,02/07/2025
CLI001576,Carlos Santana,Masculino,33,(41) 98672-5454,Instagram,Virtus,Financiamento,40,Sim,27/06/2025,Insucesso,Crédito Negado,Frio,26/07/2025
CLI001577,Daniel Ramos,Masculino,39,(11) 96510-1881,Instagram,Polo,Financiamento,35,Sim,26/06/2025,Agendamento,,Quente,30/06/2025
CLI001578,Carolina Rodrigues Gomes,Feminino,41,(27) 95011-5315,WhatsApp,Taos,Financiamento,50,Sim,02/06/2025,Negociação,,Quente,24/06/2025
CLI001579,Vitor Monteiro,Masculino,34,1198877-66,Google Ads,Taos,Financiamento,30,Sim,10/06/2025,Agendamento,,Morno,16/06/2025
CLI001580,Caio Rodrigues,Masculino,43,(16) 98359-2798,WhatsApp,Polo,À Vista,,Não,20/06/2025,Agendamento,,Quente,24/06/2025
CLI001581,Renata Rocha,Feminino,38,(17) 99354-2415,Google Ads,Tiguan Allspace,Financiamento,30,Não,28/06/2025,Primeiro Contato,,Frio,02/07/2025
CLI001582,Valentina Silva Santana,Feminino,68,(85) 95991-3141,Facebook Ads,Polo,Financiamento,15,Sim,16/06/2025,Interesse Futuro,,Quente,06/07/2025
CLI001583,Sabrina Almeida Lima,Feminino,52,(11) 95439-8408,Loja Física,Virtus,Financiamento,20,Sim,06/21/2025,Sucesso,,Quente,07/09/2025
CLI001584,Ricardo Nascimento,Masculino,46,(71) 97148-9403,Facebook Ads,Nivus,Financiamento,25,Sim,30/06/2025,Negociação,,Morno,14/07/2025
CLI001585,Felipe Nunes,Masculino,31,(31) 99889-2731,Site,Tiguan Allspace,Financiamento,30,Sim,06/10/2025,Insucesso,Comprou em Outra Concessionária,Frio,07/25/2025
CLI001586,eduarda batista souza,Feminino,31,(21) 98720-1325,Site,Nivus,À Vista,,Sim,04/06/2025,Sucesso,,Quente,06/07/2025
CLI001587,Fernanda Santos Souza,Feminino,25,(27) 93929-3883,Site,Polo,Financiamento,25,Não,16/06/2025,Primeiro Contato,,Quente,19/06/2025
CLI001588,Renata Martins Barbosa,Feminino,54,(11) 93116-4039,WhatsApp,Polo,Financiamento,30,Não,25/06/2025,Primeiro Contato,,Frio,26/06/2025
CLI001589,Beatriz Ferreira,Feminino,53,(11) 97053-3862,Loja Física,Amarok,Financiamento,15,Sim,05/06/2025,Agendamento,,Frio,20/06/2025
CLI001590,Letícia Araújo Ribeiro,Feminino,39,(15) 94493-3611,WhatsApp,Virtus,Financiamento,20,Sim,13/06/2025,Insucesso,Comprou em Outra Concessionária,Frio,22/07/2025
CLI001591,Ricardo Cardoso Melo,Masculino,40,(11) 95957-7086,WhatsApp,Taos,Financiamento,20,Não,01/06/2025,Insucesso,Produto Indisponível,Frio,15/06/2025
CLI001592,Samuel Nunes Ferreira,Masculino,39,(11) 96546-2637,Instagram,Saveiro,Financiamento,20,Sim,23/06/2025,Negociação,,Morno,11/07/2025
CLI001593,  Rafael Andrade ,Masculino,67,(61) 97221-9949,Instagram,Nivus,Financiamento,20,Sim,20/06/2025,Primeiro Contato,,Frio,27/06/2025
CLI001594,Eduardo Freitas,Masculino,43,(16) 98123-9386,Instagram,Polo,Financiamento,30,Não,16/06/2025,Primeiro Contato,,Morno,20/06/2025
CLI001595,Marina Teixeira Barbosa,Feminino,32,(16) 99206-9641,OLX,Polo,Financiamento,15,Não,07/06/2025,Primeiro Contato,,Morno,08/06/2025
CLI000084,Daniela Moreira Martins,Feminino,39,(13) 91647-6780,Loja Física,Virtus,Financiamento,25,Sim,19/06/2025,Negociação,,Quente,24/06/2025
CLI001597,Murilo Souza Almeida,Masculino,54,(61) 94075-3740,Indicação,T-Cross,Financiamento,25,Sim,12/06/2025,Negociação,,Quente,06/07/2025
CLI001598,Marina Dias Soares,Feminino,25,(62) 96713-1530,Loja Física,T-Cross,À Vista,,Não,27/06/2025,Agendamento,,Morno,07/07/2025
CLI001599,Fernando Mendes,Masculino,52,(62) 91869-1675,Site,Amarok,Financiamento,20,Não,11/06/2025,Insucesso,Crédito Negado,Frio,26/07/2025
CLI001600,André Rezende Ferreira,Masculino,31,(85) 99527-9376,Loja Física,Saveiro,Financiamento,20,Sim,27/06/2025,Negociação,,Morno,24/07/2025
CLI001601,Diego Souza,Masculino,43,(13) 95805-7832,WhatsApp,Saveiro,Financiamento,20,Não,01/06/2025,Negociação,,Quente,29/06/2025
CLI001602,André Teixeira Almeida,Masculino,39,(61) 92476-3106,Loja Física,T-Cross,Financiamento,35,Não,01/06/2025,Insucesso,Financeiro,Morno,19/06/2025
CLI001603,Júlia Barros Melo,Feminino,43,(41) 95350-5018,WhatsApp,Polo,Financiamento,15,Sim,30/06/2025,Negociação,,Morno,18/07/2025
CLI001604,Gustavo Lima,Masculino,65,(17) 98193-8659,Loja Física,T-Cross,Financiamento,40,Não,29/06/2025,Sucesso,,Quente,10/08/2025
CLI001605,Beatriz Santana,Feminino,67,(15) 96808-4787,Instagram,Tiguan Allspace,Financiamento,20,Não,22/06/2025,Primeiro Contato,,Frio,22/06/2025
CLI001606,Gustavo Batista,Masculino,29,(16) 91176-8045,Instagram,Amarok,Financiamento,25,Sim,15/06/2025,Sucesso,,Quente,06/07/2025
CLI001607,Sabrina Dias Carvalho,Feminino,45,(48) 97955-4459,Instagram,Saveiro,Financiamento,20,Não,15/06/2025,Agendamento,,Morno,23/06/2025
CLI001608,Tatiane Monteiro Gomes,Feminino,36,(21) 93132-9558,Instagram,Nivus,Financiamento,25,Não,03/06/2025,Insucesso,Contato Sem Sucesso,Frio,2025-07-15
CLI001609,Júlia Souza,Feminino,37,(51) 96079-4414,Site,T-Cross,Financiamento,30,Não,30/06/2025,Agendamento,,Morno,02/07/2025
CLI001610,Ricardo Lopes,Feminno,52,(48) 98304-6603,Facebook Ads,T-Cross,Financiamento,25,Sim,27/06/2025,Agendamento,,Morno,12/07/2025
CLI001611,Lucas Rocha,Masculino,59,(13) 92403-8227,WhatsApp,Nivus,Financiamento,30,Sim,15/06/2025,Sucesso,,Morno,16/07/2025
CLI001612,Felipe Mendes Rocha,Feminno,39,(71) 96500-2993,Google Ads,Saveiro,Financiamento,20,Não,08/06/2025,Interesse Futuro,,Morno,10/07/2025
CLI001613,João Soares Rodrigues,Masculino,44,(11) 95360-7029,Facebook Ads,T-Cross,Financiamento,35,Não,04/06/2025,Interesse Futuro,,Frio,17/09/2025
CLI001614,Felipe Souza,Masculino,46,(41) 97486-2674,Google Ads,Virtus,Financiamento,35,Sim,07/06/2025,Agendamento,,Morno,18/06/2025
CLI001615,Ana Castro,Feminino,52,(12) 97162-9888,Facebook Ads,Polo,Financiamento,40,Não,22/06/2025,Sucesso,,Morno,18/06/2025
CLI001616,Eduardo Mendes,Masculino,32,(21) 93914-3544, Google Ads  ,Amarok,Financiamento,25,Não,19/06/2025,Primeiro Contato,,Frio,26/06/2025
CLI001617,Caio Rocha,Masculino,61,(13) 92149-2610,Instagram,T-Cross,Financiamento,25,Sim,10/06/2025,Sucesso,,Quente,10/07/2025
CLI001618,Daniela Ribeiro Moraes,Feminino,50,(13) 96834-0085,Instagram,Polo,Financiamento,25,Não,10/06/2025,Insucesso,Crédito Negado,Morno,21/06/2025
CLI001619,Renan Santos Freitas,Masculino,24,(41) 98646-1148,OLX,Taos,Financiamento,25,Sim,15/06/2025,Primeiro Contato,Comprou em Outra Concessionária,Quente,16/06/2025
CLI001620,Thiago Araújo Ferreira,Masculino,54,(24) 91849-5621,Instagram,Nivus,Financiamento,25,Sim,23/06/2025,Sucesso,,Morno,08/07/2025
CLI001621,Diego Mendes,Masculino,48,(32) 98435-8194,Instagram,T-Cross,Financiamento,35,Não,21/06/2025,Agendamento,,Quente,03/07/2025
CLI001622,Carlos Freitas Alves,Masculino,44,(11) 94771-0439, Google Ads  ,Nivus,Financiamento,25,Sim,08/06/2025,Interesse Futuro,,Frio,06/08/2025
CLI001623,Mariana Cardoso,Feminino,42,(71) 97664-0461,Google Ads,Taos,À Vista,,Sim,27/06/2025,Agendamento,,Morno,28/06/2025
CLI001624,Guilherme Duarte Ribeiro,Masculino,29,(31) 93603-3697,Instagram,Virtus,Financiamento,20,Não,01/06/2025,Primeiro Contato,,Morno,04/06/2025
CLI001625,Vitor Almeida Lopes,Masculino,49,(21) 92124-8220,WhatsApp,Saveiro,Financiamento,15,Não,13/06/2025,Insucesso,Financeiro,Frio,06/07/2025
CLI001626,Luana Moreira,Feminino,41,(13) 99568-1361,WhatsApp,Tiguan Allspace,Financiamento,20,Não,16/06/2025,Primeiro Contato,,Morno,22/06/2025
CLI001627,Felipe Castro,Masculino,42,(11) 93784-8977,Loja Física,T-Cross,Financiamento,15,Não,12/06/2025,Insucesso,Financeiro,Frio,08/07/2025
CLI001628,Marcos Batista,Masculino,35,(61) 91877-2343,Instagram,Saveiro,Financiamento,15,Não,10/06/2025,Interesse Futuro,,Morno,01/07/2025
CLI001629,Helena Martins Santana,Feminino,51,(12) 99368-4991,Instagram,Nivus,Financiamento,25,Não,08/06/2025,Primeiro Contato,,Frio,12/06/2025
CLI001630,Ricardo Pereira,Masculino,33,(71) 99691-9610,Site,Saveiro,Financiamento,30,Sim,08/06/2025,Negociação,,Frio,18/06/2025
CLI001631,Sofia Almeida,Feminino,65,(11) 94132-8372,Facebook Ads,Taos,Financiamento,15,Não,18/06/2025,Sucesso,,Morno,22/07/2025
CLI001632,Natália Nascimento,Feminino,37,(31) 91370-1081,Instagram,Nivus,Financiamento,35,Não,06/06/2025,Agendamento,,Morno,09/06/2025
CLI000592,Renan Freitas,Masculino,35,(11) 97001-7656,Indicação,Nivus,Financiamento,20,Sim,24/07/2024,Interesse Futuro,,Frio,03/11/2024
CLI001633,Patrícia Gomes Oliveira,,25,(41) 91760-0948,WhatsApp,Taos,À Vista,,Sim,23/06/2025,Negociação,,Quente,01/07/2025
CLI001634,Felipe Rocha,Masculino,23,(81) 92761-9617,Instagram,Tiguan Allspace,À Vista,,Não,02/06/2025,Sucesso,,Morno,09/07/2025
CLI001635,Gabriel Freitas,Masculino,36,(47) 93928-0438,OLX,T-Cross,Financiamento,25,Não,28/06/2025,Insucesso,Comprou no Particular,Morno,10/06/2025
CLI001636,Isabela Santos,Feminino,46,(85) 94964-5859,Site,T-Cross,Financiamento,40,Sim,04/06/2025,Sucesso,,Quente,04/07/2025
CLI001637,Mateus Teixeira,Masculino,49,(51) 98474-0791,Site,Virtus,Financiamento,40,Não,15/06/2025,Insucesso,Contato Sem Sucesso,Frio,08/08/2025
CLI001638,Valentina Duarte,Feminino,36,(13) 95974-5725,Google Ads,Polo,Financiamento,10,Não,14/06/2025,Primeiro Contato,,Morno,20/06/2025
CLI001639,Luana Castro,Feminino,54,(47) 95133-4650,Site,T-Cross,Financiamento,30,Não,03/06/2025,Insucesso,Comprou em Outra Concessionária,Morno,23/06/2025
CLI001640,Caio Lopes,Masculino,35,(21) 95652-4529,Indicação,Saveiro,Financiamento,30,Não,21/06/2025,Insucesso,Contato Sem Sucesso,Frio,25/06/2025
CLI001641,Daniela Ferreira,Feminino,55,(27) 92439-5187,Instagram,Saveiro,Financiamento,25,Não,13/06/2025,Insucesso,Produto Indisponível,Frio,30/06/2025
CLI001642,Helena Moreira,Feminino,42,(71) 96643-0764,Facebook Ads,Saveiro,Financiamento,10,Não,13/06/2025,Insucesso,Contato Sem Sucesso,Frio,29/06/2025
CLI001643,Marcelo Almeida Barros,Masculino,40,(11) 95886-2538,OLX,Amarok,À Vista,,Não,18/06/2025,Primeiro Contato,,Quente,22/06/2025
CLI001644,Laura Santos,Feminino,33,(21) 97921-5000,WhatsApp,Polo,Financiamento,15,Sim,23/06/2025,Primeiro Contato,,Frio,25/06/2025
CLI001645,Marcelo Moreira,Masculino,28,9988-7766,Google Ads,Taos,Financiamento,30,Sim,19/06/2025,Primeiro Contato,,Morno,22/06/2025
CLI001646,Larissa Moreira Rodrigues,Feminino,31,(31) 95897-1072,Site,Amarok,Financiamento,20,Sim,20/06/2025,sucesso,,Quente,28/07/2025
CLI001647,Patrícia Monteiro,Feminino,67,(17) 94482-5974,Indicação,Saveiro,À Vista,,,21/06/2025,Agendamento,,Morno,02/07/2025
CLI001648,Bruno Monteiro,Masculino,37,(16) 91310-2839,Facebook Ads,Nivus,Financiamento,40,Não,18/07/2025,Agendamento,,Morno,30/07/2025
CLI001649,Clara Gomes,Feminino,44,(48) 92166-5326,Loja Física,Saveiro,Financiamento,35,Não,21/07/2025,Agendamento,,Quente,04/08/2025
CLI001650,Samuel Moreira,Masculino,44,(12) 99340-3310,Google Ads,T-Cross,Financiamento,20,Sim,07/07/2025,Sucesso,,Quente,18/08/2025
CLI001651,Gabriela Lima Freitas,Feminino,33,(61) 98464-0422,Facebook Ads,Amarok,Financiamento,30,sim,06/07/2025,Agendamento,,Morno,09/07/2025
CLI001652,Leonardo Duarte Alves,Masculino,41,(71) 97755-8849,Facebook Ads,Nivus,Financiamento,35,Sim,27/07/2025,Sucesso,,Morno,03/08/2025
CLI001653,Letícia Oliveira,Feminino,55,(11) 95728-8737,Indicação,Polo,Financiamento,20,Não,09/07/2025,Interesse Futuro,,Morno,12/09/2025
CLI001654,Sabrina Rezende Ribeiro,Feminino,31,(61) 96163-4213,Indicação,Saveiro,À Vista,,Sim,09/07/2025,Agendamento,,Frio,22/07/2025
CLI001542,Rodrigo Nascimento,Masculino,30,(15) 93367-8414,Google Ads,Taos,Financiamento,15,Sim,08/07/2025,Primeiro Contato,,Frio,08/07/2025
CLI001656,Larissa Castro Dias,Feminino,38,(19) 92586-0296,WhatsApp,Tiguan Allspace,Financiamento,,Não,11/07/2025,Interesse Futuro,,Frio,26/08/2025
CLI001657,Rafaela Nascimento Moreira,Feminino,40,(48) 99664-8327,Instagram,Taos,Financiamento,30,Não,10/07/2025,Interesse Futuro,,Morno,27/09/2025
CLI001658,Vitória Freitas Melo,Feminino,32,(71) 94095-6586,Loja Física,Polo,Financiamento,30,Sim,04/07/2025,Interesse Futuro,,Frio,22/10/2025
CLI001659,Rafaela Soares Monteiro,Feminino,38,(19) 95682-5136,Site,Polo,À Vista,,Sim,2025-07-29,Negociação,,Morno,31/07/2025
CLI001660,Letícia Martins Lopes,Feminino,56,(11) 97436-7677,Indicação,Polo,Financiamento,20,Não,24/07/2025,Insucesso,Comprou no Particular,Morno,07/09/2025
CLI001661,Mariana Rocha,Feminino,21,(41) 92329-1384,Instagram,Taos,Financiamento,30,,26/07/2025,Negociação,,Quente,24/08/2025
CLI001662,Júlia Almeida,Feminino,64,(16) 98572-3110,OLX,Amarok,Financiamento,35,Não,26/07/2025,Primeiro Contato,,Morno,01/08/2025
CLI001663,Vanessa Souza,Feminino,46,(27) 96667-2666,Site,Polo,Financiamento,25,Sim,18/07/2025,Sucesso,,Quente,12/08/2025
CLI001664,Clara Carvalho,Feminino,24,(11) 98943-9764,Facebook Ads,Saveiro,Financiamento,50,Sim,03/07/2025,Agendamento,Comprou em Outra Concessionária,Morno,13/07/2025
CLI001665,Valentina Nunes Costa,Feminino,37,(32) 97022-1355,Facebook Ads,Polo,À Vista,,Não,04/07/2025,Agendamento,Crédito Negado,Frio,14/07/2025
CLI001666,Bruno Gonçalves Santana,Masculino,23,(85) 96626-0078,WhatsApp,Saveiro,Financiamento,,Sim,26/07/2025,Agendamento,,Morno,10/08/2025
CLI001667,Daniel Monteiro Carvalho,Masculino,43,(15) 95337-1626,OLX,T-Cross,Financiamento,10,Sim,09/07/2025,NEGOCIAÇÃO ,,Quente,17/07/2025
CLI001668,Larissa Duarte Batista,Feminino,41,(27) 95041-6974,Loja Física,Nivus,Financiamento,20,Não,19/07/2025,Interesse Futuro,,Morno,19/10/2025
CLI001669,Letícia Monteiro,Feminino,37,(85) 98594-1119,WhatsApp,Polo,Financiamento,15,Não,21/07/2025,Primeiro Contato,,Morno,24/07/2025
CLI001670,Bianca Batista,Feminino,34,(24) 99721-2577,Instagram,T-Cross,À Vista,,Sim,27/07/2025,Primeiro Contato,,Frio,01/08/2025
CLI001671,Samuel Pereira,Masculino,34,(11) 93037-0681,Instagram,Taos,À Vista,,Não,15/07/2025,Insucesso,Contato Sem Sucesso,Frio,27/07/2025
CLI001672,Vanessa Rocha,Feminino,31,(24) 94783-7870,Loja Física,Polo,Financiamento,15,Sim,14/07/2025,Negociação,,Quente,19/07/2025
CLI001673,Mariana Almeida,Feminino,39,(11) 97988-3626,Indicação,T-Cross,Financiamento,25,Não,16/07/2025,Insucesso,Financeiro,Morno,26/08/2025
CLI001674,André Silva,Masculino,42,(31) 93429-8111,Instagram,Saveiro,Financiamento,20,Não,27/07/2025,Primeiro Contato,,Frio,03/08/2025
CLI001675,Carlos Moraes,Masculino,39,(81) 91580-2882,Instagram,Saveiro,Financiamento,,Não,18/07/2025,Insucesso,Contato Sem Sucesso,Frio,06/08/2025
CLI001676,Fernando Souza,Masculino,47,(11) 98A77-6655,Loja Física,Virtus,Financiamento,25,Não,07/07/2025,Primeiro Contato,,Morno,12/07/2025
CLI002248,Pedro Rodrigues Araújo,Masculino,26,(17) 98139-7932,Site,Polo,Financiamento,40,Sim,19/12/2025,Insucesso,Crédito Negado,Frio,31/12/2025
CLI001677,Carlos Santos Duarte,Feminno,40,(41) 93242-9521,Site,Nivus,Financiamento,40,Sim,29/07/2025,Negociação,,Morno,06/08/2025
CLI001678,Mariana Rocha,Feminino,48,(51) 96157-4582,WhatsApp,T-Cross,Financiamento,20,Sim,10/07/2025,Sucesso,,Quente,30/07/2025
CLI001679,João Moraes,Masculino,67,(11) 96357-0626,Loja Física,Polo,Financiamento,20,Sim,31/07/2025,Negociação,,Morno,10/08/2025
CLI001680,Mateus Gomes Batista,Masculino,63,(71) 96382-3849,WhatsApp,Taos,Financiamento,20,Não,28/07/2025,Insucesso,Financeiro,Frio,01/08/2025
CLI001681,Felipe Santos,Masculino,67,(19) 98440-8263,Instagram,T-Cross,Financiamento,20,Sim,14/07/2025,Insucesso,Financeiro,Frio,23/08/2025
CLI001682,  Rodrigo Castro ,Masculino,25,(12) 99547-1112,OLX,Saveiro,Financiamento,20,Não,02/07/2025,Primeiro Contato,,Frio,03/07/2025
CLI001683,Sabrina Santos Almeida,Feminino,43,(27) 98401-4552,WhatsApp,T-Cross,Financiamento,25,,22/07/2025,Primeiro Contato,,Frio,24/07/2025
CLI001684,Marcelo Monteiro,Masculino,23,(19) 98363-4292,Instagram,Polo,Financiamento,20,Sim,12/07/2025,Sucesso,,Quente,16/08/2025
CLI001685,Mariana Rodrigues Gomes,Feminino,40,(47) 97957-9864,Site,Polo,Financiamento,35,Não,19/07/2025,Interesse Futuro,,Morno,28/09/2025
CLI001686,Vinícius Moreira,Masculino,32,(32) 99999-3282,Google Ads,Virtus,Financiamento,35,Não,08/07/2025,Interesse Futuro,,Morno,28/07/2025
CLI001687,Renan Lopes Ramos,Masculino,35,(11) 96167-1623,WhatsApp,Tiguan Allspace,Financiamento,25,Não,18/07/2025,Interesse Futuro,,Frio,16/09/2025
CLI001688,Renata Nunes,Feminino,63,(17) 93004-5677,Instagram,Saveiro,Financiamento,30,Sim,09/07/2025,Sucesso,,Quente,18/08/2025
CLI001689,Murilo Soares Nascimento,Masculino,22,(11) 93388-9148,Facebook Ads,Saveiro,Financiamento,25,Sim,2025-07-21,Sucesso,,Morno,2025-09-04
CLI001690,Marina Soares Rocha,Feminino,59,(85) 95893-0179,Instagram,T-Cross,Financiamento,30,Sim,02/07/2025,Negociação,,Quente,30/07/2025
CLI001691,Felipe Santana,Masculino,43,(15) 97168-5510,Google Ads,T-Cross,Financiamento,15,Sim,02/07/2025,Interesse Futuro,,Quente,27/07/2025
CLI001692,Luana Lima Melo,Feminino,64,(61) 95879-2556,Google Ads,Taos,Financiamento,30,Sim,04/07/2025,Sucesso,,Quente,13/08/2025
CLI001693,Patrícia Mendes Silva,Feminino,39,(81) 93164-5272,Site,Virtus,Financiamento,30,Sim,19/07/2025,Negociação,,Morno,24/07/2025
CLI001694,Gustavo Teixeira Lopes,Masculino,45,(27) 95685-1872,Google Ads,T-Cross,Financiamento,25,Não,10/07/2025,Agendamento,,Quente,18/07/2025
CLI001695,Eduardo Soares,Masculino,31,(11) 96704-1277,Loja Física,Polo,Financiamento,25,Não,03/07/2025,insucesso,Financeiro,Frio,03/08/2025
CLI001696,Mateus Andrade,Masculino,25,(13) 94062-1324,Instagram,Saveiro,Financiamento,25,Sim,08/07/2025,Sucesso,,Quente,10/08/2025
CLI001697,Sofia Mendes Gomes,Feminino,34,(13) 93784-8208,WhatsApp,T-Cross,À Vista,,Não,17/07/2025,Agendamento,,Morno,21/07/2025
CLI001698,Carlos Oliveira,Masculino,71,(13) 96990-9898,Facebook Ads,T-Cross,À Vista,,Não,27/07/2025,Insucesso,Produto Indisponível,Frio,06/09/2025
CLI001699,Helena Pereira,Feminino,45,(71) 96982-0163,Google Ads,Saveiro,Financiamento,35,Sim,28/07/2025,Primeiro Contato,,Morno,01/08/2025
CLI001700,Carlos Rezende Nunes,Masculino,36,(21) 94321-7404,Loja Física,Polo,Financiamento,15,Sim,10/07/2025,Sucesso,,Quente,23/07/2025
CLI001701,Felipe Almeida,Masculino,48,(31) 92453-7393,Google Ads,Saveiro,Financiamento,25,Sim,23/07/2025,Agendamento,,Quente,29/07/2025
CLI001702,Leonardo Alves,Masculino,22,(19) 91706-2051,Loja Física,T-Cross,Financiamento,20,Sim,22/07/2025,Insucesso,Produto Indisponível,Frio,25/08/2025
CLI001703,Pedro Santana,Masculino,36,(85) 98379-0838,Indicação,Polo,À Vista,,Sim,11/07/2025,Agendamento,,Morno,21/07/2025
CLI001704,Renan Soares Batista,Masculino,42,(31) 93423-9995,WhatsApp,Nivus,Financiamento,20,Não,15/07/2025,Insucesso,Financeiro,Frio,11/08/2025
CLI001705,Clara Santana Nascimento,Feminino,37,(85) 95887-2370,WhatsApp,T-Cross,À Vista,,Sim,06/07/2025,Primeiro Contato,,Frio,07/07/2025
CLI001706,Ana Lima Silva,Feminino,43,(31) 92086-0722,Instagram,Taos,Financiamento,25,Não,10/07/2025,Primeiro Contato,,Frio,11/07/2025
CLI001707,Leonardo Ramos,Masculino,52,(13) 98375-0154,OLX,Amarok,À Vista,,Não,18/07/2025,Insucesso,Financeiro,Frio,02/08/2025
CLI001708,Rafaela Costa Barros,Feminino,64,(16) 99871-2542,Instagram,Taos,À Vista,,Sim,29/07/2025,Sucesso,,Quente,02/08/2025
CLI001709,Fernanda Oliveira,Feminino,33,(21) 99790-7593,Facebook Ads,Nivus,À Vista,,Não,09/07/2025,primeiro contato,,Morno,11/07/2025
CLI001710,Natália Gonçalves,Feminino,56,(11) 98179-1081,WhatsApp,Saveiro,Financiamento,30,Não,08/07/2025,Primeiro Contato,,Morno,09/07/2025
CLI001711,Diego Freitas,Masculino,43,(47) 92482-4693,Loja Física,Saveiro,À Vista,,Não,03/07/2025,Agendamento,,Morno,18/07/2025
CLI001712,Felipe Souza,Masculino,42,(85) 92537-2517,Site,Polo,Financiamento,25,Sim,26/07/2025,Negociação,,Morno,19/08/2025
CLI001713,Mateus Carvalho,Masculino,61,(16) 96891-4922,Loja Física,Polo,Financiamento,25,Sim,21/07/2025,Interesse Futuro,,Morno,22/09/2025
CLI001714,Pedro Araújo,Masculino,49,(12) 97324-8023,Loja Física,T-Cross,Financiamento,25,Não,28/07/2025,Sucesso,,Quente,05/08/2025
CLI001715,André Rocha,Masculino,41,(16) 95970-3459,WhatsApp,Saveiro,Financiamento,15,Não,07/07/2025,Primeiro Contato,,Frio,07/07/2025
CLI001716,Rafaela Monteiro,Feminino,32,(31) 91316-1137,Instagram,Nivus,Financiamento,25,Sim,30/07/2025,Interesse Futuro,,Frio,03/09/2025
CLI001717,Gabriela Santana Barbosa,Feminino,62,(19) 94536-4404,Indicação,Polo,Financiamento,40,Não,07/07/2025,Primeiro Contato,,Quente,07/07/2025
CLI001718,Larissa Rezende,Feminino,53,(31) 95991-3361,Site,Polo,Financiamento,30,Não,30/07/2025,Sucesso,,Morno,12/09/2025
CLI001719,Larissa Ferreira Rodrigues,Feminino,64,(11) 92909-1601,Google Ads,T-Cross,Financiamento,35,Sim,28/07/2025,Agendamento,,Quente,06/08/2025
CLI001720,Valentina Moraes,Feminino,30,(85) 94809-0047,WhatsApp,Nivus,À Vista,,Sim,27/07/2025,Agendamento,,Quente,08/08/2025
CLI001721,Ricardo Batista,Masculino,39,(11) 95260-9339,WhatsApp,Polo,Financiamento,20,Não,01/07/2025,Primeiro Contato,,Morno,08/07/2025
CLI001722,Samuel Ferreira Oliveira,Masculino,46,(17) 97103-0306,Site,Amarok,Financiamento,30,Não,03/07/2025,Insucesso,Financeiro,Frio,12/08/2025
CLI001723,Gustavo Duarte Santana,Masculino,65,(71) 92352-4820,Site,Amarok,Financiamento,35,Não,01/07/2025,Primeiro Contato,,Quente,08/07/2025
CLI001724,Leonardo Lopes,Masculino,47,(12) 91558-4360,Site,Polo,Financiamento,20,Não,27/07/2025,Primeiro Contato,,Morno,29/07/2025
CLI001725,Paulo Duarte,Masculino,47,(71) 91452-0888,Site,Polo,À Vista,,Não,18/07/2025,Insucesso,Comprou no Particular,Frio,09/09/2025
CLI001726,Isabela Rezende,Feminino,55,(19) 91388-6097,WhatsApp,Amarok,À Vista,,Não,19/07/2025,Primeiro Contato,,Frio,22/07/2025
CLI001727,Samuel Costa Barros,Masculino,56,(11) 94929-9904,Site,Nivus,Financiamento,20,Sim,26/07/2025,Sucesso,,Quente,20/08/2025
CLI001728,Caio Araújo,Masculino,39,(71) 95497-4891,Instagram,Saveiro,Financiamento,25,Sim,21/07/2025,Primeiro Contato,,Frio,21/07/2025
CLI001729,Carlos Ramos,Masculino,47,(81) 91015-5298,Site,T-Cross,Financiamento,30,Sim,09/07/2025,Sucesso,,Morno,19/08/2025
CLI001730,Guilherme Dias Moreira,Masculino,45,(48) 97677-5123,Google Ads,Tiguan Allspace,Financiamento,25,Sim,30/07/2025,Agendamento,,Quente,08/08/2025
CLI001731,Clara Mendes,Feminino,62,(48) 91488-7646,WhatsApp,Virtus,À Vista,,Não,28/07/2025,Insucesso,Produto Indisponível,Frio,10/08/2025
CLI001732,Isabela Souza,Feminino,44,(13) 98630-0412,WhatsApp,Polo,Financiamento,20,Não,21/07/2025,Primeiro Contato,,Frio,24/07/2025
CLI001733,Valentina Rodrigues,Feminino,30,(32) 95133-4118,Google Ads,Taos,Financiamento,25,Sim,18/07/2025,Primeiro Contato,,Morno,22/07/2025
CLI001734,Fernanda Ribeiro Oliveira,Feminino,20,(48) 94594-8371,Site,Saveiro,Financiamento,20,Sim,01/07/2025,Negociação,,Quente,21/07/2025
CLI001735,Luana Carvalho Lopes,Feminino,44,(19) 99930-0406,Instagram,Saveiro,À Vista,,Sim,09/07/2025,Negociação,,Morno,23/07/2025
CLI001736,Thiago Rocha,Masculino,35,(85) 97765-3394,Instagram,Nivus,Financiamento,20,Não,05/07/2025,Insucesso,Comprou em Outra Concessionária,Morno,09/07/2025
CLI001737,Diego Almeida,Masculino,66,(19) 91644-2171,Site,Nivus,Financiamento,35,Sim,14/07/2025,Interesse Futuro,,Morno,30/07/2025
CLI001738,Mariana Dias,Feminino,48,(51) 91742-4813,Site,Polo,Financiamento,25,Sim,18/07/2025,Primeiro Contato,,Frio,19/07/2025
CLI001739,Rodrigo Nunes,Masculino,30,(51) 99571-9008,WhatsApp,Saveiro,Financiamento,25,Sim,01/07/2025,Sucesso,,Quente,08/07/2025
CLI001740,Rafaela Gonçalves Melo,Feminino,25,(31) 96861-8675,WhatsApp,Tiguan Allspace,À Vista,,Sim,17/07/2025,Sucesso,,Quente,22/07/2025
CLI001741,Fernanda Rezende,Feminino,29,(62) 91430-4140,Instagram,Polo,Financiamento,20,Não,10/07/2025,Primeiro Contato,,Morno,11/07/2025
CLI001742,Henrique Silva Barbosa,Masculino,53,(27) 92599-2830,Google Ads,Nivus,Financiamento,35,Não,27/07/2025,Agendamento,,Quente,28/07/2025
CLI001743,Felipe Moraes,Masculino,21,(27) 98235-3528,WhatsApp,Nivus,Financiamento,15,Sim,02/07/2025,Negociação,,Quente,22/07/2025
CLI001744,Clara Santos,Feminino,57,(19) 97936-1046,Loja Física,Polo,Financiamento,20,Não,20/07/2025,Insucesso,Comprou no Particular,Frio,27/08/2025
CLI001745,Carolina Teixeira,Feminino,40,(12) 95255-0194,Facebook Ads,Polo,Financiamento,20,Não,21/07/2025,Primeiro Contato,,Morno,22/07/2025
CLI001746,Laura Batista,Feminino,52,(24) 99262-8577,Google Ads,Virtus,À Vista,,Não,18/07/2025,Agendamento,,Morno,28/07/2025
CLI001747,Gabriela Castro Soares,Feminino,34,(19) 94330-7978,WhatsApp,Nivus,Financiamento,15,Não,21/07/2025,Insucesso,Comprou no Particular,Frio,31/07/2025
CLI001748,Henrique Teixeira Cardoso,Masculino,73,(51) 94152-5482,WhatsApp,Polo,À Vista,,Sim,01/07/2025,Sucesso,,Quente,05/07/2025
CLI001749,Paulo Santos,Masculino,67,(19) 92334-1286,WhatsApp,Saveiro,Financiamento,25,Não,10/07/2025,Negociação,,Morno,30/07/2025
CLI001750,Fernanda Andrade Ribeiro,Feminino,69,(31) 97483-6128,Instagram,T-Cross,Financiamento,20,Não,17/07/2025,Primeiro Contato,,Frio,19/07/2025
CLI001751,Fernando Lopes,Masculino,35,(47) 95997-2955,OLX,Taos,Financiamento,25,Sim,26/08/2025,Insucesso,Produto Indisponível,Frio,25/09/2025
CLI001752,Eduarda Santana,Feminino,40,(13) 95936-4793,Facebook Ads,Polo,À Vista,,Sim,23/08/2025,Negociação,,Quente,03/09/2025
CLI001753,Júlia Carvalho,Feminino,49,(27) 97274-9334,Instagram,Polo,Financiamento,50,Sim,19/08/2025,Interesse Futuro,,Morno,05/12/2025
CLI001754,Paulo Santos,Masculino,69,(47) 94934-8797,Facebook Ads,Virtus,Financiamento,40,Não,17/08/2025,Negociação,,Morno,08/09/2025
CLI001755,Vitória Rocha Barros,Feminino,47,(48) 96079-7418,Google Ads,Virtus,Financiamento,30,Não,23/08/2025,Primeiro Contato,,Morno,24/08/2025
CLI001756,Ricardo Monteiro Barbosa,Masculino,45,(47) 94992-4941,Instagram,Polo,Financiamento,20,Sim,19/08/2025,Insucesso,Produto Indisponível,Morno,05/09/2025
CLI001757,Samuel Ramos,Masculino,51,(48) 96665-4661,Site,Taos,À Vista,,Não,17/08/2025,Primeiro Contato,,Frio,19/08/2025
CLI001758,André Gonçalves,Masculino,43,(15) 98835-9923,Site,T-Cross,À Vista,,Não,12/08/2025,Negociação,Comprou em Outra Concessionária,Quente,04/09/2025
CLI001759,Diego Castro,Masculino,27,(15) 91893-6151,Site,Saveiro,À Vista,,Sim,25/08/2025,Negociação,,Morno,15/09/2025
CLI001760,Bruna Santana,Feminino,32,1198877-66,Google Ads,Virtus,Financiamento,30,Não,13/08/2025,Insucesso,Financeiro,Quente,17/09/2025
CLI001761,Daniel Santos Mendes,Masculino,51,(61) 99502-2253,Facebook Ads,Tiguan Allspace,À Vista,,Não,10/08/2025,Insucesso,Comprou em Outra Concessionária,Morno,24/09/2025
CLI001762,Carlos Nunes,Masculino,27,(47) 93871-0325, Facebook Ads  ,Saveiro,Financiamento,25,Sim,11/08/2025,Insucesso,Financeiro,Frio,27/09/2025
CLI001763,Murilo Santos Souza,Masculino,50,(17) 94408-8231,Google Ads,Saveiro,Financiamento,35,Não,18/08/2025,INSUCESSO ,Crédito Negado,Frio,11/09/2025
CLI001764,Vanessa Mendes,Feminino,49,(31) 93831-0329,Instagram,Polo,À Vista,,Sim,20/08/2025,Primeiro Contato,Contato Sem Sucesso,Frio,21/08/2025
CLI001765,Gabriel Martins,Masculino,70,(11) 92624-7966,Loja Física,Nivus,Financiamento,25,Não,14/08/2025,Negociação,,Quente,13/09/2025
CLI001766,Ricardo Batista,Masculino,40,(85) 92542-6746,WhatsApp,Polo,Financiamento,20,Sim,19/08/2025,Sucesso,,Quente,02/09/2025
CLI001767,Camila Santana,Feminino,65,(41) 95581-1633,WhatsApp,Taos,Financiamento,30,Sim,01/08/2025,Negociação,,Quente,08/08/2025
CLI001768,Ricardo Moreira,Masculino,43,(48) 99424-2402,Indicação,T-Cross,Financiamento,20,Sim,26/08/2025,Interesse Futuro,,Frio,23/10/2025
CLI001769,Isabela Ferreira Ramos,Feminino,45,(27) 97433-5937,Facebook Ads,Polo,Financiamento,25,Não,22/08/2025,Primeiro Contato,,Frio,29/08/2025
CLI001770,Pedro Barbosa,Masculino,43,(41) 97792-3668,Instagram,Nivus,Financiamento,35,S,09/08/2025,Negociação,,Quente,01/09/2025
CLI001771,Eduardo Ferreira,Masculino,23,(47) 95954-8139,WhatsApp,Polo,À Vista,,Não,31/08/2025,Primeiro Contato,,Morno,03/09/2025
CLI001772,Felipe Melo Ramos,Masculino,41,(61) 99055-4839,Instagram,T-Cross,Financiamento,10,Não,25/08/2025,Primeiro Contato,,Morno,31/08/2025
CLI001773,Isabela Melo,Feminino,44,(41) 95972-3941,WhatsApp,Virtus,Financiamento,25,Não,19/08/2025,Insucesso,Crédito Negado,Morno,26/09/2025
CLI001774,Thiago Souza,Masculino,30,(85) 91727-3826,Instagram,Nivus,À Vista,,Sim,01/08/2025,Sucesso,,Quente,11/08/2025
CLI001775,Sofia Barbosa Carvalho,Feminino,33,(62) 94262-5131,Site,T-Cross,Financiamento,25,Não,28/08/2025,Primeiro Contato,,Frio,29/08/2025
CLI001776,Guilherme Andrade,Masculino,52,(41) 92529-7912,Loja Física,Amarok,Financiamento,35,Não,15/08/2025,Interesse Futuro,,Frio,12/09/2025
CLI001777,Ricardo Ferreira,Masculino,66,(13) 91815-2243,Facebook Ads,Virtus,Financiamento,25,Não,30/08/2025,Primeiro Contato,,Morno,06/09/2025
CLI001778,Leonardo Rodrigues Dias,Masculino,29,(11) 99912-7669,Facebook Ads,Amarok,Financiamento,20,Sim,27/08/2025,Agendamento,,Morno,30/08/2025
CLI001779,Paulo Teixeira,Masculino,44,(41) 93869-6415,Google Ads,T-Cross,Financiamento,15,Não,29/08/2025,Primeiro Contato,,Frio,02/09/2025
CLI001780,Guilherme Barbosa Cardoso,Masculino,33,(51) 94788-6297,Loja Física,Nivus,Financiamento,15,Não,15/08/2025,Negociação,,Quente,27/08/2025
CLI001781,Daniel Oliveira Dias,Masculino,47,(11) 97128-1416,Google Ads,Saveiro,À Vista,,Não,21/08/2025,Primeiro Contato,,Frio,28/08/2025
CLI001782,Daniel Rezende Barros,Masculino,46,(48) 96567-7913,Loja Física,Nivus,Financiamento,20,Sim,21/08/2025,Negociação,,Morno,15/09/2025
CLI001783,Samuel Costa Carvalho,Masculino,31,(85) 97622-9213,Loja Física,Polo,Financiamento,25,Não,25/08/2025,Primeiro Contato,,Morno,28/08/2025
CLI001784,Renan Pereira,Masculino,30,(31) 92562-5589,OLX,Polo,Financiamento,30,Sim,19/08/2025,Negociação,,Quente,09/09/2025
CLI001785,Natália Rocha,Feminino,58,(32) 92750-3317,Facebook Ads,T-Cross,À Vista,,Não,02/08/2025,Agendamento,,Frio,04/08/2025
CLI001786,Luana Gonçalves,Feminino,36,(27) 93820-3141,OLX,T-Cross,Financiamento,25,Não,13/08/2025,Agendamento,,Morno,18/08/2025
CLI001787,Murilo Nascimento Oliveira,Masculino,36,(51) 96587-9107,OLX,Nivus,Financiamento,30,Sim,25/08/2025,Sucesso,,Morno,03/09/2025
CLI001788,Bruna Martins,Feminino,43,(17) 92819-6852,OLX,T-Cross,Financiamento,30,Não,22/08/2025,Primeiro Contato,,Quente,22/08/2025
CLI001789,Helena Teixeira Pereira,Feminino,36,(31) 96771-2539,WhatsApp,Nivus,Financiamento,10,Não,18/08/2025,Primeiro Contato,,Morno,25/08/2025
CLI001790,André Almeida,Masculino,51,(41) 99084-9708,Site,Polo,Financiamento,35,Sim,10/08/2025,Agendamento,,Morno,14/08/2025
CLI001791,Thiago Barros Martins,Masculino,49,(19) 91772-7354,Site,Polo,Financiamento,35,Sim,08/08/2025,Sucesso,,Quente,21/09/2025
CLI001792,Bianca Oliveira Nascimento,Feminino,27,(21) 9999,WhatsApp,Saveiro,Financiamento,25,Sim,11/08/2025,Insucesso,Crédito Negado,Frio,10/10/2025
CLI001793,André Teixeira,Masculino,64,(12) 94440-1228,Loja Física,Saveiro,Financiamento,10,Não,10/08/2025,Insucesso,Crédito Negado,Frio,20/09/2025
CLI001794,Marcos Rocha Ribeiro,Masculino,56,(47) 93152-9193,Instagram,T-Cross,Financiamento,30,Sim,12/08/2025,Agendamento,,Frio,19/08/2025
CLI001795,Vanessa Castro Teixeira,Feminino,64,(62) 92141-1461,Instagram,Polo,À Vista,,Sim,18/08/2025,Negociação,,Quente,13/08/2025
CLI001796,Patrícia Araújo,Feminino,26,(17) 95387-6987,Site,Polo,À Vista,,,22/08/2025,Insucesso,Comprou no Particular,Frio,24/09/2025
CLI001797,Sofia Ramos Pereira,Feminino,32,(31) 92426-7771,Indicação,Virtus,Financiamento,15,Não,27/08/2025,Primeiro Contato,,Frio,01/09/2025
CLI001798,Renata Costa Ribeiro,Feminino,68,(32) 94583-3775,Loja Física,Polo,Financiamento,20,Sim,21/08/2025,Negociação,,Morno,12/09/2025
CLI001799,Laura Nascimento Nunes,Feminino,22,(62) 92033-3330,Google Ads,Polo,Financiamento,35,Não,15/08/2025,Interesse Futuro,,Morno,15/11/2025
CLI001800,Pedro Ramos Moraes,Masculino,63,(11) 97904-3981,WhatsApp,Nivus,À Vista,,Sim,19/08/2025,Sucesso,,Quente,05/09/2025
CLI001801,  Gabriel Cardoso Ramos ,Masculino,48,(61) 93822-4540,Instagram,Taos,Financiamento,40,Sim,29/08/2025,Negociação,,Morno,31/08/2025
CLI001802,Caio Moreira Souza,Masculino,43,(19) 97412-8984,WhatsApp,Virtus,Financiamento,25,Não,17/08/2025,Interesse Futuro,,Frio,26/09/2025
CLI001803,Daniel Duarte,Masculino,33,(48) 96685-3085,WhatsApp,T-Cross,À Vista,,Sim,11/08/2025,Agendamento,,Morno,25/07/2025
CLI001804,Bruno Rodrigues Carvalho,Masculino,56,(47) 96518-7204,OLX,Nivus,Financiamento,25,Não,24/08/2025,Insucesso,Crédito Negado,Frio,12/10/2025
CLI001805,Patrícia Ribeiro,Feminino,35,(11) 96878-9155,WhatsApp,Polo,Financiamento,25,Não,19/08/2025,Primeiro Contato,,Quente,24/08/2025
CLI001806,Bianca Costa,Feminino,38,(19) 91202-6848,Instagram,T-Cross,Financiamento,30,Sim,08/12/2025,Negociação,,Quente,09/06/2025
CLI001807,Paulo Castro,Masculino,41,(12) 97406-2317,Site,Tiguan Allspace,Financiamento,30,Sim,12/08/2025,Sucesso,,Quente,26/09/2025
CLI001808,Laura Duarte,Feminino,30,(16) 93835-0761,Indicação,Virtus,À Vista,,Não,27/08/2025,Primeiro Contato,,Frio,03/09/2025
CLI001809,Tatiane Lopes,Feminino,36,(16) 96344-9546,OLX,Virtus,À Vista,,Sim,25/08/2025,Negociação,,Quente,14/09/2025
CLI001810,Diego Lopes,Masculino,48,(13) 98437-8404,WhatsApp,T-Cross,Financiamento,30,Sim,04/08/2025,Agendamento,,Frio,09/08/2025
CLI001811,Patrícia Souza,Feminino,54,(27) 98306-2167,Instagram,Taos,Financiamento,30,Sim,12/08/2025,Agendamento,,Quente,25/08/2025
CLI001812,  Sofia Ferreira ,Feminino,34,(62) 96657-8919,Indicação,Saveiro,Financiamento,35,Não,12/08/2025,Primeiro Contato,,Frio,15/08/2025
CLI001813,Rafaela Dias Lopes,Feminino,66,(48) 98589-8899,WhatsApp,Saveiro,Financiamento,40,Sim,27/08/2025,Negociação,,Morno,24/09/2025
CLI001814,Vitor Rodrigues,Masculino,47,(81) 97338-6209,Google Ads,Polo,À Vista,,Sim,29/08/2025,Sucesso,,Quente,05/09/2025
CLI001815,Larissa Carvalho Oliveira,Feminino,39,9988-7766,Loja Física,Polo,Financiamento,20,Sim,30/08/2025,Insucesso,Comprou em Outra Concessionária,Morno,26/10/2025
CLI001816,Vitor Almeida,Masculino,39,(27) 93036-9541,WhatsApp,Virtus,Financiamento,50,Sim,05/08/2025,Primeiro Contato,,Frio,08/08/2025
CLI001817,Rafaela Nunes,Feminino,44,(27) 95890-1859,WhatsApp,Polo,À Vista,,Não,30/08/2025,Insucesso,Comprou em Outra Concessionária,Frio,29/10/2025
CLI001818,Camila Rezende,Feminino,17,(15) 93670-6741,Site,Polo,À Vista,,Não,27/08/2025,Primeiro Contato,,Morno,30/08/2025
CLI001819,Bruna Barros Lopes,Feminino,49,(13) 91425-8519,Google Ads,Tiguan Allspace,Financiamento,30,Sim,01/08/2025,Sucesso,,Quente,05/08/2025
CLI001820,Gabriel Castro,Masculino,67,(12) 99428-3462,WhatsApp,Polo,Financiamento,20,Não,08/08/2025,Insucesso,Crédito Negado,Frio,17/09/2025
CLI001821,Bianca Dias,Feminino,36,(51) 93630-4148,Google Ads,T-Cross,Financiamento,30,Não,03/08/2025,Negociação,,Quente,19/08/2025
CLI001822,Gustavo Lima,Masculino,26,(13) 97002-2067,Google Ads,Amarok,Financiamento,20,Não,29/08/2025,Primeiro Contato,,Frio,05/09/2025
CLI001823,André Ferreira,Masculino,29,(11) 99294-2017,Instagram,Amarok,À Vista,,Não,02/08/2025,Negociação,,Quente,27/08/2025
CLI001824,Vanessa Barbosa,Feminino,38,(21) 97613-4447,Site,Taos,À Vista,,Sim,24/08/2025,Sucesso,,Quente,03/10/2025
CLI001825,Gabriela Barros,Feminino,35,(11) 98681-3331,WhatsApp,Virtus,Financiamento,20,Não,15/08/2025,Primeiro Contato,,Frio,18/08/2025
CLI001826,Mateus Moreira,Masculino,55,(17) 93003-8662,Facebook Ads,Amarok,Financiamento,25,Não,24/08/2025,Primeiro Contato,,Frio,29/08/2025
CLI001827,Isabela Mendes Ferreira,Feminino,34,(85) 98406-5271,WhatsApp,Saveiro,À Vista,,Sim,14/08/2025,Sucesso,,Quente,23/08/2025
CLI001828,Sofia Gonçalves,Feminino,34,9988-7766,Facebook Ads,Amarok,À Vista,,Não,31/08/2025,Interesse Futuro,,Morno,19/09/2025
CLI001829,Letícia Barbosa Barros,Feminino,59,(27) 92800-9054,WhatsApp,Taos,Financiamento,40,Não,25/08/2025,Primeiro Contato,,Morno,26/08/2025
CLI001830,Carlos Moreira Rocha,Masculino,50,(11) 98657-1498,Loja Física,Nivus,Financiamento,50,Não,06/08/2025,Interesse Futuro,,Morno,09/10/2025
CLI001831,Leonardo Teixeira Oliveira,Masculino,25,(85) 91368-0231,WhatsApp,Polo,À Vista,,Sim,14/08/2025,Sucesso,,Quente,05/09/2025
CLI001832,Marcelo Moreira,Masculino,17,(19) 96508-7623,WhatsApp,T-Cross,À Vista,,Sim,12/08/2025,Primeiro Contato,,Frio,14/08/2025
CLI001833,Vanessa Rocha,Feminino,58,(47) 92927-0656,WhatsApp,T-Cross,Financiamento,25,Sim,14/08/2025,Sucesso,,Quente,2025-08-29
CLI001834,Guilherme Lima Almeida,Masculino,60,(61) 99056-7908,Google Ads,Polo,Financiamento,25,Sim,18/08/2025,Interesse Futuro,,Morno,15/09/2025
CLI001835,Eduarda Martins Araújo,Feminino,44,(21) 9999,WhatsApp,Nivus,À Vista,,Não,23/08/2025,Primeiro Contato,,Frio,24/08/2025
CLI001836,Gabriela Oliveira,Feminino,42,(27) 96181-9896,Google Ads,Virtus,Financiamento,35,Sim,28/08/2025,PRIMEIRO CONTATO ,,Frio,01/09/2025
CLI001837,Ricardo Andrade,Masculino,54,(17) 99683-0520,Instagram,Polo,Financiamento,20,Não,09/08/2025,Agendamento,,Frio,12/08/2025
CLI001838,Fernanda Cardoso,Feminino,34,(48) 93605-0750,WhatsApp,Polo,À Vista,,Sim,16/08/2025,Sucesso,,Quente,28/08/2025
CLI001839,Vitor Castro,Masculino,36,(48) 92172-2796,WhatsApp,Saveiro,Financiamento,15,Sim,24/08/2025,Interesse Futuro,,Morno,09/09/2025
CLI001840,Ana Santos,Feminino,58,(19) 91244-8612,WhatsApp,Taos,Financiamento,30,Não,27/08/2025,Primeiro Contato,,Frio,02/09/2025
CLI001841,João Nascimento,Masculino,45,(24) 97497-4428,Site,T-Cross,À Vista,,Não,13/08/2025,Primeiro Contato,,Frio,19/08/2025
CLI001842,Carolina Batista Moraes,Feminino,62,(24) 95591-0007,WhatsApp,Polo,Financiamento,35,Não,18/08/2025,Primeiro Contato,,Morno,18/08/2025
CLI001843,Gabriel Batista,Masculino,47,(12) 97355-7931,Indicação,Saveiro,Financiamento,20,Não,23/08/2025,Interesse Futuro,Produto Indisponível,Quente,23/11/2025
CLI001844,Daniel Freitas Ferreira,Masculino,64,(11) 98A77-6655,Google Ads,Saveiro,Financiamento,50,Não,16/08/2025,Primeiro Contato,,Morno,22/08/2025
CLI001845,Bianca Soares Castro,Feminino,30,(32) 96717-4253,OLX,Nivus,Financiamento,30,Não,13/08/2025,Negociação,,Frio,01/09/2025
CLI001846,Rafael Soares,Masculino,42,(21) 91347-6156,Indicação,Polo,Financiamento,20,Não,08/09/2025,Agendamento,,Frio,11/09/2025
CLI001847,Vitória Soares,Feminino,30,(15) 98383-9484,Site,Polo,Financiamento,25,Não,03/09/2025,Primeiro Contato,,Frio,04/09/2025
CLI001848,Mariana Duarte,Feminino,31,(16) 91303-5427,WhatsApp,Taos,Financiamento,30,Sim,17/09/2025,Insucesso,Crédito Negado,Frio,26/10/2025
CLI001849,Vinícius Moreira,Masculino,37,(24) 97497-6823,Google Ads,Nivus,Financiamento,20,Sim,25/09/2025,Primeiro Contato,,Quente,26/09/2025
CLI001850,Renan Duarte,Masculino,61,(85) 96500-0522,Site,Polo,Financiamento,20,Não,08/09/2025,Primeiro Contato,,Frio,08/09/2025
CLI001851,Paulo Barbosa Santos,Masculino,17,(81) 95283-8804,Site,Polo,À Vista,,Não,21/09/2025,Insucesso,Contato Sem Sucesso,Frio,27/10/2025
CLI001852,Helena Oliveira Gonçalves,Feminino,52,(11) 96117-3205,WhatsApp,Polo,Financiamento,30,Sim,27/09/2025,Agendamento,,Quente,05/10/2025
CLI001853,Camila Araújo Rezende,Feminino,40,(13) 99162-2416,Facebook Ads,Nivus,Financiamento,30,Sim,22/09/2025,Agendamento,,Quente,06/10/2025
CLI001854,Paulo Cardoso,Masculino,27,(11) 94761-1085,Indicação,T-Cross,Financiamento,20,Não,13/09/2025,Primeiro Contato,,Morno,20/09/2025
CLI001855,Júlia Gomes Carvalho,Feminino,38,(12) 96784-8109,Instagram,Virtus,À Vista,,Não,13/09/2025,Agendamento,,Frio,28/09/2025
CLI001856,Camila Araújo,Feminino,41,(17) 93474-7940,Instagram,Saveiro,Financiamento,15,Não,28/09/2025,Primeiro Contato,,Morno,04/10/2025
CLI001857,Bianca Santos,Feminino,33,(19) 97317-8770,Instagram,Tiguan Allspace,Financiamento,20,Sim,19/09/2025,Sucesso,,Quente,25/10/2025
CLI001858,Luana Rezende,Feminino,35,(32) 91875-2032,Indicação,Virtus,Financiamento,40,Não,03/09/2025,Negociação,,Quente,01/10/2025
CLI001859,Tatiane Gomes Oliveira,Feminino,23,(61) 93316-3488,Instagram,T-Cross,Financiamento,40,1,12/09/2025,Interesse Futuro,,Morno,31/12/2025
CLI001860,Júlia Moreira,Feminino,26,(17) 92704-1644,Loja Física,Nivus,Financiamento,20,Não,01/09/2025,Agendamento,,Morno,08/09/2025
CLI001861,Murilo Rocha Andrade,Masculino,68,(19) 92672-9828,WhatsApp,Nivus,Financiamento,40,Sim,14/09/2025,Interesse Futuro,,Frio,27/10/2025
CLI001862,Gustavo Mendes,Masculino,33,(17) 97154-6740,Loja Física,Taos,Financiamento,30,Não,01/09/2025,Primeiro Contato,,Morno,07/09/2025
CLI001863,Leonardo Oliveira,Masculino,53,(71) 94388-2410,Indicação,Polo,À Vista,,Sim,07/09/2025,Primeiro Contato,,Quente,08/09/2025
CLI001864,Felipe Costa Lima,Masculino,53,(62) 98051-7256,Google Ads,Saveiro,Financiamento,35,Não,25/09/2025,Primeiro Contato,,Frio,29/09/2025
CLI001865,Lucas Carvalho Nunes,Masculino,44,(47) 92526-9309,WhatsApp,T-Cross,Financiamento,10,Não,09/09/2025,Primeiro Contato,,Frio,10/09/2025
CLI001866,Ana Monteiro,Feminino,39,(11) 97684-8616,Loja Física,T-Cross,À Vista,,Sim,11/09/2025,Sucesso,,Quente,21/10/2025
CLI001867,Diego Nascimento,Masculino,25,(11) 98236-1436,loja física,Nivus,Financiamento,30,Não,17/09/2025,Insucesso,Produto Indisponível,Frio,17/10/2025
CLI001868,Bruno Araújo,Masculino,56,9988-7766,OLX,Polo,Financiamento,20,Sim,09/09/2025,Sucesso,,Morno,12/09/2025
CLI001869,Caio Ferreira Lima,Masculino,61,(13) 99249-9609,WhatsApp,Taos,Financiamento,15,Sim,26/09/2025,Negociação,,Morno,12/10/2025
CLI001870,Letícia Santana,Feminino,36,(11) 99919-0665,OLX,Polo,À Vista,,Não,29/09/2025,Sucesso,,Quente,06/10/2025
CLI001871,Renan Oliveira,Masculino,52,(62) 94639-6117,Indicação,T-Cross,Financiamento,20,Não,29/09/2025,Primeiro Contato,,Frio,04/10/2025
CLI001872,Samuel Moreira Moraes,Masculino,42,(48) 99094-7503,Facebook Ads,T-Cross,Financiamento,40,Não,23/09/2025,Insucesso,Comprou em Outra Concessionária,Frio,28/10/2025
CLI001873,Isabela Lopes Melo,Feminino,28,(11) 98622-9377,Google Ads,Polo,Financiamento,35,Não,22/09/2025,Insucesso,Financeiro,Frio,07/10/2025
CLI001874,Fernanda Barros Mendes,Feminino,52,(11) 98403-2115,Google Ads,Taos,Financiamento,15,Sim,27/09/2025,Sucesso,,Quente,01/10/2025
CLI001875,Thiago Araújo Batista,Masculino,43,(41) 99592-4614,Indicação,Polo,Financiamento,35,Não,13/09/2025,Insucesso,Comprou no Particular,Frio,31/10/2025
CLI001876,Rafaela Andrade,Feminino,40,(62) 96376-7395,Loja Física,Polo,À Vista,,Sim,01/09/2025,Negociação,,Quente,19/09/2025
CLI001877,Henrique Castro Oliveira,Masculino,59,(21) 97785-3985,WhatsApp,Polo,Financiamento,20,Sim,14/09/2025,Sucesso,,Quente,17/10/2025
CLI001878,Vinícius Almeida,Masculino,47,(11) 98A77-6655,Facebook Ads,T-Cross,Financiamento,20,Não,24/09/2025,Agendamento,,Morno,02/10/2025
CLI001879,Vitor Moreira Lima,Masculino,53,(32) 93269-0323,Indicação,Polo,Financiamento,25,Não,18/09/2025,Interesse Futuro,,Frio,30/10/2025
CLI001880,Vanessa Gomes Costa,Feminino,51,(12) 95691-6429,Instagram,Virtus,À Vista,,Sim,29/09/2025,Sucesso,,Morno,24/10/2025
CLI001881,Laura Lima Silva,Feminino,,(51) 94077-5308,Google Ads,Polo,Financiamento,15,Sim,25/09/2025,Sucesso,,Quente,03/11/2025
CLI001882,Felipe Monteiro,Masculino,31,(31) 97527-8490,Site,Virtus,Financiamento,20,Sim,01/09/2025,Sucesso,,Quente,16/09/2025
CLI001883,Luana Dias Mendes,Feminino,41,(61) 95124-3369,Google Ads,T-Cross,Financiamento,25,Não,23/09/2025,Interesse Futuro,,Quente,28/11/2025
CLI001884,Vanessa Carvalho,Feminino,61,(11) 98286-2011,Instagram,Amarok,Financiamento,10,Não,23/09/2025,Interesse Futuro,,Morno,18/10/2025
CLI001885,Carlos Mendes Freitas,Masculino,26,(11) 95508-7083,Google Ads,Taos,Financiamento,20,Não,04/09/2025,Interesse Futuro,,Morno,22/12/2025
CLI001886,Júlia Duarte Teixeira,Feminino,33,(16) 94109-7427,Facebook Ads,Taos,Financiamento,20,Sim,10/09/2025,Sucesso,,Morno,19/09/2025
CLI000969,Helena Mendes,Feminino,38,(11) 93154-9778,Site,Virtus,À Vista,,Sim,26/11/2024,Insucesso,Produto Indisponível,Frio,04/01/2025
CLI001887,Daniela Rocha,Feminino,27,(62) 91713-9371,Instagram,Polo,Financiamento,20,Sim,30/09/2025,Negociação,,Quente,22/10/2025
CLI001888,Bruna Souza Batista,Feminino,52,(13) 99006-4808,Instagram,Taos,Financiamento,20,Não,05/09/2025,Agendamento,,Morno,06/09/2025
CLI001889,Mateus Teixeira,Masculino,52,(17) 99261-8227,Loja Física,T-Cross,Financiamento,30,Não,23/09/2025,Primeiro Contato,,Frio,23/09/2025
CLI001890,Mariana Gomes,Feminino,42,(48) 91310-6424,WhatsApp,Polo,Financiamento,10,Não,20/09/2025,Insucesso,Crédito Negado,Frio,12/10/2025
CLI001891,Natália Monteiro,Feminino,31,(47) 91699-4749,Site,T-Cross,Financiamento,10,Sim,26/09/2025,Sucesso,,Quente,19/10/2025
CLI001892,Gabriela Moraes,Feminino,42,(21) 96563-8661,Site,T-Cross,À Vista,,Não,07/09/2025,Interesse Futuro,Contato Sem Sucesso,Morno,23/09/2025
CLI001893,Isabela Silva Nunes,Feminino,32,(81) 98941-2617,Site,Polo,Financiamento,15,Sim,25/09/2025,Sucesso,,Quente,04/11/2025
CLI001894,Vanessa Carvalho,Feminino,37,(21) 99675-0709,Instagram,Taos,À Vista,,Sim,13/09/2025,Negociação,,Quente,18/09/2025
CLI001895,Bruna Rezende Araújo,Feminino,51,(71) 98697-9417,Instagram,Polo,Financiamento,20,Não,02/09/2025,Primeiro Contato,,Morno,09/09/2025
CLI001896,Mateus Costa,Masculino,45,(61) 99665-0665,Google Ads,Nivus,Financiamento,35,Não,21/09/2025,Interesse Futuro,,Morno,17/10/2025
CLI001897,Eduardo Duarte,Masculino,50,(11) 91361-5982,Google Ads,Polo,À Vista,,Sim,24/09/2025,Primeiro Contato,Crédito Negado,Frio,24/09/2025
CLI001898,Felipe Araújo Pereira,Masculino,41,(51) 97968-1406,WhatsApp,Amarok,Financiamento,25,Não,19/09/2025,Insucesso,Contato Sem Sucesso,Frio,26/10/2025
CLI001899,Ana Alves Melo,Feminino,61,(17) 91107-5133,Facebook Ads,Virtus,À Vista,,Não,09/09/2025,Agendamento,,Morno,20/09/2025
CLI001900,Gustavo Mendes Ferreira,Masculino,48,(71) 95864-0545,Instagram,Nivus,Financiamento,30,Não,28/09/2025,Primeiro Contato,,Frio,08/09/2025
CLI001901,Thiago Cardoso,Masculino,44,(15) 91615-0483,Facebook Ads,Virtus,Financiamento,35,Não,11/09/2025,Primeiro Contato,,Morno,18/09/2025
CLI001902,Patrícia Silva,Feminino,42,(27) 91123-3320,Indicação,Saveiro,Financiamento,35,Não,20/09/2025,Interesse Futuro,,Morno,31/12/2025
CLI001903,Rodrigo Martins,Masculino,59,(13) 95657-7118,WhatsApp,T-Cross,Financiamento,35,Não,08/09/2025,Insucesso,Financeiro,Morno,10/09/2025
CLI001904,Ana Dias Castro,Feminino,41,(51) 93969-7372,WhatsApp,T-Cross,Financiamento,20,Não,27/09/2025,Insucesso,Contato Sem Sucesso,Frio,09/11/2025
CLI001905,Gabriel Andrade Martins,Masculino,27,(16) 92058-1565,Facebook Ads,Taos,À Vista,,Não,08/09/2025,Primeiro Contato,,Quente,10/09/2025
CLI001906,Natália Castro,Feminino,64,(16) 92131-1014,Instagram,Polo,À Vista,,Não,23/09/2025,Negociação,,Quente,12/10/2025
CLI001907,Patrícia Alves,Feminino,49,(12) 98680-8652,WhatsApp,Virtus,À Vista,,Não,26/09/2025,Agendamento,,Quente,30/09/2025
CLI001908,Luana Lopes,Feminino,38,(71) 97681-2412,Instagram,Polo,Financiamento,25,Não,29/09/2025,Sucesso,,Quente,08/11/2025
CLI001909,Larissa Pereira Dias,Feminino,55,(47) 98458-9751,Indicação,Polo,Financiamento,30,Não,06/09/2025,Insucesso,Contato Sem Sucesso,Quente,21/10/2025
CLI001910,Daniela Costa,Feminino,41,(21) 97192-8521,Instagram,Virtus,Financiamento,25,Não,19/09/2025,Primeiro Contato,,Morno,19/09/2025
CLI001911,Luana Rezende,Feminino,33,1198877-66,Site,Polo,Financiamento,30,Não,27/09/2025,Insucesso,Contato Sem Sucesso,Morno,08/11/2025
CLI001912,Pedro Melo Andrade,Masculino,37,(62) 92355-4315,Instagram,Virtus,À Vista,,Sim,20/09/2025,Insucesso,Crédito Negado,Frio,03/10/2025
CLI001913,André Lopes,Masculino,63,(61) 96323-2429,Google Ads,T-Cross,Financiamento,25,Não,01/09/2025,Sucesso,,Morno,29/09/2025
CLI001914,Gabriela Freitas Teixeira,Feminino,61,(51) 94238-4070,Instagram,Taos,Financiamento,25,Sim,09/09/2025,Primeiro Contato,,Frio,09/09/2025
CLI001915,Gustavo Batista,Masculino,62,(19) 94809-3200,Facebook Ads,T-Cross,Financiamento,15,Sim,20/09/2025,Sucesso,,Quente,23/10/2025
CLI002153,Ricardo Barbosa Silva,Masculino,41,(12) 96681-6676,WhatsApp,Polo,Financiamento,25,Sim,03/11/2025,Sucesso,,Quente,11/12/2025
CLI001916,Paulo Cardoso,Masculino,53,(13) 99228-0466,Loja Física,Taos,Financiamento,30,Não,17/09/2025,Primeiro Contato,,Frio,20/09/2025
CLI001917,Murilo Freitas,masculino,40,(11) 94234-7454,Google Ads,T-Cross,Financiamento,25,Não,30/09/2025,Interesse Futuro,,Morno,31/12/2025
CLI001918,Daniela Dias Batista,Feminino,36,(11) 99389-7207,Google Ads,T-Cross,À Vista,,Não,2025-09-07,Primeiro Contato,,Quente,09/09/2025
CLI001919,Fernanda Ramos,Feminino,67,(17) 92989-1247,Indicação,Polo,Financiamento,35,Não,11/09/2025,Primeiro Contato,,Morno,18/09/2025
CLI001920,André Nunes,Masculino,51,(32) 95911-1592,Indicação,Taos,Financiamento,30,Não,12/09/2025,Insucesso,Comprou em Outra Concessionária,Morno,07/11/2025
CLI001921,Isabela Alves Martins,Feminino,54,(27) 97029-7478,Indicação,Nivus,Financiamento,35,Sim,11/09/2025,Interesse Futuro,,Frio,17/11/2025
CLI001922,Leonardo Teixeira,Masculino,53,(81) 99009-2733,WhatsApp,Nivus,À Vista,,Não,2025-09-13,Primeiro Contato,,Quente,2025-09-13
CLI001923,Fernando Santos Duarte,Masculino,29,(21) 93076-3875,Google Ads,Saveiro,Financiamento,25,Não,02/09/2025,Primeiro Contato,,Morno,07/09/2025
CLI001924,Rafael Souza,Masculino,45,(71) 97607-8505,Site,Nivus,Financiamento,10,Não,19/09/2025,Primeiro Contato,Produto Indisponível,Frio,21/09/2025
CLI001925,Leonardo Gomes Nascimento,Masculino,41,(16) 95304-1092,Site,Polo,À Vista,,Não,26/09/2025,Primeiro Contato,,Frio,30/09/2025
CLI001926,Larissa Oliveira,Feminino,33,(71) 97710-7399,OLX,Amarok,Financiamento,25,Não,27/09/2025,Agendamento,,Quente,30/09/2025
CLI001927,Fernanda Ribeiro Castro,Feminino,41,(32) 92873-3514,Google Ads,Polo,Financiamento,20,Sim,10/09/2025,Negociação,,Quente,31/08/2025
CLI001928,Vanessa Moraes Duarte,Feminino,55,(48) 93531-3494,Indicação,T-Cross,Financiamento,35,Não,25/09/2025,Insucesso,Comprou no Particular,Quente,12/10/2025
CLI001929,Sofia Rezende,Feminino,31,(16) 92705-7356,OLX,Tiguan Allspace,À Vista,,Sim,15/09/2025,AGENDAMENTO ,,Morno,21/09/2025
CLI001930,Renata Almeida,Feminino,47,(31) 93005-2785,Site,Polo,Financiamento,25,Sim,19/09/2025,Sucesso,,Quente,01/10/2025
CLI001931,Murilo Rodrigues,Masculino,64,(51) 92067-7755,Indicação,Nivus,À Vista,,Não,12/09/2025,Primeiro Contato,,Morno,18/09/2025
CLI001932,Vitória Melo,Feminino,39,(11) 95198-9555,Google Ads,T-Cross,Financiamento,20,Não,03/09/2025,Insucesso,Comprou no Particular,Morno,08/09/2025
CLI001933,Ricardo Carvalho,Masculino,36,(31) 96744-3833,Site,Tiguan Allspace,Financiamento,20,Não,24/09/2025,Interesse Futuro,,Morno,21/11/2025
CLI001934,Carolina Moraes,Feminino,43,(62) 97770-1100,Site,Taos,Financiamento,35,Sim,17/09/2025,Sucesso,,Quente,14/10/2025
CLI001935,Gabriel Rodrigues Martins,Masculino,52,(21) 9999,Loja Física,T-Cross,À Vista,,Não,27/09/2025,Interesse Futuro,,Morno,18/12/2025
CLI001936,Tatiane Ribeiro Martins,Feminino,58,(19) 92606-9554,Google Ads,T-Cross,Financiamento,30,Não,01/09/2025,Primeiro Contato,,Morno,08/09/2025
CLI001937,Tatiane Santos,Feminino,41,(47) 94982-1499,Instagram,Virtus,À Vista,,Sim,15/09/2025,Sucesso,,Quente,24/10/2025
CLI001938,Júlia Martins,Feminino,35,(48) 99772-1141,Site,T-Cross,À Vista,,Não,09/09/2025,Insucesso,Comprou em Outra Concessionária,Frio,31/10/2025
CLI001939,André Cardoso,Masculino,22,(32) 97071-3288,Indicação,Amarok,Financiamento,20,Sim,21/09/2025,Interesse Futuro,,Morno,09/12/2025
CLI001940,Daniel Almeida,Masculino,35,(31) 99831-5600,whatsapp,Polo,À Vista,,Sim,09/09/2025,Sucesso,,Quente,14/10/2025
CLI001941,Daniela Pereira,Feminino,58,(17) 95504-3399,Instagram,Nivus,À Vista,,Sim,03/09/2025,Negociação,,Quente,15/09/2025
CLI001942,André Silva,Masculino,32,(61) 92868-4917,Instagram,Saveiro,Financiamento,20,Não,23/09/2025,Insucesso,Crédito Negado,Frio,11/10/2025
CLI001943,Gustavo Gomes,Masculino,54,(32) 97119-1903,Google Ads,Nivus,À Vista,,Não,17/09/2025,Insucesso,Contato Sem Sucesso,Frio,21/09/2025
CLI001944,Marcelo Melo,Masculino,38,(17) 96221-3767,Loja Física,Saveiro,Financiamento,25,Não,11/09/2025,Agendamento,,Quente,17/09/2025
CLI001945,Caio Dias,Masculino,39,(24) 96050-7804,Instagram,Tiguan Allspace,À Vista,,Sim,27/09/2025,Negociação,,Morno,24/10/2025
CLI001946,Laura Gonçalves Nunes,Feminino,65,(51) 92780-9586,WhatsApp,Taos,Financiamento,10,Não,06/09/2025,Primeiro Contato,,Frio,11/09/2025
CLI001947,Júlia Batista,Feminino,54,(13) 94150-1794,Google Ads,Taos,Financiamento,35,Não,08/10/2025,interesse futuro,,Morno,05/11/2025
CLI001948,Leonardo Lima,Masculino,35,(21) 98435-8149,Loja Física,Polo,À Vista,,Não,06/10/2025,Primeiro Contato,,Frio,10/10/2025
CLI001949,Eduarda Lopes,Feminino,51,(71) 91598-8761,Google Ads,Polo,Financiamento,25,Sim,30/10/2025,Negociação,,Morno,22/11/2025
CLI001950,Sofia Castro,Feminino,51,(19) 98697-1728,Loja Física,Polo,Financiamento,25,Não,04/10/2025,Sucesso,,Quente,06/11/2025
CLI001951,Gabriela Dias,Feminino,63,(13) 93600-4172,Site,Saveiro,À Vista,,Não,26/10/2025,Primeiro Contato,,Frio,27/10/2025
CLI001952,Daniela Monteiro Moraes,Feminino,46,(16) 98401-6716,Instagram,Polo,Financiamento,30,Não,12/10/2025,Insucesso,Comprou em Outra Concessionária,Frio,07/12/2025
CLI001953,Diego Andrade,Masculino,49,(85) 97106-2324,Loja Física,Polo,Financiamento,35,Sim,03/10/2025,Insucesso,Financeiro,Frio,08/10/2025
CLI001954,Beatriz Monteiro Cardoso,Feminino,37,(11) 99745-4257,WhatsApp,Nivus,Financiamento,25,Sim,23/10/2025,Negociação,,Quente,17/11/2025
CLI001955,Carlos Gomes Moreira,Masculino,27,(48) 92889-7288,Instagram,Nivus,Financiamento,40,Sim,05/10/2025,Sucesso,,Morno,22/10/2025
CLI001956,Carolina Cardoso Ribeiro,Feminino,37,(21) 99774-5131,WhatsApp,Polo,Financiamento,40,Sim,18/10/2025,Agendamento,,Morno,25/10/2025
CLI001957,Samuel Ferreira Moraes,Masculino,55,(71) 99619-3454,Loja Física,T-Cross,Financiamento,50,Sim,05/10/2025,Sucesso,,Quente,12/10/2025
CLI001958,Sofia Martins,Feminino,72,(13) 95474-7216,Indicação,Polo,Financiamento,30,Não,03/10/2025,Primeiro Contato,,Morno,05/10/2025
CLI001959,Camila Melo,Feminino,66,(13) 98037-7607,WhatsApp,Polo,Financiamento,10,Sim,30/10/2025,Primeiro Contato,,Morno,01/11/2025
CLI001960,Natália Dias Martins,Feminino,60,(27) 98437-2458,Site,Polo,À Vista,,Sim,05/10/2025,PRIMEIRO CONTATO ,,Frio,10/10/2025
CLI001961,Júlia Duarte,Feminino,67,(11) 96849-5184,Site,Nivus,À Vista,,Sim,15/10/2025,Negociação,,Quente,07/11/2025
CLI001962,Gabriela Rezende Nunes,Feminino,55,(62) 95252-8078,Loja Física,T-Cross,Financiamento,25,Sim,10/21/2025,Sucesso,,Quente,30/11/2025
CLI001963,Renan Lopes,Masculino,33,(11) 96012-0131,OLX,Polo,Financiamento,35,Sim,23/10/2025,Sucesso,,Quente,07/11/2025
CLI001964,Luana Andrade,Feminino,43,(27) 96046-6403,Facebook Ads,Nivus,Financiamento,35,Não,14/10/2025,Agendamento,,Morno,23/10/2025
CLI001965,Caio Monteiro,Feminno,68,(47) 98637-2514,Facebook Ads,Nivus,À Vista,,Sim,11/10/2025,Sucesso,,Quente,30/10/2025
CLI001966,Mateus Batista,Masculino,53,(32) 97596-8435,Instagram,Tiguan Allspace,Financiamento,15,Sim,05/10/2025,Agendamento,,Frio,16/10/2025
CLI001967,Patrícia Teixeira,Feminino,33,(51) 99336-2839,Google Ads,Polo,Financiamento,25,Não,14/10/2025,Insucesso,Crédito Negado,Frio,22/10/2025
CLI001968,Ana Martins,Feminino,52,(27) 95392-6880,Site,T-Cross,Financiamento,25,Não,11/10/2025,Primeiro Contato,,Morno,14/10/2025
CLI001969,Mateus Silva,Masculino,48,(51) 92820-8131,WhatsApp,T-Cross,À Vista,,Não,29/10/2025,Negociação,,Quente,08/11/2025
CLI001970,Renata Santana Souza,Feminino,54,(21) 91055-3020,Indicação,T-Cross,À Vista,,Não,28/10/2025,Primeiro Contato,,Frio,03/11/2025
CLI001971,Isabela Melo Ribeiro,Feminino,38,(81) 99933-5127,Instagram,Saveiro,À Vista,,Não,23/10/2025,Agendamento,,Morno,28/10/2025
CLI001972,Luana Silva,Feminino,35,(12) 99199-8575,Indicação,T-Cross,Financiamento,30,Não,15/10/2025,Interesse Futuro,,Quente,31/12/2025
CLI001973,Bruno Lima,Masculino,47,(81) 92286-7945,Loja Física,Amarok,Financiamento,30,Não,10/10/2025,Primeiro Contato,,Morno,13/10/2025
CLI001974,Pedro Monteiro Nunes,Masculino,50,(41) 92130-1317,OLX,Virtus,À Vista,,Sim,20/10/2025,Agendamento,,Morno,2025-11-01
CLI001975,Valentina Lima Carvalho,Feminino,52,(11) 98A77-6655,WhatsApp,T-Cross,Financiamento,20,Não,22/10/2025,Primeiro Contato,,Quente,26/10/2025
CLI001976,Fernando Santos,Masculino,31,(61) 97153-2154,Google Ads,Polo,À Vista,,Não,08/10/2025,Primeiro Contato,,Frio,10/10/2025
CLI001977,Eduarda Ribeiro,Feminino,30,(48) 92236-8236,Google Ads,Polo,Financiamento,35,Não,15/10/2025,Interesse Futuro,,Morno,12/25/2025
CLI001978,Bruna Pereira,,56,(19) 96149-6213,Instagram,Tiguan Allspace,Financiamento,50,Não,18/10/2025,Primeiro Contato,,Frio,21/10/2025
CLI001979,Carlos Ramos Costa,Masculino,37,(15) 91281-5584,Indicação,Saveiro,À Vista,,Sim,04/10/2025,Sucesso,,Quente,11/10/2025
CLI001980,Carolina Santana Rocha,Feminino,43,(16) 95322-7374,Site,Polo,Financiamento,15,Não,07/10/2025,Agendamento,,Morno,20/10/2025
CLI001981,Daniel Ribeiro,Masculino,60,(15) 91835-0365,Instagram,T-Cross,Financiamento,10,Sim,18/10/2025,Negociação,,Quente,03/11/2025
CLI001982,Natália Oliveira,Feminino,38,(13) 96113-4110,WhatsApp,Taos,À Vista,,Sim,25/10/2025,Sucesso,,Quente,16/11/2025
CLI001983,Bianca Carvalho,Feminino,65,(11) 98663-3322,Instagram,Amarok,À Vista,,Sim,19/10/2025,Sucesso,Contato Sem Sucesso,Quente,25/10/2025
CLI001984,Renata Dias Alves,Feminino,47,(85) 93525-8038,Loja Física,Taos,Financiamento,20,Sim,20/10/2025,Sucesso,,Morno,04/12/2025
CLI001985,Bruna Ribeiro Pereira,Feminino,63,(21) 96643-9599,Instagram,Nivus,Financiamento,15,Sim,15/10/2025,Negociação,,Quente,30/10/2025
CLI001986,Rafael Ferreira Souza,Masculino,38,(21) 9999,Google Ads,Polo,Financiamento,40,Não,23/10/2025,Agendamento,,Frio,26/10/2025
CLI001987,Vitória Moreira,Feminino,44,(12) 98550-1987,Instagram,Polo,Financiamento,20,Não,18/10/2025,Primeiro Contato,,Frio,24/10/2025
CLI001988,Gustavo Carvalho,Masculino,32,(24) 95441-9125,WhatsApp,Polo,À Vista,,Não,08/10/2025,Negociação,,Quente,02/11/2025
CLI001989,Carlos Costa Araújo,Masculino,59,(11) 97442-7204,Site,T-Cross,Financiamento,25,Não,02/10/2025,Insucesso,Crédito Negado,Morno,14/10/2025
CLI001990,Leonardo Melo,Masculino,51,(11) 98742-1936,Site,Saveiro,Financiamento,10,Não,02/10/2025,Primeiro Contato,,Morno,04/10/2025
CLI001991,Vitor Souza,Masculino,29,(11) 92899-8402,Instagram,Virtus,Financiamento,40,Sim,07/10/2025,Primeiro Contato,,Frio,07/10/2025
CLI001992,Pedro Rodrigues,Masculino,53,(41) 91271-5355,Google Ads,Polo,Financiamento,25,Sim,27/10/2025,Sucesso,,Morno,14/11/2025
CLI001993,Marina Santos,Feminino,40,(32) 91089-8538,Google Ads,Saveiro,Financiamento,30,Sim,21/10/2025,Primeiro Contato,,Morno,25/10/2025
CLI001994,Natália Soares Moreira,Feminino,43,(32) 92868-6864,WhatsApp,Polo,Financiamento,30,Não,10/19/2025,Primeiro Contato,,Quente,10/22/2025
CLI001995,Patrícia Santana Barbosa,Feminino,65,(32) 95069-9699,WhatsApp,Nivus,Financiamento,20,Não,09/10/2025,primeiro contato,,Morno,11/10/2025
CLI001996,Larissa Barbosa Martins,Feminino,36,(16) 97482-2823,Site,Virtus,Financiamento,25,Não,25/10/2025,Primeiro Contato,,Frio,10/27/2025
CLI001997,Laura Pereira,Feminino,34,(71) 99300-9469,Instagram,Nivus,Financiamento,20,Sim,07/10/2025,Sucesso,,Quente,21/10/2025
CLI001998,Helena Araújo Cardoso,Feminino,57,(41) 96626-8408,Instagram,Virtus,Financiamento,30,Não,2025-10-09,Primeiro Contato,,Frio,11/10/2025
CLI001999,Fernando Araújo,Masculino,68,(31) 99368-0614,WhatsApp,T-Cross,Financiamento,20,Sim,06/10/2025,Sucesso,,Quente,24/10/2025
CLI002000,Ana Santana,Feminino,49,(11) 93394-0421,Facebook Ads,T-Cross,Financiamento,15,Sim,26/10/2025,Sucesso,,Quente,11/11/2025
CLI002001,Vitória Rezende,Feminino,30,(27) 99314-1297,Google Ads,Nivus,À Vista,,Não,04/10/2025,Interesse Futuro,,Morno,24/10/2025
CLI002002,Murilo Nunes,Masculino,59,(31) 95248-8704,site,T-Cross,Financiamento,10,Sim,29/10/2025,Agendamento,,Quente,01/11/2025
CLI002003,Fernando Oliveira Lima,Masculino,27,(61) 91469-5215,Indicação,Amarok,Financiamento,40,Não,15/10/2025,Agendamento,,Quente,28/10/2025
CLI002004,Bruno Santos,Masculino,59,(16) 98367-4560,OLX,Virtus,Financiamento,20,Sim,22/10/2025,insucesso,Produto Indisponível,Frio,18/12/2025
CLI002005,Luana Costa Lima,Feminino,67,(47) 96790-8354,WhatsApp,Polo,Financiamento,20,Sim,10/10/2025,Negociação,,Morno,29/10/2025
CLI002006,Rodrigo Santos,Masculino,41,(47) 94360-2555,Instagram,Taos,Financiamento,40,Não,23/10/2025,Negociação,,Quente,22/11/2025
CLI002007,Daniela Teixeira,Feminino,62,(71) 96408-7774,Facebook Ads,Amarok,Financiamento,30,Não,30/10/2025,Insucesso,Comprou em Outra Concessionária,Frio,11/11/2025
CLI002008,Paulo Nascimento,Masculino,34,(31) 92370-9942,Site,Nivus,À Vista,,Sim,24/10/2025,Insucesso,Produto Indisponível,Morno,21/12/2025
CLI002009,Thiago Barbosa,Masculino,28,(21) 99092-8115,Loja Física,Polo,Financiamento,30,Não,15/10/2025,Interesse Futuro,,Morno,16/12/2025
CLI002010,Thiago Moreira,Masculino,66,(85) 92014-7646,Instagram,Nivus,À Vista,,Sim,24/10/2025,Agendamento,,Morno,03/11/2025
CLI002011,Mariana Castro Soares,Feminino,48,(47) 93696-1605,Site,Saveiro,Financiamento,30,Sim,24/10/2025,Agendamento,,Frio,25/10/2025
CLI002012,Samuel Rodrigues,Masculino,55,(47) 96582-3886,Instagram,Nivus,Financiamento,25,Não,08/10/2025,Agendamento,,Morno,09/10/2025
CLI002013,Patrícia Rezende Ramos,Feminino,63,(19) 93736-7790,WhatsApp,T-Cross,À Vista,,Sim,25/10/2025,Sucesso,,Quente,01/12/2025
CLI002014,Leonardo Gonçalves,,42,(24) 99901-7137,Site,Saveiro,Financiamento,30,Sim,21/10/2025,Sucesso,,Quente,10/11/2025
CLI002015,Felipe Oliveira Martins,Masculino,55,(48) 97262-9999,Facebook Ads,Nivus,Financiamento,40,Sim,16/10/2025,Sucesso,,Morno,30/11/2025
CLI002016,Beatriz Rodrigues,Feminino,31,(19) 94720-0911,Site,T-Cross,À Vista,,Não,09/10/2025,Agendamento,,Morno,14/10/2025
CLI002017,Lucas Rocha,Masculino,34,(21) 99159-0403,Google Ads,T-Cross,Financiamento,25,Sim,03/10/2025,Sucesso,,Quente,08/10/2025
CLI002018,Diego Costa,Masculino,26,(17) 97392-5464,Loja Física,Taos,Financiamento,50,Sim,24/10/2025,Interesse Futuro,,Quente,04/11/2025
CLI002019,Pedro Moreira Barros,Masculino,58,(31) 92058-8710,WhatsApp,Nivus,Financiamento,25,Sim,07/10/2025,Negociação,,Morno,12/10/2025
CLI002020,Vinícius Soares,Masculino,58,(32) 94808-9740,Site,T-Cross,Financiamento,20,Não,16/10/2025,Interesse Futuro,,Frio,26/11/2025
CLI002021,Natália Moraes Araújo,Feminino,65,(41) 94427-0141,Site,Nivus,Financiamento,20,Não,16/10/2025,Primeiro Contato,,Morno,19/10/2025
CLI002022,Ricardo Oliveira,Masculino,35,(27) 95696-4901,WhatsApp,Polo,Financiamento,20,Não,23/10/2025,Negociação,,Quente,13/11/2025
CLI002023,Gabriel Ribeiro Souza,Masculino,43,(71) 96527-1956,WhatsApp,Nivus,Financiamento,30,Não,04/10/2025,Primeiro Contato,,Frio,08/10/2025
CLI002024,João Cardoso,Masculino,39,(11) 91203-0184,Loja Física,Nivus,Financiamento,,Sim,13/10/2025,Agendamento,,Morno,21/10/2025
CLI002025,Rafael Santana,Masculino,52,(32) 96054-4099,Site,T-Cross,Financiamento,20,Sim,03/10/2025,Primeiro Contato,,Quente,04/10/2025
CLI002026,Isabela Rocha Gomes,Feminino,53,(16) 93139-5788,Indicação,Tiguan Allspace,Financiamento,20,Sim,20/10/2025,Negociação,,Quente,10/27/2025
CLI002027,Valentina Duarte,Feminino,65,(85) 99176-1645,Indicação,Taos,Financiamento,25,Sim,16/10/2025,Negociação,,Morno,18/10/2025
CLI002028,Bruno Nunes Gonçalves,Masculino,36,(15) 99687-8237,Instagram,Virtus,Financiamento,,Não,29/10/2025,Primeiro Contato,,Frio,29/10/2025
CLI002029,Marcos Moreira,Masculino,42,(17) 99092-8523,Instagram,Virtus,Financiamento,15,Não,07/10/2025,Primeiro Contato,,Morno,10/10/2025
CLI002030,Lucas Castro,Masculino,55,(51) 98801-2245,WhatsApp,T-Cross,Financiamento,,Não,05/10/2025,Interesse Futuro,,Morno,20/11/2025
CLI002031,Bruno Araújo,Masculino,28,(12) 91253-8563,Google Ads,Polo,Financiamento,25,Não,20/10/2025,Primeiro Contato,,Frio,14/10/2025
CLI002032,João Monteiro Nascimento,Masculino,40,(81) 97188-0735,WhatsApp,Polo,À Vista,,Sim,14/10/2025,Insucesso,Contato Sem Sucesso,Frio,13/11/2025
CLI002033,Carolina Rezende,Feminino,56,(24) 92297-1877,Instagram,Tiguan Allspace,Financiamento,35,Não,24/10/2025,Primeiro Contato,,Frio,29/10/2025
CLI002034,Diego Barbosa Moreira,Masculino,55,(11) 92392-4054,Facebook Ads,Saveiro,Financiamento,35,Não,20/10/2025,Primeiro Contato,,Frio,25/10/2025
CLI002035,Ana Nascimento,Feminino,36,(81) 97826-7896,Indicação,Tiguan Allspace,Financiamento,25,Não,23/10/2025,Insucesso,Financeiro,Frio,22/11/2025
CLI002036,Eduarda Ramos,Feminino,35,(11) 92192-0358,Site,Saveiro,Financiamento,35,Não,05/10/2025,Interesse Futuro,,Morno,31/12/2025
CLI002037,Vitória Moraes,Feminino,44,(51) 96928-4100,Instagram,Taos,Financiamento,20,Não,04/10/2025,Agendamento,,Morno,11/10/2025
CLI002038,Caio Martins,Masculino,31,(19) 93261-6077,Instagram,T-Cross,Financiamento,10,Não,07/10/2025,Primeiro Contato,,Morno,08/10/2025
CLI002039,Natália Cardoso Pereira,,37,(16) 99965-0816,WhatsApp,Polo,Financiamento,20,Não,25/10/2025,Negociação,,Quente,11/11/2025
CLI002040,Letícia Mendes Barbosa,Feminino,46,(19) 93124-1317,Site,Nivus,Financiamento,15,Não,04/10/2025,Insucesso,Financeiro,Frio,20/11/2025
CLI002041,Daniela Melo Ferreira,Feminino,50,(12) 96009-2449,Instagram,Polo,Financiamento,30,Sim,21/10/2025,Sucesso,,Quente,05/11/2025
CLI002042,Henrique Moraes Silva,Masculino,50,(51) 91230-5024,Indicação,Virtus,À Vista,,Não,11/10/2025,Insucesso,Comprou no Particular,Morno,31/10/2025
CLI002043,Patrícia Castro,Feminino,30,(48) 97365-3546,Instagram,Virtus,À Vista,,Sim,07/10/2025,Primeiro Contato,,Frio,11/10/2025
CLI002044,Eduarda Gonçalves,Feminino,52,(51) 96563-8653,Google Ads,Nivus,Financiamento,20,Sim,12/10/2025,Agendamento,,Morno,15/10/2025
CLI000335,Renan Costa,Masculino,36,(47) 96126-9039,Indicação,Nivus,Financiamento,20,Sim,11/05/2024,Negociação,,Morno,13/05/2024
CLI002045,Fernanda Barbosa,Feminino,37,(31) 99749-4705,Instagram,Polo,Financiamento,30,Sim,23/10/2025,Negociação,,Quente,14/10/2025
CLI002046,Rafael Ribeiro Martins,Masculino,25,(85) 93465-7746,Loja Física,Nivus,Financiamento,35,Não,24/10/2025,Primeiro Contato,,Frio,28/10/2025
CLI002047,Júlia Martins,Feminino,37,(62) 92911-9091,Google Ads,Virtus,Financiamento,25,Sim,10/10/2025,Negociação,,Quente,28/10/2025
CLI002048,Letícia Santos Araújo,Feminino,29,(13) 95794-6982,Instagram,T-Cross,Financiamento,15,Não,04/10/2025,Primeiro Contato,,Frio,26/09/2025
CLI002049,Daniela Nunes,Feminino,68,(21) 91440-7787,WhatsApp,Amarok,Financiamento,30,Não,11/10/2025,Insucesso,,Frio,16/10/2025
CLI002050,Júlia Nascimento Moreira,Feminino,56,(15) 96994-8524,WhatsApp,T-Cross,Financiamento,20,Não,05/10/2025,SUCESSO ,,Morno,14/11/2025
CLI002051,Clara Ferreira,Feminino,29,(81) 95266-3441,Indicação,Nivus,Financiamento,50,Não,24/10/2025,Primeiro Contato,,Morno,29/10/2025
CLI002052,Vitor Mendes,Masculino,15,(12) 97395-1801,WhatsApp,Polo,Financiamento,25,Sim,28/10/2025,Insucesso,Produto Indisponível,Morno,27/12/2025
CLI002053,Vinícius Gonçalves,Masculino,41,(32) 91731-0371,WhatsApp,Polo,Financiamento,10,Não,03/10/2025,Primeiro Contato,,Frio,06/10/2025
CLI002054,Natália Martins,Feminino,51,(48) 93875-2866,Loja Física,Saveiro,Financiamento,25,Não,31/10/2025,Primeiro Contato,,Morno,05/11/2025
CLI002055,Carlos Freitas,Masculino,29,(47) 99027-1285,Loja Física,Saveiro,Financiamento,50,Sim,07/10/2025,Agendamento,,Quente,15/10/2025
CLI002056,Bruna Ramos Santos,Feminino,62,(11) 93367-0810,Google Ads,Polo,Financiamento,25,Não,24/10/2025,Interesse Futuro,,Morno,31/12/2025
CLI002057,Isabela Gomes,Feminino,43,(15) 91622-7482,Loja Física,Polo,Financiamento,30,S,26/11/2025,Primeiro Contato,,Quente,03/12/2025
CLI002058,Leonardo Gomes,Masculino,23,(21) 91205-9097,Instagram,Polo,Financiamento,35,Não,18/11/2025,Primeiro Contato,,Frio,21/11/2025
CLI002059,André Lima,Masculino,30,(51) 98131-3073,WhatsApp,Virtus,Financiamento,20,Não,25/11/2025,Interesse Futuro,,Morno,31/12/2025
CLI002060,Murilo Rocha,Masculino,30,(11) 93890-6480,WhatsApp,Saveiro,Financiamento,30,Não,06/11/2025,Primeiro Contato,,Frio,12/11/2025
CLI002061,Ana Cardoso,Feminino,60,(47) 94032-8163,Instagram,T-Cross,À Vista,,Não,23/11/2025,Primeiro Contato,,Morno,24/11/2025
CLI002062,Beatriz Pereira,Feminino,56,(71) 99310-5588,Instagram,Polo,Financiamento,25,Sim,06/11/2025,Sucesso,,Morno,27/11/2025
CLI002063,Guilherme Freitas Soares,Masculino,51,(11) 98A77-6655,Site,T-Cross,Financiamento,35,Não,19/11/2025,Negociação,,Quente,02/12/2025
CLI002064,Gabriela Santana Rezende,Feminino,57,(81) 92497-6316,Site,T-Cross,Financiamento,10,Sim,06/11/2025,Insucesso,Produto Indisponível,Frio,28/10/2025
CLI002065,Beatriz Barbosa,Feminino,48,(24) 91940-4188,Instagram,Saveiro,Financiamento,25,Sim,23/11/2025,Insucesso,,Quente,31/12/2025
CLI002066,Luana Rezende,Feminino,61,(13) 99025-0159,WhatsApp,Polo,À Vista,,Não,08/11/2025,Interesse Futuro,,Morno,22/10/2025
CLI002067,Eduarda Pereira,Feminino,49,(71) 96206-7522,Instagram,Saveiro,À Vista,,Não,11/27/2025,Insucesso,Contato Sem Sucesso,Morno,31/12/2025
CLI002068,Letícia Moraes,Feminino,24,(12) 92734-8642,Instagram,T-Cross,Financiamento,30,Sim,18/11/2025,Negociação,,Quente,13/12/2025
CLI002069,Gabriel Duarte Martins,Masculino,54,(11) 94350-8774,Google Ads,Polo,Financiamento,30,Não,17/11/2025,Agendamento,,Frio,27/11/2025
CLI002070,Valentina Araújo,Feminino,17,(61) 99921-1466,Facebook Ads,Polo,Financiamento,25,Sim,24/11/2025,Agendamento,,Quente,04/12/2025
CLI002071,Vitor Mendes Lopes,Masculino,50,(11) 95691-0154,WhatsApp,T-Cross,Financiamento,40,Não,10/11/2025,Agendamento,Produto Indisponível,Morno,20/11/2025
CLI002072,Carlos Gomes Nascimento,Masculino,37,(21) 97680-6045,Site,Saveiro,Financiamento,40,Sim,15/11/2025,Negociação,,Quente,24/11/2025
CLI002073,Felipe Moreira,Masculino,52,(61) 94330-9912,Site,Polo,Financiamento,25,Não,23/11/2025,Agendamento,,Morno,01/12/2025
CLI002074,Eduardo Carvalho,Masculino,45,(71) 97409-3502,Instagram,T-Cross,Financiamento,25,Sim,2025-11-24,Primeiro Contato,,Frio,25/11/2025
CLI002075,Caio Mendes,Masculino,69,(61) 99241-0556,Loja Física,Tiguan Allspace,Financiamento,40,Sim,29/11/2025,Agendamento,,Morno,10/12/2025
CLI002076,Ricardo Oliveira,Masculino,41,(41) 97057-0793,WhatsApp,Polo,À Vista,,Não,16/11/2025,Primeiro Contato,,Frio,18/11/2025
CLI002077,Bruno Carvalho Gonçalves,Masculino,15,(19) 95690-8048,Indicação,Polo,Financiamento,15,Sim,08/11/2025,Primeiro Contato,,Frio,13/11/2025
CLI002078,Vitória Ferreira,Feminino,50,(21) 9999,Site,Polo,Financiamento,25,Sim,14/11/2025,Agendamento,,Frio,29/11/2025
CLI002079,Sabrina Martins,Feminno,34,(62) 96011-5136,Google Ads,Taos,Financiamento,30,Sim,08/11/2025,Primeiro Contato,,Frio,13/11/2025
CLI002080,Lucas Pereira,Masculino,54,(32) 92953-9789,Google Ads,Saveiro,À Vista,,Sim,11/11/2025,Negociação,,Quente,17/11/2025
CLI002081,Vitória Soares,Feminino,23,(47) 99985-0512,Site,Nivus,Financiamento,35,Não,28/11/2025,Primeiro Contato,,Frio,04/12/2025
CLI002082,Sofia Alves Soares,Feminino,46,(51) 91698-8448,instagram,Polo,Financiamento,30,Não,03/11/2025,Primeiro Contato,,Quente,06/11/2025
CLI002083,Laura Silva,Feminino,51,(21) 94665-7473,Instagram,Taos,Financiamento,35,Sim,06/11/2025,SUCESSO ,,Morno,17/12/2025
CLI002084,Laura Silva Costa,Feminino,51,(12) 97820-9201,Indicação,Polo,Financiamento,25,Sim,09/11/2025,Negociação,,Quente,15/11/2025
CLI002085,Eduarda Alves Martins,Feminino,62,(16) 92672-9587,Instagram,Nivus,Financiamento,20,Sim,11/16/2025,Negociação,,Quente,20/11/2025
CLI002086,Gustavo Moraes,Masculino,29,(21) 91717-2717,Instagram,T-Cross,Financiamento,40,Não,23/11/2025,Insucesso,Contato Sem Sucesso,Morno,18/12/2025
CLI002087,Carolina Silva,Feminino,41,(51) 91641-6101,Instagram,Taos,Financiamento,30,Sim,03/11/2025,Primeiro Contato,,Frio,09/11/2025
CLI002088,Bruno Soares,Masculino,48,(85) 91264-2236,Instagram,Taos,Financiamento,50,Sim,23/11/2025,Negociação,Financeiro,Morno,23/12/2025
CLI002089,Letícia Santana,Feminino,25,(19) 93006-9359,Facebook Ads,Saveiro,Financiamento,25,Não,07/11/2025,Sucesso,,Quente,02/12/2025
CLI002090,Sofia Andrade Santos,Feminino,36,(15) 97702-5808,OLX,T-Cross,Financiamento,50,S,06/11/2025,Insucesso,Produto Indisponível,Frio,22/11/2025
CLI002091,Sofia Ferreira,Feminino,41,(12) 94985-7641,Google Ads,Polo,Financiamento,20,Não,07/11/2025,Interesse Futuro,,Frio,24/12/2025
CLI002092,Murilo Souza Cardoso,Masculino,29,(13) 92701-0114,Instagram,T-Cross,Financiamento,35,Sim,05/11/2025,Negociação,,Morno,08/11/2025
CLI002093,Carlos Alves,Masculino,40,(47) 96012-0651,Site,Polo,À Vista,,Sim,27/11/2025,Sucesso,,Morno,31/12/2025
CLI002094,Rafael Melo Mendes,Masculino,67,(16) 97419-2106,Instagram,Polo,À Vista,,Sim,13/11/2025,Agendamento,,Morno,17/11/2025
CLI002095,Sabrina Soares Ribeiro,Feminino,31,(11) 95520-2079,Indicação,Nivus,À Vista,,Sim,03/11/2025,Sucesso,,Frio,17/11/2025
CLI002096,Isabela Alves Nascimento,Feminino,61,(27) 93303-2397,Site,Virtus,Financiamento,15,Sim,02/11/2025,Negociação,,Morno,27/11/2025
CLI002097,Vitória Gonçalves Rezende,Feminino,49,(16) 95938-8326,Google Ads,Virtus,Financiamento,40,Não,13/11/2025,Primeiro Contato,,Frio,15/11/2025
CLI002098,Isabela Martins Rodrigues,Feminino,39,(21) 93973-4548,Google Ads,Amarok,Financiamento,50,Sim,23/11/2025,Insucesso,Crédito Negado,Frio,31/12/2025
CLI002099,Pedro Nascimento,Masculino,35,(17) 97609-1991,Site,Polo,À Vista,,Não,23/11/2025,Agendamento,,Quente,07/12/2025
CLI002100,Caio Ribeiro,Masculino,53,(48) 97757-4165,WhatsApp,T-Cross,À Vista,,Não,20/11/2025,Agendamento,,Morno,23/11/2025
CLI002101,Gustavo Oliveira,Masculino,37,(11) 97175-8956,Google Ads,T-Cross,Financiamento,,Não,23/11/2025,Insucesso,Crédito Negado,Frio,28/11/2025
CLI002102,Diego Ramos Cardoso,Masculino,46,(21) 96888-1715,Facebook Ads,Tiguan Allspace,Financiamento,25,Não,20/11/2025,Primeiro Contato,,Frio,21/11/2025
CLI002103,Eduardo Batista Gomes,Masculino,61,(11) 99091-5676,Instagram,Tiguan Allspace,Financiamento,25,Sim,22/11/2025,Negociação,,Quente,30/11/2025
CLI002104,Renan Rodrigues,Masculino,69,(51) 97296-3172,Site,Saveiro,À Vista,,Sim,17/11/2025,SUCESSO ,,Morno,29/11/2025
CLI002105,Bruno Dias,Masculino,43,(12) 94799-4868,Facebook Ads,Virtus,Financiamento,30,Sim,18/11/2025,Negociação,,Morno,03/12/2025
CLI002106,Gustavo Araújo Moreira,Masculino,42,(16) 98777-5152,Loja Física,Polo,Financiamento,30,Sim,22/11/2025,Negociação,,Quente,16/12/2025
CLI002107,Letícia Monteiro,Feminino,52,(16) 98016-1412,Loja Física,T-Cross,Financiamento,40,Não,04/11/2025,Primeiro Contato,,Morno,09/11/2025
CLI002108,Marina Barros,Feminino,31,(32) 94104-6453,Google Ads,Polo,Financiamento,35,Sim,14/11/2025,Negociação,,Quente,17/11/2025
CLI002109,Júlia Lopes,Feminino,45,(11) 98911-2467,Google Ads,Nivus,À Vista,,Sim,13/11/2025,Negociação,,Quente,07/12/2025
CLI002110,Rafael Batista,Masculino,34,(21) 93982-6020,Instagram,Polo,Financiamento,25,Sim,29/11/2025,Sucesso,,Morno,31/12/2025
CLI002111,João Pereira Santana,Masculino,26,(15) 94561-8075,Site,T-Cross,Financiamento,25,Sim,30/11/2025,Sucesso,,Morno,31/12/2025
CLI002112,Isabela Andrade,Feminino,55,(71) 91749-9229,Facebook Ads,Tiguan Allspace,Financiamento,35,Não,26/11/2025,Agendamento,,Frio,02/12/2025
CLI002113,Mateus Duarte,Masculino,46,(61) 96140-0922,WhatsApp,Virtus,Financiamento,20,Não,26/11/2025,Sucesso,,Quente,15/12/2025
CLI002114,Renata Silva Lopes,Feminino,67,(61) 92023-8451,Indicação,Virtus,Financiamento,35,Não,07/11/2025,Interesse Futuro,,Quente,31/12/2025
CLI002115,Rafael Pereira,Masculino,34,(16) 97759-3167,Instagram,Nivus,Financiamento,15,Não,24/11/2025,Interesse Futuro,,Quente,31/12/2025
CLI002116,Mateus Castro,Masculino,46,(31) 98437-1944,Google Ads,Virtus,Financiamento,30,Não,14/11/2025,Insucesso,Crédito Negado,Morno,27/10/2025
CLI001165,Beatriz Ribeiro Monteiro,Feminino,37,(13) 95220-2920,Google Ads,Nivus,Financiamento,25,Não,11/11/2025,Negociação,,Quente,27/11/2025
CLI002118,Thiago Soares,Masculino,26,(81) 92433-3740,Instagram,Tiguan Allspace,À Vista,,Não,05/11/2025,Primeiro Contato,,Frio,06/11/2025
CLI002119,Felipe Pereira Martins,Masculino,38,(85) 93475-6854,Loja Física,Virtus,À Vista,,Não,20/11/2025,Insucesso,Crédito Negado,Frio,31/12/2025
CLI002120,Ricardo Dias,Masculino,64,(27) 94582-8420,WhatsApp,Polo,Financiamento,35,Não,11/14/2025,Insucesso,Financeiro,Morno,12/28/2025
CLI002121,Bruna Rezende,Feminino,57,(11) 94113-4527,Google Ads,Polo,Financiamento,20,S,14/11/2025,Insucesso,Financeiro,Morno,19/11/2025
CLI002122,Guilherme Santana,Masculino,27,(16) 95144-9576,Instagram,Taos,Financiamento,25,Sim,11/11/2025,Negociação,,Quente,12/04/2025
CLI002123,Felipe Cardoso Santos,Masculino,103,(17) 99186-2985,WhatsApp,T-Cross,À Vista,,Sim,13/11/2025,Primeiro Contato,,Morno,18/11/2025
CLI002124,Fernando Carvalho,Masculino,47,(16) 95991-5337,Instagram,Taos,Financiamento,25,Não,12/11/2025,Primeiro Contato,,Frio,12/11/2025
CLI002125,Sabrina Teixeira Castro,Feminino,49,(17) 93910-1536,Google Ads,Saveiro,Financiamento,20,Não,05/11/2025,Insucesso,Comprou no Particular,Frio,11/15/2025
CLI002126,Isabela Dias,Feminino,33,(19) 98947-1349,Site,Nivus,À Vista,,Não,17/11/2025,Agendamento,,Quente,20/11/2025
CLI002127,Daniel Monteiro,Masculino,41,(27) 96613-8167,Indicação,T-Cross,Financiamento,30,Sim,18/11/2025,Sucesso,,Frio,13/12/2025
CLI002128,Henrique Silva,Masculino,29,(15) 99605-5207,Instagram,Virtus,Financiamento,20,Sim,11/11/2025,Sucesso,,Quente,23/11/2025
CLI002129,Marina Moraes Almeida,Feminino,32,(47) 92844-2346,Site,Taos,Financiamento,30,Não,13/11/2025,Negociação,,Quente,18/11/2025
CLI002130,Rafael Dias Pereira,Masculino,58,9988-7766,Loja Física,Saveiro,Financiamento,50,Sim,18/11/2025,Sucesso,,Quente,08/12/2025
CLI002131,Ana Gomes Andrade,Feminino,39,(11) 98529-0783,Instagram,Amarok,Financiamento,20,Não,06/11/2025,Primeiro Contato,,Morno,06/11/2025
CLI002132,Bruna Araújo,Feminino,41,(85) 91939-8835,WhatsApp,Polo,Financiamento,25,Não,13/11/2025,Interesse Futuro,,Morno,31/12/2025
CLI002133,Eduarda Moreira,Feminino,39,(47) 98330-6567,Instagram,Polo,Financiamento,20,Sim,14/11/2025,Primeiro Contato,Comprou em Outra Concessionária,Frio,17/11/2025
CLI002134,Sofia Oliveira,Feminino,16,(48) 92990-6288,Instagram,Virtus,Financiamento,30,Não,14/11/2025,Sucesso,,Quente,19/11/2025
CLI002135,Diego Ramos Gomes,Masculino,27,(62) 98352-2161,Google Ads,Saveiro,À Vista,,Sim,09/11/2025,Interesse Futuro,,Frio,07/12/2025
CLI002136,fernando nascimento,Masculino,72,(12) 92946-6720,OLX,Taos,À Vista,,Não,20/11/2025,Insucesso,Contato Sem Sucesso,Frio,13/12/2025
CLI002137,Rafaela Andrade,Feminino,40,(24) 94669-5324,Indicação,T-Cross,À Vista,,Sim,11/11/2025,Agendamento,,Morno,19/11/2025
CLI002138,André Mendes,Masculino,37,(24) 97223-0854,Google Ads,Taos,Financiamento,35,Não,24/11/2025,Insucesso,,Quente,31/12/2025
CLI002139,Bianca Rodrigues,Feminino,52,(51) 94186-5284,Facebook Ads,Polo,Financiamento,25,Não,19/11/2025,NEGOCIAÇÃO ,,Quente,05/12/2025
CLI002140,Paulo Gonçalves,Masculino,63,(12) 92591-7951,Loja Física,Polo,À Vista,,Sim,18/11/2025,Negociação,,Quente,04/12/2025
CLI002141,Leonardo Soares,Masculino,49,(47) 94652-1276,Google Ads,T-Cross,À Vista,,Não,29/11/2025,Interesse Futuro,,Morno,31/12/2025
CLI002142,Paulo Monteiro,Masculino,46,(31) 94644-8242,Instagram,T-Cross,Financiamento,50,Não,28/11/2025,Primeiro Contato,,Frio,01/12/2025
CLI001522,Rafaela Duarte Almeida,Feminino,42,(27) 94123-6330,Loja Física,Virtus,À Vista,,Não,09/05/2025,Primeiro Contato,,Morno,10/05/2025
CLI002143,Daniel Nunes Moreira,Masculino,37,(11) 93160-8530,WhatsApp,Amarok,Financiamento,25,Sim,01/11/2025,Sucesso,,Quente,08/12/2025
CLI002144,Felipe Gonçalves Ramos,Masculino,60,(31) 95697-2976,Google Ads,Saveiro,Financiamento,40,Não,09/11/2025,Primeiro Contato,,Morno,16/11/2025
CLI002145,Ricardo Souza Ramos,Masculino,58,(16) 97086-0608,Instagram,Polo,Financiamento,40,Sim,01/11/2025,Sucesso,,Quente,02/12/2025
CLI002146,Vinícius Lima,Masculino,33,(81) 97046-7894,OLX,Tiguan Allspace,Financiamento,35,Sim,17/11/2025,Sucesso,Crédito Negado,Quente,19/12/2025
CLI002147,Paulo Melo Carvalho,Masculino,26,(47) 93196-8062,OLX,Nivus,À Vista,,Sim,18/11/2025,Sucesso,,Quente,20/12/2025
CLI002148,Camila Andrade Teixeira,Feminino,27,(11) 99508-5813,Site,Tiguan Allspace,Financiamento,20,Sim,03/11/2025,Sucesso,,Quente,28/11/2025
CLI002149,Marina Melo,Feminino,30,(51) 94687-2888,Instagram,Nivus,Financiamento,25,Sim,28/11/2025,Agendamento,,Frio,07/12/2025
CLI002150,Guilherme Moraes,Masculino,35,(24) 99608-0803,WhatsApp,Taos,Financiamento,30,Sim,08/11/2025,Sucesso,,Quente,12/12/2025
CLI002151,Vanessa Rodrigues,Feminino,28,(32) 94774-6100,Facebook Ads,T-Cross,Financiamento,30,Não,27/11/2025,Interesse Futuro,,Quente,31/12/2025
CLI002152,Marina Moreira Monteiro,Feminino,41,1198877-66,Site,Nivus,À Vista,,Sim,08/11/2025,Sucesso,,Quente,24/11/2025
CLI002153,Ricardo Barbosa Silva,Masculino,41,(12) 96681-6676,WhatsApp,Polo,Financiamento,25,Sim,03/11/2025,Sucesso,,Quente,11/12/2025
CLI002154,Carolina Almeida,masculino,39,(41) 94406-1391,Google Ads,Taos,Financiamento,20,Não,18/11/2025,Primeiro Contato,,Frio,21/11/2025
CLI002155,Beatriz Duarte Souza,Feminino,36,(51) 94921-3842,Loja Física,Polo,Financiamento,30,Sim,29/11/2025,Agendamento,,Frio,07/12/2025
CLI002156,Valentina Teixeira Rocha,Feminino,25,(32) 99351-5327,Site,Saveiro,Financiamento,30,Sim,02/11/2025,Negociação,,Quente,13/11/2025
CLI002157,Gabriela Barbosa,Feminino,48,(13) 95532-3540,Instagram,Saveiro,Financiamento,50,Não,06/11/2025,Agendamento,,Morno,14/11/2025
CLI000749,Eduardo Barbosa,Masculino,53,(19) 99182-9967,Instagram,Saveiro,Financiamento,40,Não,12/09/2024,Negociação,,Quente,26/09/2024
CLI002158,Daniel Andrade Moreira,Masculino,24,(41) 98295-6387,Site,Saveiro,À Vista,,Não,25/11/2025,Insucesso,Financeiro,Frio,16/12/2025
CLI002159,Marcelo Ramos Gomes,Masculino,53,(11) 94643-8308,OLX,Nivus,À Vista,,Não,24/11/2025,Insucesso,Comprou no Particular,Morno,27/11/2025
CLI001728,Caio Araújo,Masculino,39,(71) 95497-4891,Instagram,Saveiro,Financiamento,25,Sim,21/07/2025,Primeiro Contato,,Frio,21/07/2025
CLI002160,Fernanda Batista Duarte,Feminino,25,(19) 93713-0591,WhatsApp,Amarok,Financiamento,25,Não,16/11/2025,Interesse Futuro,,Morno,31/12/2025
CLI002161,Helena Andrade Silva,Feminino,52,(17) 92955-1247,Indicação,Tiguan Allspace,Financiamento,25,Sim,08/11/2025,Negociação,,Quente,29/11/2025
CLI002162,Patrícia Duarte,Feminino,70,(15) 96579-1083,Site,Saveiro,Financiamento,15,Sim,16/11/2025,Insucesso,Comprou em Outra Concessionária,Frio,29/11/2025
CLI002163,Natália Souza Duarte,Feminino,35,(11) 95330-4624,Instagram,T-Cross,Financiamento,25,Não,24/11/2025,interesse futuro,,Morno,31/12/2025
CLI002164,Gabriela Gomes,Feminino,47,(47) 98795-5417,Facebook Ads,Saveiro,Financiamento,20,Sim,25/11/2025,Sucesso,,Quente,18/12/2025
CLI001755,Helena Castro,Feminino,44,(27) 94881-9086,OLX,T-Cross,Financiamento,40,Não,30/11/2025,Agendamento,,Morno,06/12/2025
CLI002166,Sofia Ribeiro,Feminino,29,(17) 94196-8889,WHATSAPP,Virtus,À Vista,,Sim,03/11/2025,Sucesso,,Morno,21/11/2025
CLI002167,Ricardo Nunes Ribeiro,Masculino,40,(27) 96050-1976,OLX,Polo,À Vista,,Sim,05/11/2025,Sucesso,,Quente,16/11/2025
CLI002168,Luana Monteiro,Feminino,40,(17) 96890-3779, WhatsApp  ,Saveiro,Financiamento,20,Não,07/11/2025,Primeiro Contato,,Frio,13/11/2025
CLI002169,Ana Lopes,Feminino,55,(11) 91088-1979,Loja Física,T-Cross,À Vista,,Não,19/11/2025,Interesse Futuro,,Frio,31/12/2025
CLI002170,Renata Gomes Soares,Feminino,29,(32) 98729-7039,WhatsApp,Virtus,À Vista,,Não,11/11/2025,Insucesso,Comprou em Outra Concessionária,Frio,09/12/2025
CLI002171,Vitória Castro,Feminino,49,(31) 95455-9913,Instagram,Polo,Financiamento,10,Sim,30/11/2025,Sucesso,,Quente,29/12/2025
CLI002172,Pedro Batista,Masculino,30,(27) 97958-8706,Instagram,Virtus,Financiamento,20,Sim,30/11/2025,Sucesso,,Quente,31/12/2025
CLI002173,  Vinícius Andrade ,Masculino,29,(19) 96197-7043,Instagram,Saveiro,Financiamento,40,Não,10/11/2025,Agendamento,,Quente,22/11/2025
CLI002174,Carlos Souza Castro,Masculino,24,(61) 91731-8200,Facebook Ads,T-Cross,À Vista,,Não,27/11/2025,Interesse Futuro,,Frio,31/12/2025
CLI002175,Sabrina Rocha,,48,(11) 98025-9920,Loja Física,Tiguan Allspace,Financiamento,30,Sim,19/11/2025,Interesse Futuro,,Morno,29/11/2025
CLI002176,Caio Barbosa,Masculino,16,(24) 96229-3612,Google Ads,Nivus,Financiamento,20,Não,29/11/2025,Negociação,,Morno,05/12/2025
CLI002177,Pedro Cardoso,Masculino,36,(31) 98629-7493,Google Ads,Nivus,Financiamento,25,Sim,13/11/2025,Sucesso,,Quente,18/12/2025
CLI002178,Patrícia Martins,Feminino,49,(11) 92977-0642,Instagram,Polo,Financiamento,30,Sim,24/11/2025,Agendamento,,Morno,05/12/2025
CLI002179,Bruno Rodrigues Ribeiro,Masculino,48,(11) 99708-7306,WhatsApp,Saveiro,Financiamento,35,Não,08/11/2025,Primeiro Contato,,Frio,08/11/2025
CLI002180,Fernanda Rezende,Feminino,55,(61) 97757-9730,Instagram,T-Cross,Financiamento,30,Sim,13/11/2025,Sucesso,,Quente,22/11/2025
CLI002181,André Ramos,Masculino,37,(71) 95345-0959,WhatsApp,Amarok,Financiamento,35,Não,02/12/2025,Insucesso,Crédito Negado,Frio,31/12/2025
CLI002182,Carlos Barbosa,Masculino,34,(19) 98515-7190,OLX,T-Cross,Financiamento,30,S,19/12/2025,Insucesso,Contato Sem Sucesso,Quente,31/12/2025
CLI002183,Vinícius Rocha Freitas,Masculino,66,(85) 96192-7844,Facebook Ads,Saveiro,Financiamento,20,Não,19/12/2025,Negociação,,Morno,21/12/2025
CLI002184,Marcos Mendes Batista,Masculino,39,(61) 97136-0227,Site,T-Cross,Financiamento,10,Não,23/12/2025,Primeiro Contato,,Frio,26/12/2025
CLI002185,Clara Monteiro,Feminino,44,(32) 95785-8798,Instagram,Polo,Financiamento,15,Sim,12/10/2025,Sucesso,,Quente,12/21/2025
CLI002186,Isabela Lima,Feminino,24,(71) 93320-1408,Google Ads,Polo,Financiamento,25,Não,19/12/2025,Primeiro Contato,,Quente,26/12/2025
CLI002187,Mateus Ribeiro Teixeira,Masculino,52,(21) 9999,Site,Polo,Financiamento,30,Não,09/12/2025,Sucesso,,Quente,31/12/2025
CLI002188,Paulo Silva Pereira,Masculino,33,(17) 98864-1387,Instagram,Taos,Financiamento,20,Não,08/12/2025,Negociação,,Quente,31/12/2025
CLI002189,Larissa Silva Souza,Feminino,40,(51) 91573-0111,WhatsApp,Nivus,Financiamento,25,Sim,01/12/2025,Negociação,Comprou em Outra Concessionária,Quente,19/12/2025
CLI002190,Bruno Pereira,Masculino,40,(61) 98434-4853,Instagram,T-Cross,Financiamento,20,Sim,03/12/2025,Primeiro Contato,,Morno,04/12/2025
CLI002191,Isabela Monteiro,Feminino,62,(11) 92664-2179,Site,Amarok,Financiamento,10,Não,19/12/2025,Primeiro Contato,,Morno,21/12/2025
CLI002192,Patrícia Lopes Castro,Feminino,28,(17) 94408-6126,Indicação,T-Cross,Financiamento,40,Não,04/12/2025,Primeiro Contato,,Frio,08/12/2025
CLI002193,Carlos Rocha,Masculino,37,(71) 98868-5246,Instagram,Nivus,Financiamento,30,Sim,02/12/2025,Agendamento,,Quente,22/11/2025
CLI002194,Natália Oliveira,Feminino,35,(21) 92282-7298,OLX,Polo,Financiamento,25,Não,01/12/2025,Agendamento,,Morno,15/12/2025
CLI002195,Daniel Pereira Rodrigues,Masculino,46,(11) 96233-0857,WhatsApp,T-Cross,Financiamento,30,Não,02/12/2025,Interesse Futuro,,Morno,31/12/2025
CLI002196,Mateus Ferreira,Masculino,41,(12) 99274-6691,WhatsApp,T-Cross,À Vista,,Sim,09/12/2025,Sucesso,,Morno,29/12/2025
CLI002197,André Nunes,Masculino,60,(51) 96907-4333,OLX,Virtus,Financiamento,15,Sim,13/12/2025,Agendamento,,Morno,17/12/2025
CLI001537,Ana Carvalho,Feminino,28,(62) 94885-0307,WhatsApp,Tiguan Allspace,Financiamento,30,Sim,28/12/2025,Negociação,,Quente,31/12/2025
CLI002199,Murilo Rodrigues,Masculino,50,(19) 99023-8321,Indicação,Saveiro,À Vista,,Sim,20/12/2025,Sucesso,,Quente,31/12/2025
CLI002200,Sofia Ramos,Feminino,38,(11) 99241-7568,Instagram,Saveiro,À Vista,,Não,12/12/2025,Agendamento,,Morno,25/12/2025
CLI002201,Isabela Silva,Feminino,32,(32) 92498-7445,Instagram,Amarok,Financiamento,25,Sim,2025-12-04,Primeiro Contato,,Frio,06/12/2025
CLI000337,Rafaela Gonçalves,Feminino,33,(71) 99083-1300,Site,Nivus,Financiamento,30,Não,24/12/2025,Interesse Futuro,,Quente,31/12/2025
CLI002203,João Batista,Masculino,40,(47) 94795-5714,Instagram,Amarok,Financiamento,25,Sim,24/12/2025,Agendamento,Crédito Negado,Morno,31/12/2025
CLI002204,Renan Rodrigues,Masculino,40,(48) 93527-5290,OLX,T-Cross,Financiamento,,Sim,26/12/2025,Negociação,,Quente,31/12/2025
CLI002205,Isabela Mendes Melo,Feminino,39,(21) 9999,Indicação,Polo,Financiamento,15,Sim,23/12/2025,Sucesso,,Quente,31/12/2025
CLI002206,Vinícius Barros Martins,Masculino,33,(11) 99221-4732,Instagram,Polo,Financiamento,30,Não,15/12/2025,INTERESSE FUTURO ,,Quente,31/12/2025
CLI002207,Natália Castro Mendes,Feminino,38,(17) 93175-7873,Indicação,Saveiro,À Vista,,Sim,2025-12-06,Negociação,,Quente,2025-12-31
CLI002208,Lucas Santana Mendes,Masculino,55,(21) 92979-6674,Site,Virtus,Financiamento,25,sim,17/12/2025,Negociação,,Quente,20/12/2025
CLI002209,Camila Duarte Alves,Feminino,,(11) 98818-4534,Loja Física,Amarok,Financiamento,30,Sim,10/12/2025,Negociação,,Morno,31/12/2025
CLI002210,Bianca Santana Freitas,Feminino,66,(51) 96271-4420,Indicação,T-Cross,Financiamento,15,Não,25/12/2025,Negociação,,Morno,31/12/2025
CLI002211,Guilherme Gomes Souza,Masculino,28,(17) 96914-5378,Instagram,Saveiro,Financiamento,50,Não,07/12/2025,Primeiro Contato,,Morno,07/12/2025
CLI000406,André Rezende,Masculino,40,(11) 92575-9876,Indicação,Polo,À Vista,,Não,24/12/2025,Primeiro Contato,,Frio,31/12/2025
CLI002213,Rafael Moraes Monteiro,Masculino,49,(51) 99886-9518,Google Ads,Taos,Financiamento,25,Não,22/12/2025,Insucesso,Comprou em Outra Concessionária,Morno,24/12/2025
CLI002214,Bruna Santos,,35,(11) 93905-3844,Instagram,Polo,Financiamento,20,Não,02/12/2025,Agendamento,,Morno,10/12/2025
CLI002215,Lucas Oliveira,Masculino,35,(85) 92046-5667,Site,Saveiro,À Vista,,Não,12/12/2025,Primeiro Contato,,Frio,17/12/2025
CLI002216,Lucas Araújo Mendes,Masculino,44,(41) 95466-7155,Site,T-Cross,Financiamento,10,Não,02/12/2025,Insucesso,,Morno,31/12/2025
CLI002217,Rafael Monteiro,Masculino,46,(81) 93545-3324,Instagram,Taos,Financiamento,25,Não,12/04/2025,Primeiro Contato,,Frio,04/12/2025
CLI002218,Leonardo Lima Martins,Masculino,38,(85) 91213-1651,Instagram,Saveiro,Financiamento,,Não,01/12/2025,Sucesso,,Quente,04/12/2025
CLI002219,Laura Gonçalves Almeida,Feminino,40,(61) 91069-5382,Instagram,Virtus,À Vista,,Sim,02/12/2025,Negociação,,Frio,28/12/2025
CLI002220,Tatiane Almeida,Feminino,54,(11) 98A77-6655,Indicação,Virtus,Financiamento,15,Sim,06/12/2025,Sucesso,,Quente,20/12/2025
CLI002221,Fernanda Melo,Feminino,24,(13) 95985-6112,Site,Saveiro,À Vista,,Não,14/12/2025,Insucesso,Comprou no Particular,Frio,31/12/2025
CLI002222,Patrícia Batista Lima,Feminino,41,(27) 98173-4340,WhatsApp,T-Cross,Financiamento,25,Não,21/12/2025,Primeiro Contato,,Frio,25/12/2025
CLI002223,Renan Mendes Rodrigues,Masculino,51,(13) 96127-2615,Instagram,Saveiro,Financiamento,20,Não,09/12/2025,Negociação,,Quente,23/12/2025
CLI002224,Marina Castro Melo,Feminino,52,(16) 95713-8014,WhatsApp,Nivus,Financiamento,35,Sim,16/12/2025,Sucesso,,Morno,31/12/2025
CLI002225,Letícia Gonçalves,Feminino,25,(51) 96684-4172,Google Ads,T-Cross,Financiamento,35,Sim,12/12/2025,Insucesso,Financeiro,Quente,31/12/2025
CLI002226,Mariana Almeida Duarte,Feminino,42,(41) 97398-9494,Indicação,Virtus,Financiamento,25,Não,04/12/2025,Agendamento,,Frio,08/12/2025
CLI002227,Gustavo Soares,Masculino,48,(81) 96716-6751,Facebook Ads,Polo,À Vista,,Não,04/12/2025,PRIMEIRO CONTATO ,,Frio,04/12/2025
CLI002228,Daniel Silva Nunes,Masculino,40,(11) 97796-7712,Instagram,Nivus,À Vista,,Sim,16/12/2025,Primeiro Contato,,Quente,23/12/2025
CLI002229,Marcelo Soares,Masculino,69,(16) 96223-9419,Indicação,Nivus,Financiamento,30,Sim,01/12/2025,Sucesso,,Quente,22/12/2025
CLI002230,Patrícia Silva,Feminino,43,(81) 94567-1813,Site,Polo,Financiamento,30,Sim,27/12/2025,Sucesso,,Quente,31/12/2025
CLI002231,Rafaela Monteiro,Feminino,58,(12) 91065-2621,WhatsApp,Saveiro,Financiamento,25,Não,21/12/2025,Insucesso,Produto Indisponível,Frio,2025-12-31
CLI002232,Bianca Martins,Feminino,29,(11) 97830-3262,Indicação,Amarok,Financiamento,25,Não,03/12/2025,Agendamento,,Morno,08/12/2025
CLI002233,Beatriz Freitas,Feminino,51,(15) 98503-3277,Site,Taos,À Vista,,Sim,16/12/2025,Sucesso,,Quente,31/12/2025
CLI002234,Luana Ramos Barbosa,Feminino,33,(41) 91956-1542,INSTAGRAM,Saveiro,Financiamento,20,Não,27/12/2025,Agendamento,,Morno,31/12/2025
CLI002235,Eduardo Nascimento,Masculino,53,(17) 91492-5638,Loja Física,Virtus,Financiamento,25,Não,10/12/2025,Insucesso,Produto Indisponível,Morno,31/12/2025
CLI002236,Clara Ribeiro,Feminino,27,(81) 97076-7367,WhatsApp,Polo,Financiamento,35,Sim,19/12/2025,Agendamento,,Frio,22/12/2025
CLI002237,Carolina Martins,Feminino,73,(21) 94374-0288,Instagram,Virtus,Financiamento,20,Sim,30/12/2025,Primeiro Contato,Contato Sem Sucesso,Frio,31/12/2025
CLI002238,Luana Barbosa Rocha,Feminino,52,(11) 92259-1229,WhatsApp,Polo,Financiamento,25,Não,22/12/2025,Insucesso,,Morno,31/12/2025
CLI002239,Luana Cardoso,Feminino,48,(48) 94131-3518,Facebook Ads,Polo,Financiamento,40,Sim,06/12/2025,Sucesso,,Quente,31/12/2025
CLI002240,Carolina Moraes,Feminino,39,(31) 99284-3568,Google Ads,Saveiro,Financiamento,25,Sim,07/12/2025,Sucesso,,Quente,31/12/2025
CLI002241,Vitor Souza Rocha,Masculino,62,(17) 96050-0700,WhatsApp,Polo,Financiamento,20,Não,28/12/2025,Interesse Futuro,,Morno,31/12/2025
CLI002242,Vinícius Ramos,Masculino,31,(31) 94715-5764,Site,Saveiro,Financiamento,40,Sim,15/12/2025,Sucesso,,Quente,31/12/2025
CLI002243,Rafael Alves Freitas,Masculino,36,(62) 98612-0134,Loja Física,Virtus,À Vista,,Não,09/12/2025,Primeiro Contato,,Morno,14/12/2025
CLI002244,Marcos Almeida,Masculino,49,(11) 92226-6127,WhatsApp,Tiguan Allspace,Financiamento,30,Não,31/12/2025,Primeiro Contato,,Morno,31/12/2025
CLI002245,Ricardo Gomes,Masculino,46,(13) 98146-7084,WhatsApp,Polo,Financiamento,10,Não,20/12/2025,Primeiro Contato,,Morno,26/12/2025
CLI002246,Luana Cardoso Duarte,Feminino,53,(17) 93430-5926,Site,Virtus,Financiamento,25,Sim,27/12/2025,Agendamento,,Frio,29/12/2025
CLI002247,Rafael Gonçalves Lopes,Masculino,65,(61) 95137-2732,WhatsApp,T-Cross,Financiamento,20,Sim,04/12/2025,Insucesso,Financeiro,Frio,31/12/2025
CLI002248,Pedro Rodrigues Araújo,Masculino,26,(17) 98139-7932,Site,Polo,Financiamento,40,Sim,19/12/2025,Insucesso,Crédito Negado,Frio,31/12/2025
CLI002249,Beatriz Ribeiro,Feminino,46,(47) 99808-6582,OLX,Polo,À Vista,,Sim,15/12/2025,Interesse Futuro,,Morno,31/12/2025
CLI002250,Samuel Mendes,Masculino,59,(32) 94193-1633,WhatsApp,Saveiro,Financiamento,15,Sim,23/12/2025,Negociação,,Quente,31/12/2025
CLI002251,Paulo Gomes Souza,Masculino,46,(62) 91584-8438,Instagram,Amarok,Financiamento,20,Sim,09/12/2025,SUCESSO ,,Quente,18/12/2025
CLI002252,Clara Mendes,Feminino,56,(27) 93427-0151,Site,Saveiro,Financiamento,25,Não,04/12/2025,Primeiro Contato,,Quente,05/12/2025
CLI002253,Eduarda Rocha Gomes,Feminino,52,(11) 95359-5825,Site,Polo,Financiamento,15,Sim,04/12/2025,Sucesso,,Quente,31/12/2025
CLI002254,Tatiane Almeida,Feminino,54,(27) 99381-8652,WhatsApp,Polo,À Vista,,Não,01/12/2025,Insucesso,Produto Indisponível,Morno,31/12/2025
CLI002255,Sabrina Almeida Alves,Feminino,49,(47) 93574-6958,WhatsApp,Saveiro,Financiamento,25,Sim,10/12/2025,Sucesso,,Quente,31/12/2025
CLI002256,Caio Rezende Carvalho,Masculino,42,(32) 91109-0182,Loja Física,Tiguan Allspace,Financiamento,35,Sim,31/12/2025,Sucesso,,Quente,31/12/2025
CLI002257,Rodrigo Andrade Rocha,Masculino,55,(11) 97213-5276,Loja Física,Taos,Financiamento,20,Não,19/12/2025,Sucesso,,Quente,25/12/2025
CLI002258,Lucas Costa,Masculino,53,(19) 95222-9915,Google Ads,Polo,Financiamento,15,Não,05/12/2025,Primeiro Contato,,Frio,05/12/2025
CLI002259,Patrícia Rocha Cardoso,Feminino,37,(24) 98413-9342,Instagram,T-Cross,Financiamento,25,Sim,12/12/2025,Agendamento,,Quente,26/12/2025
CLI002260,Isabela Cardoso,Feminino,47,(27) 93573-7051,LOJA FÍSICA,Polo,Financiamento,20,Sim,17/12/2025,Negociação,,Quente,31/12/2025
CLI002261,Patrícia Andrade,Feminino,30,(12) 95208-3510,Loja Física,Nivus,À Vista,,Não,07/12/2025,Interesse Futuro,,Morno,30/11/2025
CLI002262,BRUNO DIAS,Masculino,43,(24) 93796-8390,Loja Física,Polo,Financiamento,25,Não,20/12/2025,Agendamento,,Quente,31/12/2025
CLI002263,Larissa Soares,Feminino,35,(11) 93469-1034,Loja Física,Nivus,Financiamento,15,Sim,08/12/2025,Interesse Futuro,,Morno,31/12/2025
CLI002264,Sofia Ramos,Feminino,31,(11) 93764-8511,Loja Física,Polo,À Vista,,Não,20/12/2025,Primeiro Contato,,Frio,2025-12-25
CLI002265,Mariana Lima,Feminino,30,(11) 99818-4437,Site,Tiguan Allspace,Financiamento,25,Não,09/12/2025,Primeiro Contato,,Frio,14/12/2025
CLI002266,Mariana Freitas,Feminino,46,(41) 91329-0754,Instagram,Tiguan Allspace,Financiamento,30,Sim,20/12/2025,Negociação,,Quente,31/12/2025
CLI002267,Sabrina Lima,Feminino,15,(32) 93171-1279,Instagram,Polo,Financiamento,30,Sim,21/12/2025,Agendamento,,Morno,27/12/2025
CLI002268,Paulo Rocha,Masculino,33,(27) 95467-8545,Google Ads,Polo,À Vista,,Sim,27/12/2025,Agendamento,,Frio,30/12/2025
CLI002269,Clara Ramos Soares,Feminino,15,(32) 97639-7947,WhatsApp,T-Cross,À Vista,,Não,15/12/2025,Primeiro Contato,,Frio,15/12/2025
CLI002270,Vitor Dias Barros,Masculino,54,(81) 95959-1175,Instagram,Polo,Financiamento,30,Sim,02/12/2025,Sucesso,,Quente,31/12/2025
CLI002271,Luana Lopes Santos,Feminino,41,(81) 91211-8082,OLX,Saveiro,Financiamento,25,Não,22/12/2025,Insucesso,Crédito Negado,Frio,31/12/2025
CLI002272,Luana Duarte,Feminino,35,(13) 99839-7618,OLX,T-Cross,Financiamento,35,Sim,04/12/2025,Interesse Futuro,,Morno,18/12/2025
CLI002273,Leonardo Barbosa,Masculino,63,(11) 97416-4018,OLX,Nivus,Financiamento,25,Sim,31/12/2025,Agendamento,,Morno,31/12/2025
CLI002274,Gabriel Melo,Masculino,46,(15) 96579-2803,Facebook Ads,T-Cross,Financiamento,50,Não,15/12/2025,Primeiro Contato,,Morno,16/12/2025
CLI002275,Valentina Moraes,Feminino,46,(47) 99819-4661,Indicação,Amarok,Financiamento,,Sim,08/12/2025,Insucesso,Contato Sem Sucesso,Frio,31/12/2025
CLI002276,Rafaela Rezende,Feminino,54,(85) 94999-5460,Indicação,Virtus,Financiamento,40,Não,22/12/2025,Primeiro Contato,,Morno,26/12/2025
CLI002277,Henrique Rocha,Masculino,29,(24) 96394-1125,Google Ads,Nivus,Financiamento,35,Sim,22/12/2025,Primeiro Contato,,Frio,10/12/2025
CLI002278,Daniela Nunes Ramos,Feminino,43,(24) 93140-0484,Indicação,Nivus,À Vista,,Não,2025-12-07,Agendamento,,Morno,14/12/2025
CLI002279,Helena Silva,Feminino,37,(11) 93657-8618,Site,Polo,À Vista,,Sim,15/12/2025,Sucesso,,Quente,31/12/2025
CLI002280,Fernando Carvalho Monteiro,Masculino,46,(27) 99234-1411,Indicação,Taos,Financiamento,25,Não,14/12/2025,Negociação,,Frio,23/12/2025
CLI002281,Natália Lima,Feminino,73,(16) 97337-4317,WhatsApp,T-Cross,Financiamento,15,Não,04/12/2025,Primeiro Contato,,Morno,06/12/2025
CLI002282,Eduarda Lima Silva,Feminino,43,(48) 93733-7734,Google Ads,Nivus,Financiamento,35,Sim,08/12/2025,Interesse Futuro,,Frio,31/12/2025
CLI002283,Rafaela Santana Alves,Feminino,51,(47) 92936-7554,Loja Física,Taos,Financiamento,50,Não,01/12/2025,Insucesso,Comprou em Outra Concessionária,Morno,31/12/2025
CLI002284,Samuel Rocha,Masculino,45,(47) 91741-1141,Google Ads,Nivus,À Vista,,Não,10/12/2025,Sucesso,,Morno,31/12/2025
CLI002285,Clara Soares Barbosa,Feminino,46,(17) 97894-1416,WhatsApp,Virtus,Financiamento,35,Sim,16/12/2025,Sucesso,,Morno,31/12/2025
CLI002286,Letícia Almeida,Feminino,59,(12) 99251-5449,Instagram,T-Cross,Financiamento,30,Não,14/12/2025,Interesse Futuro,,Morno,31/12/2025
CLI002287,Eduardo Rocha,Masculino,42,(47) 97563-6055,Google Ads,Amarok,Financiamento,,Não,03/12/2025,Negociação,,Morno,07/12/2025
CLI002288,André Barbosa,Masculino,30,(61) 98775-1872,Instagram,Taos,Financiamento,20,Não,27/12/2025,Primeiro Contato,Crédito Negado,Morno,27/12/2025
CLI002289,Natália Ramos,Feminino,51,(47) 98997-6659,Site,Polo,Financiamento,15,Não,05/12/2025,Primeiro Contato,,Morno,12/12/2025
CLI002290,Vinícius Ferreira,Masculino,46,(11) 98A77-6655,Instagram,Amarok,Financiamento,20,Não,11/12/2025,Primeiro Contato,,Frio,11/12/2025
CLI002291,Clara Almeida,Feminino,33,(47) 91418-6854,Indicação,Saveiro,À Vista,,Não,13/12/2025,Interesse Futuro,,Quente,31/12/2025
CLI002292,Renata Silva Lopes,Feminino,54,(12) 96112-2474,Indicação,Virtus,Financiamento,,Não,05/12/2025,Interesse Futuro,,Morno,31/12/2025
CLI002293,Henrique Ferreira Almeida,Masculino,49,(21) 99455-1514,Site,Taos,Financiamento,20,Não,01/12/2025,Agendamento,,Morno,06/12/2025
CLI002294,Rafael Duarte,Masculino,37,(48) 94905-3842,Loja Física,Polo,À Vista,,Não,28/12/2025,Sucesso,,Quente,31/12/2025
CLI002295,Gustavo Lima Souza,Masculino,35,(11) 93313-4584,Google Ads,Polo,Financiamento,35,Sim,06/12/2025,Negociação,,Quente,31/12/2025
CLI002296,Daniel Monteiro,Masculino,103,(11) 92406-0564,Instagram,Polo,Financiamento,20,Sim,27/12/2025,Negociação,,Quente,31/12/2025
CLI002297,Sofia Melo,Feminino,51,(24) 99384-4700,Loja Física,Saveiro,À Vista,,Sim,28/12/2025,Negociação,,Morno,31/12/2025
CLI002298,Camila Mendes,Feminino,63,(11) 96867-6050,Google Ads,Taos,Financiamento,20,Sim,17/12/2025,Sucesso,,Quente,22/12/2025
CLI002299,João Ribeiro,Masculino,33,(13) 91450-8497,Site,Saveiro,Financiamento,30,Não,23/12/2025,Primeiro Contato,,Quente,30/12/2025
CLI002300,Diego Lima,Masculino,47,(51) 92833-0898,Instagram,Polo,Financiamento,30,Não,05/12/2025,Insucesso,Financeiro,Morno,31/12/2025
CLI002301,Fernanda Silva Barros,Feminino,43,(47) 97766-0053,Site,Taos,À Vista,,Não,16/12/2025,Insucesso,Produto Indisponível,Frio,30/12/2025
